invoice_id,subscription_id,invoiced_amount,invoice_date
inv_90000,sub_53528,892.85,2023-07-06
inv_90001,sub_52979,1225.69,2024-06-19
inv_90002,sub_53795,1431.83,2023-04-07
inv_90003,sub_50892,1032.46,2023-04-10
inv_90004,sub_50000,301.29,2023-12-01
inv_90005,sub_53720,789.39,2024-04-10
inv_90006,sub_51905,1304.31,2023-03-29
inv_90007,sub_50232,1342.69,2023-04-05
inv_90008,sub_50680,105.64,2024-12-03
inv_90009,sub_51039,1082.56,2024-11-19
inv_90010,sub_52377,359.75,2024-05-02
inv_90011,sub_52489,552.77,2024-01-21
inv_90012,sub_50924,792.12,2023-11-06
inv_90013,sub_51319,389.8,2023-10-10
inv_90014,sub_53529,598.62,2023-04-27
inv_90015,sub_52539,637.67,2023-06-27
inv_90016,sub_53387,304.42,2024-11-26
inv_90017,sub_50193,33.4,2024-03-30
inv_90018,sub_50954,598.61,2024-04-21
inv_90019,sub_53194,1307.75,2023-12-19
inv_90020,sub_51959,1399.74,2023-02-06
inv_90021,sub_52122,123.25,2023-03-07
inv_90022,sub_52846,816.4,2024-12-27
inv_90023,sub_50050,1411.97,2024-04-11
inv_90024,sub_52027,1319.85,2024-07-07
inv_90025,sub_50927,337.05,2024-03-13
inv_90026,sub_52156,293.91,2023-03-07
inv_90027,sub_51190,1045.26,2025-01-01
inv_90028,sub_51240,606.86,2023-12-30
inv_90029,sub_53942,559.3,2023-12-25
inv_90030,sub_53655,348.79,2023-03-05
inv_90032,sub_51680,1301.91,2024-07-26
inv_90033,sub_52494,1063.13,2023-11-14
inv_90034,sub_53474,1407.89,2024-04-30
inv_90035,sub_51307,677.83,2023-03-14
inv_90036,sub_51119,794.61,2023-03-06
inv_90037,sub_50720,1498.93,2023-12-25
inv_90038,sub_50538,937.26,2024-11-26
inv_90039,sub_51660,530.74,2024-09-15
inv_90040,sub_53356,753.47,2023-09-14
inv_90041,sub_51128,688.17,2023-01-10
inv_90042,sub_50269,1007.03,2023-12-08
inv_90043,sub_52258,977.01,2024-03-03
inv_90044,sub_52155,1295.59,2023-10-17
inv_90045,sub_53791,874.91,2023-06-25
inv_90046,sub_51821,1207.27,2024-01-05
inv_90047,sub_51049,509.84,2023-06-23
inv_90048,sub_53571,804.02,2023-06-02
inv_90049,sub_51123,63.23,2023-05-22
inv_90050,sub_50771,67.88,2024-06-17
inv_90051,sub_53008,883.94,2023-03-16
inv_90052,sub_50558,259.9,2024-08-17
inv_90053,sub_51155,307.95,2024-03-26
inv_90054,sub_50430,1456.23,2023-11-17
inv_90055,sub_50148,178.44,2023-06-02
inv_90056,sub_53434,1330.9,2023-09-10
inv_90057,sub_52341,461.75,2023-11-13
inv_90058,sub_52715,213.04,2024-12-07
inv_90059,sub_52414,103.04,2024-08-05
inv_90060,sub_51239,79.89,2024-03-28
inv_90061,sub_53386,734.62,2023-09-24
inv_90063,sub_52323,278.9,2024-06-05
inv_90064,sub_50829,227.92,2024-08-02
inv_90065,sub_51515,1230.93,2023-04-25
inv_90066,sub_50024,894.05,2024-03-12
inv_90067,sub_53631,1056.22,2024-12-28
inv_90068,sub_51849,65.65,2023-07-01
inv_90069,sub_53633,458.25,2023-03-07
inv_90070,sub_50300,1134.08,2024-08-14
inv_90071,sub_53534,921.35,2023-11-02
inv_90072,sub_52955,696.71,2024-07-24
inv_90073,sub_53143,690.44,2024-02-29
inv_90074,sub_50585,919.92,2024-04-28
inv_90075,sub_51117,1123.81,2024-02-03
inv_90076,sub_51806,918.06,2023-01-03
inv_90077,sub_52846,1338.42,2023-05-31
inv_90078,sub_50483,1403.55,2024-05-12
inv_90079,sub_53453,840.79,2023-03-17
inv_90080,sub_52653,887.17,2024-11-26
inv_90081,sub_53862,221.75,2024-09-10
inv_90082,sub_53217,61.34,2023-02-26
inv_90083,sub_51656,1116.2,2024-10-28
inv_90084,sub_51036,1425.48,2024-02-07
inv_90085,sub_51190,283.0,2024-05-26
inv_90086,sub_53889,387.03,2024-01-10
inv_90087,sub_52708,674.2,2024-02-01
inv_90088,sub_50781,1020.35,2024-01-10
inv_90089,sub_52100,1280.55,2024-04-15
inv_90090,sub_50790,163.76,2023-03-29
inv_90091,sub_53566,338.33,2023-10-23
inv_90092,sub_52983,925.85,2023-11-18
inv_90094,sub_51309,623.5,2023-10-25
inv_90095,sub_51279,1499.58,2023-05-03
inv_90096,sub_50841,262.7,2024-07-03
inv_90097,sub_50452,1312.5,2024-01-18
inv_90098,sub_53818,591.59,2023-07-27
inv_90099,sub_51720,760.11,2023-08-13
inv_90100,sub_53597,368.64,2024-11-08
inv_90101,sub_52969,235.02,2024-12-28
inv_90102,sub_50140,1068.54,2024-03-16
inv_90103,sub_50015,1285.21,2023-10-27
inv_90104,sub_51581,1030.64,2024-11-18
inv_90105,sub_51810,1462.75,2023-02-04
inv_90106,sub_51925,217.27,2024-06-25
inv_90107,sub_53808,1303.21,2023-02-16
inv_90108,sub_53104,1079.33,2024-06-10
inv_90109,sub_51956,943.6,2024-09-11
inv_90110,sub_51979,171.48,2024-05-14
inv_90111,sub_53803,915.32,2023-01-23
inv_90112,sub_52214,1201.99,2024-07-24
inv_90113,sub_50333,491.65,2024-12-16
inv_90114,sub_50654,745.54,2024-12-14
inv_90115,sub_50434,127.05,2023-06-16
inv_90116,sub_52020,495.88,2023-01-15
inv_90117,sub_51907,958.69,2023-07-29
inv_90118,sub_53967,1141.34,2023-03-26
inv_90119,sub_53486,1499.26,2023-09-02
inv_90120,sub_50767,72.55,2023-02-28
inv_90121,sub_53278,1308.37,2024-02-12
inv_90122,sub_53445,389.87,2023-06-16
inv_90123,sub_53439,272.73,2024-02-01
inv_90125,sub_52630,1266.37,2024-08-18
inv_90126,sub_53303,1228.87,2024-07-30
inv_90127,sub_52551,1405.49,2023-03-23
inv_90128,sub_53275,174.54,2023-03-26
inv_90129,sub_50868,58.99,2023-08-23
inv_90130,sub_51722,593.56,2024-09-05
inv_90131,sub_52884,619.28,2023-04-23
inv_90132,sub_52369,670.65,2024-03-17
inv_90133,sub_53223,1457.83,2024-03-24
inv_90134,sub_52147,119.52,2023-06-27
inv_90135,sub_51643,581.91,2023-04-07
inv_90136,sub_53103,420.84,2024-03-19
inv_90137,sub_53256,827.61,2024-02-21
inv_90138,sub_52719,1040.54,2024-08-17
inv_90139,sub_52019,80.75,2024-03-31
inv_90140,sub_50881,1399.18,2023-04-24
inv_90141,sub_53316,224.31,2023-03-16
inv_90142,sub_52735,1095.23,2023-05-24
inv_90143,sub_50348,1221.15,2023-05-07
inv_90144,sub_53166,939.14,2024-03-30
inv_90145,sub_53643,983.2,2023-01-20
inv_90146,sub_52485,1268.73,2023-06-07
inv_90147,sub_51878,344.06,2024-03-15
inv_90148,sub_51945,320.95,2023-09-16
inv_90149,sub_53947,859.83,2023-06-03
inv_90150,sub_52269,1261.46,2023-05-28
inv_90151,sub_51766,742.55,2024-02-29
inv_90152,sub_53010,156.54,2024-04-03
inv_90153,sub_52048,1269.33,2023-01-10
inv_90154,sub_51327,464.35,2023-12-23
inv_90156,sub_50524,45.57,2023-04-19
inv_90157,sub_50518,1109.84,2024-06-08
inv_90158,sub_53345,724.78,2023-09-12
inv_90159,sub_51924,38.7,2023-10-04
inv_90160,sub_51090,935.54,2024-05-29
inv_90161,sub_51868,736.38,2024-12-18
inv_90162,sub_52828,563.18,2024-10-25
inv_90163,sub_53515,1441.13,2023-05-09
inv_90164,sub_53110,1420.06,2024-05-19
inv_90165,sub_52272,1201.13,2023-05-29
inv_90166,sub_52815,549.02,2024-06-02
inv_90167,sub_50957,338.04,2024-07-30
inv_90168,sub_52805,852.91,2024-08-28
inv_90169,sub_52013,1333.42,2024-11-12
inv_90170,sub_52368,336.61,2024-05-28
inv_90171,sub_51722,1360.95,2023-09-30
inv_90172,sub_50650,194.02,2023-03-11
inv_90173,sub_50330,1366.3,2023-05-17
inv_90174,sub_52896,1212.87,2023-03-10
inv_90175,sub_50028,889.81,2023-03-09
inv_90176,sub_52964,219.84,2024-12-29
inv_90177,sub_50618,729.23,2023-11-19
inv_90178,sub_51546,994.33,2023-12-26
inv_90179,sub_50782,918.21,2024-07-27
inv_90180,sub_52878,335.0,2024-05-17
inv_90181,sub_51752,1078.7,2024-10-05
inv_90182,sub_51913,357.87,2023-06-10
inv_90183,sub_51726,1136.41,2023-11-11
inv_90184,sub_50663,664.78,2024-03-01
inv_90185,sub_53159,686.26,2023-08-05
inv_90187,sub_53359,319.17,2024-11-05
inv_90188,sub_50560,738.98,2024-09-20
inv_90189,sub_52760,416.21,2023-10-17
inv_90190,sub_50153,1496.73,2024-04-13
inv_90191,sub_50296,1056.05,2024-02-20
inv_90192,sub_50580,1155.73,2024-05-11
inv_90193,sub_51641,665.27,2024-05-07
inv_90194,sub_52164,1076.31,2024-12-14
inv_90195,sub_51259,792.17,2023-01-29
inv_90196,sub_52624,486.74,2023-09-14
inv_90197,sub_53973,194.21,2023-03-23
inv_90198,sub_52901,54.52,2024-02-16
inv_90199,sub_51611,1369.14,2023-02-15
inv_90200,sub_52966,247.15,2024-12-19
inv_90201,sub_53525,754.1,2024-09-22
inv_90202,sub_51243,513.65,2023-07-27
inv_90203,sub_52979,544.99,2024-02-25
inv_90204,sub_50026,909.47,2023-02-23
inv_90205,sub_50311,992.68,2024-06-16
inv_90206,sub_50058,615.33,2023-03-15
inv_90207,sub_50239,1328.38,2024-10-03
inv_90208,sub_51387,1300.92,2024-01-09
inv_90209,sub_52812,21.88,2023-07-28
inv_90210,sub_52627,610.91,2023-08-11
inv_90211,sub_52794,1176.81,2024-03-16
inv_90212,sub_50702,1469.64,2024-05-01
inv_90213,sub_51320,52.06,2024-10-08
inv_90214,sub_51203,330.14,2023-07-09
inv_90215,sub_52949,640.67,2023-06-12
inv_90216,sub_51973,848.94,2024-02-03
inv_90218,sub_51160,1289.02,2024-01-20
inv_90219,sub_53690,1038.62,2023-07-29
inv_90220,sub_53897,688.85,2023-12-10
inv_90221,sub_52437,1128.76,2023-09-23
inv_90222,sub_52936,547.65,2024-05-09
inv_90223,sub_53472,1052.04,2023-05-28
inv_90224,sub_50875,1132.79,2024-04-27
inv_90225,sub_52614,1192.77,2023-02-14
inv_90226,sub_53070,505.87,2023-11-10
inv_90227,sub_50169,1116.68,2024-02-27
inv_90228,sub_51843,1413.83,2023-04-19
inv_90229,sub_51526,796.63,2024-05-22
inv_90230,sub_52500,490.96,2023-05-15
inv_90231,sub_51175,1093.67,2024-10-10
inv_90232,sub_52198,753.24,2023-10-07
inv_90233,sub_53425,167.37,2024-11-02
inv_90234,sub_53973,1257.79,2024-01-14
inv_90235,sub_53667,45.1,2023-12-06
inv_90236,sub_52014,1458.3,2023-09-22
inv_90237,sub_51254,875.44,2024-10-03
inv_90238,sub_51014,1300.95,2024-08-09
inv_90239,sub_50748,161.86,2024-07-22
inv_90240,sub_53267,197.63,2024-02-08
inv_90241,sub_51272,265.95,2023-10-10
inv_90242,sub_52932,1338.67,2023-10-17
inv_90243,sub_53138,309.41,2024-01-10
inv_90244,sub_51191,1121.73,2023-03-23
inv_90245,sub_52419,1498.69,2024-12-30
inv_90246,sub_53855,1269.46,2023-02-21
inv_90247,sub_50206,968.05,2024-12-26
inv_90249,sub_53984,509.75,2024-12-29
inv_90250,sub_51728,749.6,2024-09-02
inv_90251,sub_52534,252.14,2024-01-20
inv_90252,sub_50550,467.45,2023-10-12
inv_90253,sub_53688,1081.95,2023-04-10
inv_90254,sub_53645,706.07,2024-07-10
inv_90255,sub_52692,116.27,2023-11-06
inv_90256,sub_52141,1022.44,2023-02-13
inv_90257,sub_52200,923.31,2024-02-03
inv_90258,sub_51476,1443.41,2024-10-27
inv_90259,sub_53796,846.51,2023-04-16
inv_90260,sub_51223,622.91,2023-06-05
inv_90261,sub_52690,1443.15,2023-04-30
inv_90262,sub_52834,133.88,2024-08-19
inv_90263,sub_50910,1230.94,2024-01-26
inv_90264,sub_52204,707.21,2024-01-07
inv_90265,sub_51961,427.39,2023-04-03
inv_90266,sub_50698,1362.19,2025-01-01
inv_90267,sub_52081,720.66,2024-05-12
inv_90268,sub_50048,1023.88,2023-10-01
inv_90269,sub_51262,1391.79,2023-03-14
inv_90270,sub_52206,592.83,2023-10-31
inv_90271,sub_52700,114.13,2024-09-09
inv_90272,sub_50212,395.85,2024-07-06
inv_90273,sub_50214,771.11,2024-02-22
inv_90274,sub_50575,1075.33,2024-06-17
inv_90275,sub_53112,1208.17,2023-08-26
inv_90276,sub_51300,1097.4,2023-12-02
inv_90277,sub_52598,732.8,2023-10-16
inv_90278,sub_50753,711.0,2024-08-23
inv_90280,sub_50340,1095.89,2024-12-22
inv_90281,sub_50261,242.9,2024-11-02
inv_90282,sub_52387,1227.27,2023-08-23
inv_90283,sub_53889,515.85,2024-10-05
inv_90284,sub_50551,1084.91,2023-10-23
inv_90285,sub_50488,263.55,2024-03-10
inv_90286,sub_51697,616.66,2023-07-02
inv_90287,sub_53915,992.44,2024-03-11
inv_90288,sub_52300,1341.8,2024-02-06
inv_90289,sub_51689,1177.61,2023-02-14
inv_90290,sub_53451,1302.19,2024-09-20
inv_90291,sub_50014,1067.89,2024-06-11
inv_90292,sub_52244,510.22,2023-11-08
inv_90293,sub_50281,123.4,2023-03-20
inv_90294,sub_52929,196.14,2023-05-15
inv_90295,sub_50118,153.0,2023-02-04
inv_90296,sub_50633,1176.86,2023-04-03
inv_90297,sub_53528,1282.76,2024-01-14
inv_90298,sub_53574,1195.15,2023-06-04
inv_90299,sub_51899,1474.99,2024-12-08
inv_90300,sub_51826,1012.52,2023-04-04
inv_90301,sub_52644,423.98,2023-02-23
inv_90302,sub_51276,1377.75,2023-05-20
inv_90303,sub_53577,791.74,2024-04-28
inv_90304,sub_51664,449.55,2024-03-18
inv_90305,sub_52076,1413.04,2023-01-22
inv_90306,sub_53302,1424.14,2024-09-25
inv_90307,sub_50103,1067.6,2023-09-16
inv_90308,sub_53802,943.56,2023-11-25
inv_90309,sub_50639,583.38,2023-12-10
inv_90311,sub_53926,566.15,2023-10-28
inv_90312,sub_53005,1114.41,2023-10-11
inv_90313,sub_50384,1302.78,2024-05-12
inv_90314,sub_50595,1226.3,2024-07-26
inv_90315,sub_50439,176.13,2023-06-21
inv_90316,sub_50855,134.98,2023-09-26
inv_90317,sub_52287,809.18,2023-08-23
inv_90318,sub_51701,646.41,2023-02-03
inv_90319,sub_50717,920.33,2024-01-12
inv_90320,sub_51097,1382.89,2023-12-18
inv_90321,sub_53093,1485.09,2024-07-31
inv_90322,sub_52882,1325.89,2024-10-10
inv_90323,sub_53785,902.65,2023-12-04
inv_90324,sub_53365,1216.93,2023-07-08
inv_90325,sub_53508,629.69,2024-05-15
inv_90326,sub_50155,1238.43,2023-12-21
inv_90327,sub_51681,226.48,2024-12-17
inv_90328,sub_51186,439.95,2023-07-17
inv_90329,sub_53601,1176.86,2023-05-30
inv_90330,sub_52546,969.44,2024-12-28
inv_90331,sub_53815,1350.69,2023-04-01
inv_90332,sub_52892,157.89,2023-02-14
inv_90333,sub_52920,1255.02,2024-02-25
inv_90334,sub_50729,930.03,2023-09-10
inv_90335,sub_52315,1091.51,2024-10-14
inv_90336,sub_51776,155.35,2024-01-27
inv_90337,sub_50381,499.9,2023-04-15
inv_90338,sub_50034,1355.99,2023-01-08
inv_90339,sub_50833,753.6,2024-10-04
inv_90340,sub_52600,1279.11,2024-12-03
inv_90342,sub_50036,936.93,2024-09-21
inv_90343,sub_53789,778.62,2024-01-31
inv_90344,sub_50149,92.77,2024-05-23
inv_90345,sub_51911,1269.17,2023-12-02
inv_90346,sub_51831,1389.9,2024-01-06
inv_90347,sub_51483,1183.54,2023-12-05
inv_90348,sub_51579,224.61,2024-12-07
inv_90349,sub_50771,871.32,2023-10-18
inv_90350,sub_52034,635.75,2024-02-23
inv_90351,sub_53471,1498.85,2024-09-23
inv_90352,sub_50257,1110.28,2023-12-12
inv_90353,sub_51870,775.14,2024-01-19
inv_90354,sub_52537,1247.83,2024-11-10
inv_90355,sub_52996,30.17,2023-12-11
inv_90356,sub_50491,911.46,2024-07-17
inv_90357,sub_53782,1267.28,2024-08-23
inv_90358,sub_51281,902.82,2023-03-04
inv_90359,sub_51467,576.63,2023-08-09
inv_90360,sub_53364,209.68,2024-02-20
inv_90361,sub_53130,1239.8,2024-12-12
inv_90362,sub_51393,1105.14,2023-02-26
inv_90363,sub_50953,163.56,2023-09-12
inv_90364,sub_50103,773.59,2023-02-04
inv_90365,sub_50978,355.82,2023-06-16
inv_90366,sub_51131,627.22,2024-05-06
inv_90367,sub_51715,1003.48,2024-03-06
inv_90368,sub_52267,985.86,2024-04-01
inv_90369,sub_52997,27.84,2023-10-28
inv_90370,sub_50367,103.81,2023-02-24
inv_90371,sub_52550,998.42,2023-03-09
inv_90373,sub_53673,853.71,2024-03-20
inv_90374,sub_52029,273.24,2023-10-18
inv_90375,sub_53153,1484.33,2023-12-13
inv_90376,sub_51438,190.87,2024-10-08
inv_90377,sub_51835,73.12,2023-07-27
inv_90378,sub_51057,320.46,2023-10-17
inv_90379,sub_53248,868.64,2024-03-25
inv_90380,sub_53305,1324.46,2024-11-10
inv_90381,sub_50204,98.22,2024-10-30
inv_90382,sub_52566,1427.08,2024-05-19
inv_90383,sub_53951,946.43,2023-12-09
inv_90384,sub_53614,810.23,2024-10-30
inv_90385,sub_50898,1446.55,2024-10-25
inv_90386,sub_53259,475.93,2024-08-29
inv_90387,sub_51150,381.6,2024-05-14
inv_90388,sub_51164,746.21,2023-03-02
inv_90389,sub_51759,328.03,2024-07-25
inv_90390,sub_53923,518.99,2024-07-31
inv_90391,sub_52553,1291.89,2024-12-06
inv_90392,sub_53847,292.43,2024-02-13
inv_90393,sub_52955,323.42,2024-08-19
inv_90394,sub_52671,1033.56,2023-08-27
inv_90395,sub_51031,1474.33,2023-03-23
inv_90396,sub_53978,114.46,2024-01-08
inv_90397,sub_50560,546.97,2023-10-03
inv_90398,sub_53239,170.01,2024-02-13
inv_90399,sub_51448,1408.46,2024-03-17
inv_90400,sub_53888,1266.17,2023-08-05
inv_90401,sub_52891,356.6,2023-01-27
inv_90402,sub_51414,456.53,2024-02-18
inv_90404,sub_51130,776.68,2024-01-30
inv_90405,sub_53501,1309.7,2023-06-30
inv_90406,sub_51868,229.05,2024-02-21
inv_90407,sub_53123,1472.91,2023-09-10
inv_90408,sub_53755,944.44,2023-02-07
inv_90409,sub_50255,880.3,2024-10-11
inv_90410,sub_50605,1339.57,2023-06-08
inv_90411,sub_51140,1294.78,2023-03-16
inv_90412,sub_50374,721.74,2023-05-02
inv_90413,sub_51505,540.9,2023-07-16
inv_90414,sub_51757,1410.27,2023-09-05
inv_90415,sub_50461,1067.39,2023-10-25
inv_90416,sub_53874,252.0,2023-03-09
inv_90417,sub_50426,526.41,2023-04-15
inv_90418,sub_53137,1048.19,2024-08-17
inv_90419,sub_53776,946.66,2024-03-19
inv_90420,sub_53054,910.29,2023-09-01
inv_90421,sub_51719,30.58,2024-08-24
inv_90422,sub_52028,78.37,2023-07-14
inv_90423,sub_53544,933.01,2024-01-15
inv_90424,sub_51490,168.24,2023-04-06
inv_90425,sub_50096,1200.52,2024-10-07
inv_90426,sub_53478,861.35,2024-03-14
inv_90427,sub_53153,820.98,2024-03-15
inv_90428,sub_50796,512.71,2023-10-30
inv_90429,sub_50411,228.25,2023-01-10
inv_90430,sub_52750,1198.16,2023-12-31
inv_90431,sub_51551,1142.68,2023-11-05
inv_90432,sub_51280,388.88,2024-05-16
inv_90433,sub_50147,919.03,2023-09-17
inv_90435,sub_50853,772.23,2024-01-08
inv_90436,sub_50278,663.33,2023-07-23
inv_90437,sub_50448,248.45,2024-09-25
inv_90438,sub_50332,463.86,2023-05-16
inv_90439,sub_53022,303.92,2023-03-22
inv_90440,sub_51276,510.58,2023-10-10
inv_90441,sub_50232,382.37,2024-05-03
inv_90442,sub_52926,422.31,2023-12-17
inv_90443,sub_51043,661.06,2023-07-07
inv_90444,sub_50635,558.66,2024-08-04
inv_90445,sub_50570,1309.94,2024-05-26
inv_90446,sub_50303,1353.1,2023-07-07
inv_90447,sub_53993,952.44,2024-04-26
inv_90448,sub_51239,426.74,2024-11-17
inv_90449,sub_50432,454.52,2024-06-14
inv_90450,sub_51576,262.14,2024-11-16
inv_90451,sub_52932,740.58,2023-07-13
inv_90452,sub_50537,963.62,2023-10-20
inv_90453,sub_51323,304.81,2023-04-29
inv_90454,sub_53103,264.96,2024-08-08
inv_90455,sub_53028,204.73,2024-10-04
inv_90456,sub_51777,662.17,2023-02-28
inv_90457,sub_53514,418.88,2023-01-13
inv_90458,sub_53675,1038.43,2023-01-29
inv_90459,sub_53022,877.78,2024-08-21
inv_90460,sub_53720,353.2,2024-03-09
inv_90461,sub_52220,1106.53,2023-02-12
inv_90462,sub_50271,715.7,2023-03-19
inv_90463,sub_53894,564.03,2023-03-30
inv_90464,sub_52183,1294.93,2024-10-23
inv_90466,sub_53943,1137.48,2023-09-23
inv_90467,sub_53258,81.72,2023-03-03
inv_90468,sub_51301,395.26,2023-09-13
inv_90469,sub_52630,153.4,2024-11-17
inv_90470,sub_50662,208.03,2024-12-30
inv_90471,sub_53383,637.85,2024-08-20
inv_90472,sub_53966,294.94,2023-06-09
inv_90473,sub_51811,264.58,2024-10-11
inv_90474,sub_51262,1171.99,2024-10-10
inv_90475,sub_52750,551.32,2023-02-05
inv_90476,sub_53600,1436.35,2024-05-30
inv_90477,sub_52367,1349.15,2023-11-08
inv_90478,sub_51971,648.13,2023-10-14
inv_90479,sub_53925,940.43,2023-11-25
inv_90480,sub_50750,1070.95,2023-07-12
inv_90481,sub_50619,1275.75,2023-07-24
inv_90482,sub_52982,719.94,2024-10-23
inv_90483,sub_51212,1167.9,2023-06-11
inv_90484,sub_52623,628.62,2024-03-28
inv_90485,sub_50258,582.91,2024-07-15
inv_90486,sub_51046,377.13,2023-12-19
inv_90487,sub_50499,444.27,2023-10-21
inv_90488,sub_52973,1016.04,2023-05-18
inv_90489,sub_51596,79.15,2023-12-18
inv_90490,sub_50937,764.79,2024-01-07
inv_90491,sub_53658,545.41,2024-07-08
inv_90492,sub_52048,520.46,2024-08-08
inv_90493,sub_52414,165.31,2024-10-13
inv_90494,sub_52168,857.96,2023-03-05
inv_90495,sub_50900,1397.9,2024-04-28
inv_90497,sub_51120,1122.53,2024-08-14
inv_90498,sub_51431,1182.7,2024-07-22
inv_90499,sub_51369,333.13,2024-09-14
inv_90500,sub_53108,1164.13,2023-04-18
inv_90501,sub_50506,1135.05,2023-03-13
inv_90502,sub_50913,1317.32,2024-06-29
inv_90503,sub_53359,327.34,2023-03-25
inv_90504,sub_53683,295.8,2024-03-13
inv_90505,sub_50414,1341.31,2024-10-25
inv_90506,sub_53652,689.61,2023-05-23
inv_90507,sub_51460,1419.53,2024-08-11
inv_90508,sub_51866,326.24,2024-11-26
inv_90509,sub_50409,966.26,2023-06-01
inv_90510,sub_53250,964.03,2024-09-07
inv_90511,sub_52118,961.27,2023-09-12
inv_90512,sub_50894,1475.78,2023-05-27
inv_90513,sub_51790,502.26,2023-05-25
inv_90514,sub_52674,760.89,2023-01-02
inv_90515,sub_50226,1356.27,2023-10-18
inv_90516,sub_53283,1282.93,2024-09-17
inv_90517,sub_52238,831.93,2024-10-31
inv_90518,sub_52205,729.18,2023-01-10
inv_90519,sub_51459,398.54,2023-10-26
inv_90520,sub_50151,425.48,2023-09-09
inv_90521,sub_53573,1393.94,2024-07-23
inv_90522,sub_53601,98.55,2024-07-08
inv_90523,sub_53819,583.19,2024-02-25
inv_90524,sub_51354,788.21,2024-11-02
inv_90525,sub_50316,485.55,2023-08-02
inv_90526,sub_52548,387.23,2024-01-23
inv_90528,sub_53156,376.53,2024-09-21
inv_90529,sub_53996,332.03,2023-10-10
inv_90530,sub_53169,655.52,2023-12-24
inv_90531,sub_51095,859.74,2023-11-15
inv_90532,sub_51765,1391.57,2024-12-13
inv_90533,sub_53817,1354.95,2023-05-27
inv_90534,sub_50061,556.82,2024-06-19
inv_90535,sub_52283,795.58,2023-02-22
inv_90536,sub_51914,1354.59,2023-06-03
inv_90537,sub_51508,705.64,2023-03-31
inv_90538,sub_51674,293.4,2024-10-20
inv_90539,sub_52536,1029.28,2024-05-07
inv_90540,sub_53684,725.42,2024-03-01
inv_90541,sub_52482,210.38,2023-07-10
inv_90542,sub_50860,1384.72,2023-02-10
inv_90543,sub_52465,927.33,2024-02-19
inv_90544,sub_51711,236.61,2023-05-17
inv_90545,sub_51392,1188.01,2024-05-13
inv_90546,sub_50046,122.66,2023-02-08
inv_90547,sub_50051,1282.87,2023-10-19
inv_90548,sub_50187,723.87,2024-06-15
inv_90549,sub_52096,258.07,2023-05-30
inv_90550,sub_51961,207.99,2023-11-16
inv_90551,sub_52099,494.83,2024-09-23
inv_90552,sub_50916,1325.57,2024-05-21
inv_90553,sub_52105,1318.99,2024-06-01
inv_90554,sub_51928,767.57,2024-11-08
inv_90555,sub_53808,735.51,2023-10-07
inv_90556,sub_50217,1497.51,2023-08-27
inv_90557,sub_52212,605.99,2024-05-05
inv_90559,sub_53720,38.04,2023-07-12
inv_90560,sub_53583,731.55,2024-10-06
inv_90561,sub_53350,300.92,2024-08-02
inv_90562,sub_53346,619.23,2024-05-01
inv_90563,sub_53368,229.54,2023-02-10
inv_90564,sub_50831,624.96,2023-05-06
inv_90565,sub_52905,1408.08,2024-08-13
inv_90566,sub_52361,391.27,2024-02-18
inv_90567,sub_53036,566.39,2023-02-03
inv_90568,sub_50361,295.73,2023-12-11
inv_90569,sub_51978,798.91,2023-06-28
inv_90570,sub_50806,966.97,2023-10-06
inv_90571,sub_53988,1346.65,2024-04-17
inv_90572,sub_53830,74.15,2024-07-09
inv_90573,sub_50901,473.0,2024-03-21
inv_90574,sub_50621,576.56,2024-10-01
inv_90575,sub_51509,1020.48,2024-02-10
inv_90576,sub_51279,477.23,2023-10-05
inv_90577,sub_52206,1283.86,2024-05-16
inv_90578,sub_51802,1400.0,2023-10-28
inv_90579,sub_51387,863.72,2024-08-02
inv_90580,sub_51128,199.7,2024-07-03
inv_90581,sub_50931,581.03,2023-01-06
inv_90582,sub_52218,878.57,2024-06-22
inv_90583,sub_53774,1469.04,2024-12-21
inv_90584,sub_53065,111.55,2023-07-17
inv_90585,sub_50680,49.17,2024-09-04
inv_90586,sub_51597,441.99,2024-06-23
inv_90587,sub_53135,1304.17,2024-05-02
inv_90588,sub_53405,545.91,2023-12-30
inv_90590,sub_53419,1070.13,2024-09-07
inv_90591,sub_53954,118.16,2023-07-06
inv_90592,sub_53129,1447.04,2023-12-26
inv_90593,sub_51317,225.11,2023-11-25
inv_90594,sub_50115,1353.57,2023-07-17
inv_90595,sub_50208,825.26,2024-12-06
inv_90596,sub_53257,709.71,2023-07-25
inv_90597,sub_53963,1105.39,2024-02-24
inv_90598,sub_50207,999.97,2024-04-26
inv_90599,sub_53944,787.17,2023-02-27
inv_90600,sub_53906,314.4,2023-09-13
inv_90601,sub_50545,1327.36,2023-04-27
inv_90602,sub_53433,973.17,2024-05-27
inv_90603,sub_53166,329.91,2024-02-18
inv_90604,sub_50852,78.78,2024-12-24
inv_90605,sub_53551,943.5,2024-06-07
inv_90606,sub_53376,530.41,2024-03-15
inv_90607,sub_51906,1467.16,2023-08-18
inv_90608,sub_53931,951.21,2023-01-24
inv_90609,sub_51195,765.71,2024-09-26
inv_90610,sub_52174,790.56,2023-09-05
inv_90611,sub_51606,223.41,2024-07-15
inv_90612,sub_52809,980.28,2024-03-25
inv_90613,sub_52999,1368.85,2023-01-07
inv_90614,sub_51775,1406.16,2023-02-10
inv_90615,sub_52816,893.81,2025-01-01
inv_90616,sub_53974,707.79,2023-03-08
inv_90617,sub_52188,1208.82,2024-06-13
inv_90618,sub_50052,1018.29,2024-02-04
inv_90619,sub_52758,944.82,2024-12-06
inv_90621,sub_50345,886.42,2023-10-10
inv_90622,sub_50669,856.1,2024-04-03
inv_90623,sub_50821,1172.37,2024-04-02
inv_90624,sub_51035,598.76,2024-07-15
inv_90625,sub_52979,595.8,2023-07-29
inv_90626,sub_52206,1462.53,2023-10-31
inv_90627,sub_51592,1260.02,2023-03-04
inv_90628,sub_53679,1455.88,2024-04-11
inv_90629,sub_52246,1041.22,2023-04-12
inv_90630,sub_50703,688.18,2024-09-07
inv_90631,sub_51052,937.16,2024-04-27
inv_90632,sub_51738,501.6,2023-11-24
inv_90633,sub_53910,778.31,2024-09-17
inv_90634,sub_52263,773.09,2023-08-14
inv_90635,sub_53652,907.23,2024-02-24
inv_90636,sub_52938,234.58,2023-02-05
inv_90637,sub_51203,944.86,2023-10-19
inv_90638,sub_53912,968.59,2024-06-18
inv_90639,sub_53827,1146.86,2024-01-07
inv_90640,sub_51704,1273.22,2023-09-01
inv_90641,sub_50970,1356.06,2024-06-28
inv_90642,sub_53447,1350.73,2023-08-31
inv_90643,sub_50450,614.03,2023-07-03
inv_90644,sub_52379,89.39,2023-08-29
inv_90645,sub_51852,227.98,2024-11-27
inv_90646,sub_51256,969.83,2023-03-02
inv_90647,sub_53027,999.79,2024-11-09
inv_90648,sub_51041,196.27,2024-09-18
inv_90649,sub_51465,1460.8,2023-07-20
inv_90650,sub_50214,742.91,2023-12-02
inv_90652,sub_50141,959.52,2023-07-22
inv_90653,sub_51436,928.78,2023-06-23
inv_90654,sub_52621,49.82,2024-01-11
inv_90655,sub_53721,727.71,2023-02-04
inv_90656,sub_53495,839.22,2024-08-18
inv_90657,sub_52793,214.55,2024-11-05
inv_90658,sub_50635,635.07,2023-01-03
inv_90659,sub_53850,1453.42,2023-02-25
inv_90660,sub_52034,767.15,2023-08-28
inv_90661,sub_52566,755.53,2024-10-19
inv_90662,sub_51677,1184.47,2023-06-01
inv_90663,sub_52979,917.61,2024-02-17
inv_90664,sub_50413,236.83,2023-12-28
inv_90665,sub_52646,1212.13,2024-09-16
inv_90666,sub_53596,812.44,2024-11-07
inv_90667,sub_50503,1269.96,2023-06-19
inv_90668,sub_50773,301.03,2023-05-01
inv_90669,sub_52804,644.14,2023-01-30
inv_90670,sub_53383,314.78,2024-07-06
inv_90671,sub_52920,925.96,2023-07-09
inv_90672,sub_52780,1136.31,2024-01-16
inv_90673,sub_51649,376.02,2024-11-23
inv_90674,sub_50326,1477.84,2023-10-26
inv_90675,sub_53707,51.84,2023-06-24
inv_90676,sub_52977,159.48,2023-08-03
inv_90677,sub_50204,1490.12,2023-01-16
inv_90678,sub_53310,438.53,2023-06-14
inv_90679,sub_51880,1267.82,2023-03-15
inv_90680,sub_51911,1340.29,2024-07-12
inv_90681,sub_53861,170.0,2024-12-08
inv_90683,sub_51005,215.47,2023-10-10
inv_90684,sub_53839,572.14,2023-05-21
inv_90685,sub_52709,236.0,2023-07-30
inv_90686,sub_52741,997.03,2024-05-03
inv_90687,sub_52786,759.05,2023-04-23
inv_90688,sub_53791,594.68,2023-04-25
inv_90689,sub_52985,425.92,2023-06-13
inv_90690,sub_51946,634.43,2024-10-29
inv_90691,sub_51768,521.12,2023-01-23
inv_90692,sub_51956,647.7,2023-03-11
inv_90693,sub_52822,396.65,2023-05-04
inv_90694,sub_51673,343.49,2023-11-17
inv_90695,sub_50225,1023.98,2023-03-07
inv_90696,sub_51162,297.14,2023-01-24
inv_90697,sub_51545,983.62,2023-05-05
inv_90698,sub_53490,410.01,2023-03-12
inv_90699,sub_50191,1126.45,2024-02-04
inv_90700,sub_53925,439.02,2023-12-12
inv_90701,sub_53891,764.99,2023-01-07
inv_90702,sub_50101,1030.7,2023-09-18
inv_90703,sub_53098,115.2,2023-05-11
inv_90704,sub_53222,420.26,2024-01-03
inv_90705,sub_50509,575.48,2024-09-02
inv_90706,sub_51258,1225.15,2023-12-07
inv_90707,sub_51013,1178.74,2023-01-03
inv_90708,sub_52558,245.26,2024-06-07
inv_90709,sub_52738,717.01,2024-06-14
inv_90710,sub_53366,367.06,2023-07-07
inv_90711,sub_52560,350.07,2023-09-07
inv_90712,sub_52915,583.22,2024-03-27
inv_90714,sub_52257,861.05,2024-01-15
inv_90715,sub_50834,1303.11,2023-05-31
inv_90716,sub_51450,1045.99,2023-03-09
inv_90717,sub_52032,108.81,2023-07-16
inv_90718,sub_53318,1067.72,2024-05-27
inv_90719,sub_52185,1283.67,2024-11-25
inv_90720,sub_50643,198.72,2024-01-19
inv_90721,sub_53775,1144.78,2023-12-25
inv_90722,sub_50551,410.86,2024-08-13
inv_90723,sub_52535,389.57,2023-01-02
inv_90724,sub_53584,1132.28,2024-04-28
inv_90725,sub_50504,322.02,2023-04-15
inv_90726,sub_51655,155.73,2024-07-23
inv_90727,sub_52141,1436.85,2023-11-13
inv_90728,sub_53154,1415.54,2023-03-12
inv_90729,sub_50424,1060.28,2023-07-05
inv_90730,sub_53633,1300.95,2024-11-07
inv_90731,sub_50534,589.82,2023-02-21
inv_90732,sub_52417,1012.29,2024-10-16
inv_90733,sub_50018,649.17,2023-05-02
inv_90734,sub_50198,1066.77,2023-05-21
inv_90735,sub_52971,865.85,2024-02-04
inv_90736,sub_51931,415.86,2024-03-04
inv_90737,sub_53523,1062.57,2024-04-25
inv_90738,sub_51797,776.65,2023-07-18
inv_90739,sub_51164,865.64,2023-07-19
inv_90740,sub_50429,664.93,2023-08-27
inv_90741,sub_52956,899.08,2023-08-09
inv_90742,sub_52848,1261.92,2024-07-10
inv_90743,sub_50964,562.33,2024-03-28
inv_90745,sub_51399,670.95,2024-05-14
inv_90746,sub_50341,746.73,2023-04-20
inv_90747,sub_51309,514.85,2023-10-26
inv_90748,sub_52136,871.37,2024-01-21
inv_90749,sub_51035,368.82,2023-06-04
inv_90750,sub_52921,407.45,2024-02-06
inv_90751,sub_52405,591.86,2023-04-20
inv_90752,sub_53317,810.55,2024-10-11
inv_90753,sub_50412,501.43,2024-06-29
inv_90754,sub_52438,927.21,2023-01-02
inv_90755,sub_52402,932.47,2024-12-21
inv_90756,sub_53988,975.02,2023-06-13
inv_90757,sub_51589,319.26,2023-07-20
inv_90758,sub_50213,906.66,2024-03-17
inv_90759,sub_50645,48.84,2023-10-17
inv_90760,sub_52098,219.82,2023-01-21
inv_90761,sub_50456,1212.42,2023-12-22
inv_90762,sub_50595,124.02,2023-08-01
inv_90763,sub_52210,183.26,2023-03-11
inv_90764,sub_52698,792.27,2024-09-21
inv_90765,sub_53995,678.14,2023-07-30
inv_90766,sub_52844,945.44,2023-10-19
inv_90767,sub_53232,726.32,2023-12-17
inv_90768,sub_52703,260.37,2024-07-24
inv_90769,sub_53885,1419.47,2024-08-22
inv_90770,sub_52521,1485.97,2024-09-13
inv_90771,sub_52869,1063.57,2024-05-01
inv_90772,sub_53603,1244.05,2024-09-21
inv_90773,sub_50247,301.09,2024-02-02
inv_90774,sub_52330,679.45,2023-06-30
inv_90776,sub_53170,1168.16,2024-01-14
inv_90777,sub_52639,1300.3,2023-09-14
inv_90778,sub_50152,696.42,2023-10-24
inv_90779,sub_50937,142.74,2023-01-21
inv_90780,sub_53731,1398.17,2024-11-28
inv_90781,sub_52248,544.85,2024-04-03
inv_90782,sub_52868,334.03,2024-02-08
inv_90783,sub_52534,1453.82,2024-06-12
inv_90784,sub_53599,1068.71,2024-12-25
inv_90785,sub_51889,522.77,2024-07-17
inv_90786,sub_53341,900.11,2023-03-04
inv_90787,sub_50381,1476.26,2024-12-10
inv_90788,sub_52988,444.47,2023-06-05
inv_90789,sub_53643,1005.08,2024-11-08
inv_90790,sub_52573,749.8,2024-09-27
inv_90791,sub_53932,1362.35,2024-01-12
inv_90792,sub_51532,723.92,2024-10-29
inv_90793,sub_53312,1221.21,2023-02-05
inv_90794,sub_53631,1289.66,2023-02-18
inv_90795,sub_52950,495.29,2023-08-28
inv_90796,sub_51699,1171.59,2024-06-21
inv_90797,sub_52951,1170.91,2023-02-23
inv_90798,sub_52269,872.86,2023-10-07
inv_90799,sub_50903,483.94,2025-01-01
inv_90800,sub_53080,1420.94,2024-07-11
inv_90801,sub_50721,67.07,2024-07-06
inv_90802,sub_51920,743.82,2024-04-07
inv_90803,sub_52851,137.12,2024-08-08
inv_90804,sub_51101,1387.6,2023-09-16
inv_90805,sub_52988,134.02,2023-03-13
inv_90807,sub_53961,931.14,2023-06-03
inv_90808,sub_52877,750.63,2023-02-27
inv_90809,sub_53296,678.01,2024-01-30
inv_90810,sub_51638,284.36,2024-02-24
inv_90811,sub_52644,1209.24,2023-06-04
inv_90812,sub_52034,205.0,2023-10-13
inv_90813,sub_51860,1398.23,2024-08-03
inv_90814,sub_52381,1433.3,2024-03-15
inv_90815,sub_51927,404.76,2023-01-14
inv_90816,sub_51857,115.88,2023-05-29
inv_90817,sub_50953,894.46,2024-01-01
inv_90818,sub_50545,663.8,2023-12-22
inv_90819,sub_52761,1215.05,2023-12-07
inv_90820,sub_52833,955.95,2023-12-13
inv_90821,sub_53819,677.15,2024-11-11
inv_90822,sub_52104,201.53,2023-06-16
inv_90823,sub_53433,1281.97,2023-01-08
inv_90824,sub_50148,1307.79,2024-03-05
inv_90825,sub_53439,494.55,2023-11-21
inv_90826,sub_51416,1405.72,2023-02-19
inv_90827,sub_53070,1002.86,2023-01-21
inv_90828,sub_51974,1201.34,2023-10-12
inv_90829,sub_50815,948.18,2024-09-01
inv_90830,sub_50835,805.59,2023-06-11
inv_90831,sub_53630,999.44,2023-01-10
inv_90832,sub_51947,987.11,2024-01-06
inv_90833,sub_52482,1082.22,2023-08-21
inv_90834,sub_51441,936.44,2023-06-30
inv_90835,sub_51171,267.49,2024-07-25
inv_90836,sub_51227,390.95,2023-05-13
inv_90838,sub_52415,38.63,2024-04-27
inv_90839,sub_50256,74.3,2023-07-26
inv_90840,sub_51993,797.14,2023-03-19
inv_90841,sub_52823,1211.45,2023-05-06
inv_90842,sub_52234,658.14,2024-08-24
inv_90843,sub_53316,379.25,2023-08-05
inv_90844,sub_52392,1034.14,2023-12-18
inv_90845,sub_53150,405.48,2023-10-11
inv_90846,sub_52570,513.14,2024-05-26
inv_90847,sub_52847,1041.33,2023-05-17
inv_90848,sub_53418,846.85,2023-02-26
inv_90849,sub_53313,342.85,2024-06-03
inv_90850,sub_51076,1136.2,2024-01-12
inv_90851,sub_52263,1319.21,2024-04-20
inv_90852,sub_53207,29.64,2024-09-20
inv_90853,sub_53011,1442.57,2023-04-05
inv_90854,sub_52324,313.8,2023-04-27
inv_90855,sub_52240,984.75,2023-08-13
inv_90856,sub_50531,365.05,2023-07-16
inv_90857,sub_51338,170.76,2023-12-03
inv_90858,sub_50212,930.77,2023-05-24
inv_90859,sub_50774,1265.11,2023-11-09
inv_90860,sub_51119,58.28,2024-01-08
inv_90861,sub_53962,1291.36,2024-08-03
inv_90862,sub_53114,1126.1,2024-11-15
inv_90863,sub_51000,1416.86,2024-07-20
inv_90864,sub_52997,930.94,2023-08-29
inv_90865,sub_50995,1451.02,2023-08-04
inv_90866,sub_51825,1025.7,2024-05-13
inv_90867,sub_50837,1009.47,2023-08-24
inv_90869,sub_51336,1252.32,2024-07-16
inv_90870,sub_50661,926.55,2024-08-22
inv_90871,sub_53826,805.79,2024-12-08
inv_90872,sub_51390,861.36,2024-05-30
inv_90873,sub_50277,439.03,2024-06-13
inv_90874,sub_52196,37.85,2024-09-21
inv_90875,sub_51369,119.0,2023-12-17
inv_90876,sub_51681,742.46,2024-02-18
inv_90877,sub_51232,217.36,2023-07-07
inv_90878,sub_51894,314.39,2023-02-08
inv_90879,sub_51700,374.7,2023-10-28
inv_90880,sub_51897,76.47,2024-06-20
inv_90881,sub_51961,108.65,2023-05-24
inv_90882,sub_52172,1371.22,2023-02-15
inv_90883,sub_53967,421.24,2024-11-15
inv_90884,sub_52215,1348.61,2024-09-16
inv_90885,sub_50445,913.6,2024-09-27
inv_90886,sub_51194,1357.29,2023-10-04
inv_90887,sub_51814,644.56,2023-07-20
inv_90888,sub_52603,994.77,2024-05-15
inv_90889,sub_53162,911.59,2023-09-03
inv_90890,sub_52090,48.03,2023-09-18
inv_90891,sub_53194,683.63,2023-02-11
inv_90892,sub_50464,380.73,2023-01-10
inv_90893,sub_50815,1485.39,2024-03-16
inv_90894,sub_53526,36.17,2023-10-04
inv_90895,sub_52425,180.53,2023-04-11
inv_90896,sub_53020,749.85,2024-08-01
inv_90897,sub_51916,51.59,2023-12-06
inv_90898,sub_51864,877.76,2024-11-21
inv_90900,sub_52065,97.25,2023-06-27
inv_90901,sub_51998,1120.44,2023-08-22
inv_90902,sub_53896,644.79,2023-07-06
inv_90903,sub_53713,490.04,2024-05-12
inv_90904,sub_52131,437.82,2024-07-31
inv_90905,sub_50037,388.83,2023-05-12
inv_90906,sub_50548,129.71,2023-08-14
inv_90907,sub_53377,1052.45,2024-06-04
inv_90908,sub_51747,932.02,2023-03-11
inv_90909,sub_52272,619.13,2023-01-31
inv_90910,sub_53607,718.95,2024-09-22
inv_90911,sub_53255,476.59,2024-12-08
inv_90912,sub_53086,880.88,2024-05-22
inv_90913,sub_50653,1157.23,2023-04-01
inv_90914,sub_53784,628.32,2023-12-15
inv_90915,sub_53039,771.24,2024-11-07
inv_90916,sub_52608,398.72,2024-12-15
inv_90917,sub_53257,328.78,2024-02-04
inv_90918,sub_52320,1448.81,2024-11-07
inv_90919,sub_50303,946.32,2023-12-24
inv_90920,sub_50817,1100.08,2023-11-13
inv_90921,sub_50038,558.21,2023-10-28
inv_90922,sub_52035,1265.69,2024-08-06
inv_90923,sub_50748,1348.08,2024-10-17
inv_90924,sub_53380,1215.35,2023-08-06
inv_90925,sub_50170,1037.04,2023-03-09
inv_90926,sub_53149,94.29,2024-09-29
inv_90927,sub_52388,1354.75,2023-08-26
inv_90928,sub_51107,544.05,2024-01-02
inv_90929,sub_50292,1305.95,2024-08-26
inv_90931,sub_53949,1007.81,2024-02-02
inv_90932,sub_51862,1248.71,2024-11-10
inv_90933,sub_53436,497.08,2023-09-13
inv_90934,sub_52998,353.19,2024-01-20
inv_90935,sub_50539,489.08,2024-08-10
inv_90936,sub_52430,856.26,2024-03-27
inv_90937,sub_53568,834.33,2023-01-31
inv_90938,sub_52676,1077.07,2023-07-06
inv_90939,sub_51969,165.67,2023-07-10
inv_90940,sub_53572,225.78,2023-08-29
inv_90941,sub_51973,1286.0,2024-12-19
inv_90942,sub_50660,1101.13,2024-02-28
inv_90943,sub_50817,1354.42,2024-06-24
inv_90944,sub_53895,644.82,2024-04-24
inv_90945,sub_50451,582.86,2023-03-06
inv_90946,sub_50789,1140.01,2024-07-15
inv_90947,sub_53417,300.43,2024-06-22
inv_90948,sub_50424,1183.99,2024-06-03
inv_90949,sub_50388,63.18,2024-01-03
inv_90950,sub_50628,461.17,2023-11-25
inv_90951,sub_50050,298.22,2024-04-09
inv_90952,sub_53849,972.1,2023-08-05
inv_90953,sub_51500,479.8,2023-03-15
inv_90954,sub_53075,192.39,2024-12-22
inv_90955,sub_53582,316.15,2024-10-29
inv_90956,sub_53192,952.71,2024-04-29
inv_90957,sub_52532,1192.42,2023-04-04
inv_90958,sub_51269,1443.47,2023-10-31
inv_90959,sub_50094,109.49,2024-04-13
inv_90960,sub_52393,862.11,2024-09-11
inv_90962,sub_53611,524.61,2023-06-16
inv_90963,sub_51987,1072.06,2024-09-28
inv_90964,sub_50345,183.11,2024-11-25
inv_90965,sub_51909,471.4,2023-12-26
inv_90966,sub_51396,1407.49,2024-02-20
inv_90967,sub_51513,1149.7,2023-08-31
inv_90968,sub_50039,285.66,2023-01-07
inv_90969,sub_50104,646.83,2024-02-19
inv_90970,sub_53238,533.54,2023-06-16
inv_90971,sub_50772,251.58,2023-11-07
inv_90972,sub_50556,1253.58,2024-10-19
inv_90973,sub_51183,256.39,2023-10-13
inv_90974,sub_51904,1353.05,2023-01-10
inv_90975,sub_51071,251.65,2023-10-31
inv_90976,sub_52052,1472.88,2023-02-19
inv_90977,sub_50308,317.73,2024-05-09
inv_90978,sub_50564,457.64,2023-01-21
inv_90979,sub_52296,930.78,2023-05-25
inv_90980,sub_52958,99.05,2023-01-23
inv_90981,sub_52162,489.5,2024-12-06
inv_90982,sub_52253,1025.97,2024-03-29
inv_90983,sub_51323,234.34,2024-08-06
inv_90984,sub_50926,256.85,2024-09-12
inv_90985,sub_51219,429.57,2024-01-20
inv_90986,sub_51255,345.17,2023-01-21
inv_90987,sub_50515,890.99,2023-05-18
inv_90988,sub_50110,854.84,2024-03-22
inv_90989,sub_52674,525.48,2024-06-16
inv_90990,sub_50876,952.9,2024-05-19
inv_90991,sub_50467,973.01,2024-04-26
inv_90993,sub_50557,39.03,2024-09-01
inv_90994,sub_50704,696.46,2024-08-13
inv_90995,sub_52026,931.74,2023-09-14
inv_90996,sub_52278,335.35,2024-08-06
inv_90997,sub_51033,789.07,2024-05-19
inv_90998,sub_51086,228.17,2024-05-29
inv_90999,sub_52558,33.04,2024-04-03
inv_91000,sub_51442,110.27,2024-04-22
inv_91001,sub_51957,535.27,2024-04-07
inv_91002,sub_53466,534.72,2023-08-14
inv_91003,sub_52640,132.72,2024-03-04
inv_91004,sub_53623,956.32,2024-12-11
inv_91005,sub_53459,1133.25,2023-05-06
inv_91006,sub_51465,697.42,2024-03-13
inv_91007,sub_51754,480.34,2023-01-15
inv_91008,sub_52742,1485.28,2024-03-03
inv_91009,sub_52294,29.89,2023-06-29
inv_91010,sub_50106,47.99,2024-08-02
inv_91011,sub_50084,1443.37,2024-06-26
inv_91012,sub_52665,1408.15,2024-12-19
inv_91013,sub_52439,701.71,2023-02-28
inv_91014,sub_52748,474.57,2024-02-20
inv_91015,sub_51387,1443.55,2023-12-07
inv_91016,sub_51215,1313.65,2023-10-23
inv_91017,sub_53667,75.83,2024-07-07
inv_91018,sub_52278,760.97,2023-01-12
inv_91019,sub_50807,1207.89,2023-06-16
inv_91020,sub_50276,1376.82,2024-08-10
inv_91021,sub_50839,60.06,2023-04-05
inv_91022,sub_52274,1186.18,2024-06-16
inv_91024,sub_52400,1159.82,2023-01-18
inv_91025,sub_52921,1072.83,2024-03-05
inv_91026,sub_50642,102.5,2024-07-17
inv_91027,sub_52045,363.27,2024-07-17
inv_91028,sub_51248,346.42,2023-06-21
inv_91029,sub_50408,562.05,2024-02-05
inv_91030,sub_50944,1188.04,2023-10-31
inv_91031,sub_53660,314.68,2024-09-11
inv_91032,sub_53609,1074.43,2024-03-06
inv_91033,sub_53481,765.63,2024-10-05
inv_91034,sub_51435,210.0,2023-09-07
inv_91035,sub_52076,161.33,2023-10-16
inv_91036,sub_51938,474.49,2023-08-03
inv_91037,sub_52883,273.07,2024-10-22
inv_91038,sub_52485,907.14,2023-11-30
inv_91039,sub_53307,682.59,2023-11-17
inv_91040,sub_50974,1187.78,2024-06-25
inv_91041,sub_50938,556.25,2024-03-22
inv_91042,sub_53728,529.81,2023-09-16
inv_91043,sub_50294,299.47,2024-08-11
inv_91044,sub_53336,64.7,2024-04-27
inv_91045,sub_52621,1258.93,2023-09-15
inv_91046,sub_51017,208.71,2024-05-11
inv_91047,sub_52329,215.6,2023-01-03
inv_91048,sub_50760,1342.93,2023-05-21
inv_91049,sub_53833,294.63,2023-05-28
inv_91050,sub_50962,1023.84,2024-04-08
inv_91051,sub_53656,991.82,2024-11-04
inv_91052,sub_50940,251.03,2024-10-28
inv_91053,sub_52840,224.24,2024-05-28
inv_91055,sub_53258,107.62,2023-07-05
inv_91056,sub_52765,1111.06,2023-02-01
inv_91057,sub_50237,959.85,2023-05-23
inv_91058,sub_50250,646.73,2023-04-28
inv_91059,sub_50124,1137.03,2024-06-20
inv_91060,sub_51176,181.68,2023-01-25
inv_91061,sub_53315,1209.09,2024-08-20
inv_91062,sub_53726,994.47,2024-05-22
inv_91063,sub_51941,1036.74,2024-04-18
inv_91064,sub_51381,298.43,2023-05-23
inv_91065,sub_50992,833.02,2023-07-16
inv_91066,sub_52722,966.98,2024-04-26
inv_91067,sub_50841,1387.77,2023-10-30
inv_91068,sub_50595,192.16,2024-07-13
inv_91069,sub_51370,1074.56,2024-11-07
inv_91070,sub_51930,257.47,2023-06-23
inv_91071,sub_52108,1085.17,2023-01-20
inv_91072,sub_53331,1090.33,2024-12-22
inv_91073,sub_52850,350.71,2024-09-08
inv_91074,sub_50367,669.73,2023-10-29
inv_91075,sub_53912,1252.66,2023-08-06
inv_91076,sub_52270,1364.41,2024-10-26
inv_91077,sub_52192,665.0,2023-04-01
inv_91078,sub_52381,1484.18,2024-06-19
inv_91079,sub_50219,868.59,2024-07-05
inv_91080,sub_50425,1365.89,2023-11-03
inv_91081,sub_51307,507.09,2023-05-15
inv_91082,sub_52924,685.21,2023-11-24
inv_91083,sub_52613,314.42,2023-01-10
inv_91084,sub_53641,55.72,2023-04-24
inv_91086,sub_50897,1272.31,2023-06-13
inv_91087,sub_52299,579.76,2023-03-22
inv_91088,sub_50281,600.32,2024-09-10
inv_91089,sub_50515,746.31,2024-10-29
inv_91090,sub_50202,381.07,2024-07-19
inv_91091,sub_52435,364.65,2023-03-14
inv_91092,sub_52745,351.47,2024-12-14
inv_91093,sub_52704,1363.48,2024-03-13
inv_91094,sub_52686,402.1,2023-01-22
inv_91095,sub_53298,380.96,2024-12-30
inv_91096,sub_51340,686.69,2024-03-09
inv_91097,sub_52161,788.66,2024-05-16
inv_91098,sub_50604,893.03,2023-08-15
inv_91099,sub_50295,909.19,2023-03-19
inv_91100,sub_50159,1372.22,2024-07-09
inv_91101,sub_51428,1440.78,2023-10-06
inv_91102,sub_50046,574.81,2024-05-11
inv_91103,sub_53086,403.95,2024-06-12
inv_91104,sub_51990,1308.35,2023-08-14
inv_91105,sub_53669,841.81,2024-12-12
inv_91106,sub_53673,755.62,2024-05-10
inv_91107,sub_53342,416.19,2023-10-25
inv_91108,sub_52461,1326.34,2023-01-23
inv_91109,sub_53260,1256.84,2024-04-30
inv_91110,sub_52508,290.22,2023-05-26
inv_91111,sub_52154,567.65,2023-08-29
inv_91112,sub_53647,735.59,2024-02-11
inv_91113,sub_50599,314.22,2024-12-10
inv_91114,sub_51354,1144.31,2024-02-15
inv_91115,sub_50618,1391.41,2024-12-05
inv_91117,sub_50682,591.09,2024-02-21
inv_91118,sub_53352,1367.18,2023-09-06
inv_91119,sub_50500,1323.15,2024-01-10
inv_91120,sub_53275,761.08,2023-12-14
inv_91121,sub_50709,1427.74,2024-10-28
inv_91122,sub_50414,1411.47,2024-03-21
inv_91123,sub_50581,566.79,2024-09-07
inv_91124,sub_51466,1393.57,2023-08-07
inv_91125,sub_52379,410.5,2024-11-26
inv_91126,sub_52201,748.16,2023-07-10
inv_91127,sub_50547,396.36,2023-10-27
inv_91128,sub_52398,104.9,2023-07-25
inv_91129,sub_53271,395.86,2024-01-31
inv_91130,sub_53092,1155.75,2023-06-10
inv_91131,sub_51676,348.03,2023-11-11
inv_91132,sub_51043,463.28,2023-08-04
inv_91133,sub_50026,391.7,2023-01-19
inv_91134,sub_53469,568.42,2023-11-12
inv_91135,sub_51381,990.4,2024-06-26
inv_91136,sub_52502,596.99,2023-03-13
inv_91137,sub_52439,353.67,2024-04-09
inv_91138,sub_52008,1181.42,2023-06-23
inv_91139,sub_52257,596.42,2024-05-26
inv_91140,sub_51298,970.17,2024-03-20
inv_91141,sub_51655,1114.49,2023-01-25
inv_91142,sub_53233,747.25,2023-11-14
inv_91143,sub_51386,1051.15,2024-04-15
inv_91144,sub_53407,204.07,2024-04-20
inv_91145,sub_50428,697.87,2023-01-23
inv_91146,sub_51672,1494.01,2023-11-28
inv_91148,sub_51242,724.96,2023-05-17
inv_91149,sub_50826,133.65,2024-02-27
inv_91150,sub_52788,453.99,2023-06-07
inv_91151,sub_50188,244.49,2024-04-01
inv_91152,sub_51616,550.31,2024-05-14
inv_91153,sub_52349,657.28,2024-02-09
inv_91154,sub_53096,693.61,2024-06-18
inv_91155,sub_50330,1042.34,2023-11-03
inv_91156,sub_50934,1153.6,2024-12-10
inv_91157,sub_51110,706.04,2024-03-28
inv_91158,sub_53418,1116.2,2023-06-22
inv_91159,sub_50949,607.17,2024-12-15
inv_91160,sub_52330,589.5,2024-11-20
inv_91161,sub_51014,680.76,2024-03-13
inv_91162,sub_50490,289.05,2023-01-06
inv_91163,sub_53438,406.21,2023-12-28
inv_91164,sub_52548,750.54,2024-02-24
inv_91165,sub_51973,1275.39,2024-10-19
inv_91166,sub_53971,1183.09,2023-02-28
inv_91167,sub_51034,936.92,2023-02-01
inv_91168,sub_51621,1186.81,2024-10-20
inv_91169,sub_52450,266.62,2023-03-29
inv_91170,sub_53069,1414.23,2024-11-13
inv_91171,sub_53816,203.95,2023-12-22
inv_91172,sub_52704,572.19,2023-12-18
inv_91173,sub_53975,1196.99,2023-07-01
inv_91174,sub_52524,1292.79,2024-04-11
inv_91175,sub_52738,841.61,2024-10-07
inv_91176,sub_50776,619.79,2023-09-22
inv_91177,sub_52790,832.37,2024-12-25
inv_91179,sub_53765,920.72,2023-07-23
inv_91180,sub_52277,370.32,2023-12-14
inv_91181,sub_53226,1100.64,2023-06-04
inv_91182,sub_52561,1424.64,2024-07-27
inv_91183,sub_51582,1442.21,2023-06-10
inv_91184,sub_52766,1360.93,2023-07-26
inv_91185,sub_53465,1020.57,2023-04-21
inv_91186,sub_51082,1372.39,2023-08-22
inv_91187,sub_51298,1120.25,2023-02-04
inv_91188,sub_50790,1040.08,2024-09-12
inv_91189,sub_51846,795.35,2023-11-17
inv_91190,sub_50333,463.66,2023-03-14
inv_91191,sub_50723,43.39,2023-03-10
inv_91192,sub_50303,1153.26,2023-01-25
inv_91193,sub_51576,750.65,2024-05-13
inv_91194,sub_50942,1314.98,2024-07-11
inv_91195,sub_51307,278.86,2023-08-30
inv_91196,sub_51862,1399.36,2024-10-19
inv_91197,sub_53895,478.9,2024-04-20
inv_91198,sub_51702,200.61,2023-12-09
inv_91199,sub_51401,806.54,2023-10-17
inv_91200,sub_52392,1435.7,2024-05-04
inv_91201,sub_53146,302.48,2023-11-07
inv_91202,sub_50039,24.75,2023-04-24
inv_91203,sub_50307,1245.74,2024-01-01
inv_91204,sub_53472,228.97,2023-06-21
inv_91205,sub_51083,50.85,2024-05-05
inv_91206,sub_51733,1090.8,2024-05-08
inv_91207,sub_52141,579.7,2023-04-14
inv_91208,sub_52514,806.93,2024-01-26
inv_91210,sub_52117,315.15,2023-08-21
inv_91211,sub_50835,201.76,2024-03-25
inv_91212,sub_53369,951.31,2023-11-05
inv_91213,sub_51793,611.88,2023-07-17
inv_91214,sub_50353,79.2,2024-03-30
inv_91215,sub_51875,302.13,2024-01-12
inv_91216,sub_51009,369.02,2024-02-24
inv_91217,sub_51080,137.19,2023-11-13
inv_91218,sub_50370,263.81,2024-01-14
inv_91219,sub_51965,1228.1,2024-08-05
inv_91220,sub_52195,837.29,2023-06-29
inv_91221,sub_51874,1135.33,2023-02-28
inv_91222,sub_52515,921.84,2024-12-01
inv_91223,sub_50807,509.98,2024-01-09
inv_91224,sub_50294,248.63,2024-09-24
inv_91225,sub_52172,691.55,2024-01-02
inv_91226,sub_51395,482.07,2024-02-14
inv_91227,sub_52042,1307.86,2023-02-27
inv_91228,sub_50042,443.58,2023-12-29
inv_91229,sub_52799,830.53,2023-02-14
inv_91230,sub_53358,1453.46,2023-05-16
inv_91231,sub_53225,1121.04,2023-01-20
inv_91232,sub_52301,699.08,2023-07-16
inv_91233,sub_51123,167.62,2023-05-04
inv_91234,sub_51605,310.31,2024-03-04
inv_91235,sub_50302,72.08,2023-01-10
inv_91236,sub_52170,316.07,2023-04-16
inv_91237,sub_51521,306.99,2024-11-21
inv_91238,sub_52599,224.27,2024-04-04
inv_91239,sub_53992,843.68,2023-02-16
inv_91241,sub_53658,75.42,2024-06-29
inv_91242,sub_51670,305.21,2024-07-25
inv_91243,sub_53901,996.74,2023-10-23
inv_91244,sub_50350,909.67,2024-01-29
inv_91245,sub_50574,1306.06,2023-11-16
inv_91246,sub_53322,176.77,2024-09-05
inv_91247,sub_51071,409.02,2023-10-16
inv_91248,sub_51593,938.19,2024-01-04
inv_91249,sub_52029,877.4,2023-09-12
inv_91250,sub_50688,1000.67,2023-03-06
inv_91251,sub_53156,822.69,2024-08-08
inv_91252,sub_51321,731.69,2024-12-22
inv_91253,sub_52208,1334.6,2023-12-19
inv_91254,sub_50804,802.72,2023-08-26
inv_91255,sub_50776,504.28,2023-05-10
inv_91256,sub_52864,415.66,2024-09-14
inv_91257,sub_51420,142.44,2024-07-22
inv_91258,sub_51645,367.43,2024-07-10
inv_91259,sub_52663,882.0,2023-07-03
inv_91260,sub_51896,787.14,2024-09-25
inv_91261,sub_53143,847.78,2024-01-10
inv_91262,sub_51689,778.57,2024-08-05
inv_91263,sub_51574,1332.25,2024-04-10
inv_91264,sub_52874,319.44,2024-12-05
inv_91265,sub_52443,1098.02,2024-09-19
inv_91266,sub_51484,586.87,2024-06-17
inv_91267,sub_53310,68.23,2024-06-14
inv_91268,sub_51320,1113.61,2024-09-04
inv_91269,sub_52697,1484.93,2024-03-22
inv_91270,sub_51428,231.71,2024-01-26
inv_91272,sub_52621,953.35,2024-06-22
inv_91273,sub_51949,837.69,2024-01-23
inv_91274,sub_53067,418.04,2024-06-17
inv_91275,sub_50097,204.96,2023-12-04
inv_91276,sub_53799,192.16,2023-04-06
inv_91277,sub_52071,441.13,2023-05-23
inv_91278,sub_52709,1122.48,2024-01-20
inv_91279,sub_53780,470.53,2023-01-05
inv_91280,sub_50642,236.7,2023-02-21
inv_91281,sub_51497,811.02,2023-11-26
inv_91282,sub_52368,1261.18,2023-11-27
inv_91283,sub_52604,725.24,2024-07-20
inv_91284,sub_52143,51.73,2024-06-29
inv_91285,sub_50914,532.7,2024-01-21
inv_91286,sub_53508,276.12,2024-04-03
inv_91287,sub_51000,1431.01,2024-11-11
inv_91288,sub_53746,817.55,2024-03-28
inv_91289,sub_51623,1457.45,2023-01-17
inv_91290,sub_51787,1070.97,2024-04-11
inv_91291,sub_50147,608.96,2024-01-10
inv_91292,sub_50018,1396.4,2023-03-24
inv_91293,sub_53583,1011.83,2024-10-31
inv_91294,sub_52523,268.28,2024-02-18
inv_91295,sub_53980,165.64,2024-09-25
inv_91296,sub_53900,1066.55,2024-12-26
inv_91297,sub_53872,110.5,2023-11-30
inv_91298,sub_53733,667.11,2023-03-03
inv_91299,sub_53224,576.89,2024-08-09
inv_91300,sub_52496,371.5,2023-07-05
inv_91301,sub_51003,224.96,2023-07-18
inv_91303,sub_51637,1050.11,2024-12-04
inv_91304,sub_51046,1087.67,2023-02-18
inv_91305,sub_50335,1131.78,2024-05-03
inv_91306,sub_50876,196.6,2023-04-02
inv_91307,sub_53153,271.81,2023-05-26
inv_91308,sub_53568,706.99,2023-07-02
inv_91309,sub_50465,603.65,2023-03-10
inv_91310,sub_52000,457.14,2024-11-24
inv_91311,sub_52566,161.41,2024-08-31
inv_91312,sub_53487,349.57,2024-07-14
inv_91313,sub_52329,209.76,2024-04-06
inv_91314,sub_50993,351.42,2023-10-13
inv_91315,sub_53715,1236.67,2024-09-12
inv_91316,sub_52915,516.52,2024-02-09
inv_91317,sub_51001,493.92,2024-03-23
inv_91318,sub_52398,294.08,2023-05-23
inv_91319,sub_51570,1175.74,2024-03-15
inv_91320,sub_50569,401.51,2024-08-18
inv_91321,sub_52979,897.61,2024-03-10
inv_91322,sub_53649,1458.11,2023-08-17
inv_91323,sub_52420,45.42,2024-04-04
inv_91324,sub_51135,214.76,2024-01-30
inv_91325,sub_51733,321.43,2024-05-28
inv_91326,sub_53795,949.33,2023-03-28
inv_91327,sub_50714,239.22,2023-01-28
inv_91328,sub_50038,294.14,2023-08-16
inv_91329,sub_52631,719.18,2024-10-09
inv_91330,sub_53174,1244.54,2024-11-25
inv_91331,sub_52988,1302.17,2023-01-22
inv_91332,sub_52556,1211.78,2024-12-02
inv_91334,sub_51877,1010.56,2024-12-07
inv_91335,sub_53537,388.39,2023-04-26
inv_91336,sub_50655,366.66,2023-08-11
inv_91337,sub_50826,830.17,2024-07-15
inv_91338,sub_52420,400.24,2024-10-08
inv_91339,sub_51145,1008.24,2024-08-20
inv_91340,sub_53808,673.74,2023-03-25
inv_91341,sub_52819,1177.8,2023-12-11
inv_91342,sub_50646,376.99,2024-06-26
inv_91343,sub_52790,525.17,2024-08-11
inv_91344,sub_51799,243.44,2023-01-22
inv_91345,sub_53936,1191.38,2024-01-27
inv_91346,sub_51871,1072.97,2023-08-19
inv_91347,sub_50580,216.83,2024-11-29
inv_91348,sub_53111,345.82,2024-12-21
inv_91349,sub_53043,1442.51,2024-08-16
inv_91350,sub_50066,1328.2,2023-04-18
inv_91351,sub_50982,477.39,2024-02-05
inv_91352,sub_51279,451.57,2023-08-21
inv_91353,sub_52472,34.78,2023-03-27
inv_91354,sub_51347,1020.4,2023-08-21
inv_91355,sub_50907,875.58,2023-12-10
inv_91356,sub_52295,352.19,2023-07-13
inv_91357,sub_52835,217.73,2024-11-11
inv_91358,sub_51735,554.01,2024-09-20
inv_91359,sub_50053,194.81,2024-06-24
inv_91360,sub_50289,767.83,2024-10-29
inv_91361,sub_53220,809.25,2023-08-16
inv_91362,sub_52606,593.49,2023-12-08
inv_91363,sub_52460,1305.82,2023-03-05
inv_91365,sub_50213,1151.84,2024-02-01
inv_91366,sub_51907,1394.73,2024-08-12
inv_91367,sub_52427,120.57,2023-07-27
inv_91368,sub_51163,624.36,2023-02-10
inv_91369,sub_51563,949.29,2023-01-29
inv_91370,sub_51572,533.24,2023-03-08
inv_91371,sub_50592,186.07,2024-05-19
inv_91372,sub_53447,480.36,2023-05-23
inv_91373,sub_51690,737.81,2023-08-05
inv_91374,sub_51244,1276.6,2024-03-20
inv_91375,sub_52209,828.78,2024-03-26
inv_91376,sub_52032,240.72,2023-12-13
inv_91377,sub_53774,1482.26,2023-07-23
inv_91378,sub_52244,638.17,2024-07-16
inv_91379,sub_52437,1040.7,2024-12-25
inv_91380,sub_50226,1480.02,2023-08-02
inv_91381,sub_53379,1098.42,2024-10-24
inv_91382,sub_50512,171.28,2023-01-17
inv_91383,sub_52978,1140.5,2024-09-20
inv_91384,sub_52783,1326.54,2023-04-22
inv_91385,sub_51627,1383.58,2024-09-11
inv_91386,sub_52068,219.48,2023-07-24
inv_91387,sub_52951,757.63,2024-08-29
inv_91388,sub_53042,570.14,2025-01-01
inv_91389,sub_51234,218.0,2024-10-12
inv_91390,sub_53775,63.22,2024-02-25
inv_91391,sub_51663,763.74,2024-04-12
inv_91392,sub_50918,1370.73,2023-06-25
inv_91393,sub_51622,686.67,2024-02-02
inv_91394,sub_51444,1324.15,2024-09-28
inv_91396,sub_52880,817.88,2023-01-08
inv_91397,sub_51532,379.41,2023-02-09
inv_91398,sub_53272,307.92,2023-05-02
inv_91399,sub_50036,1223.63,2023-10-03
inv_91400,sub_52567,663.55,2024-10-09
inv_91401,sub_53816,49.94,2023-12-07
inv_91402,sub_50446,23.21,2023-01-24
inv_91403,sub_50398,1350.29,2024-09-29
inv_91404,sub_51399,24.84,2024-10-01
inv_91405,sub_53292,1198.92,2024-04-25
inv_91406,sub_50694,605.0,2024-03-04
inv_91407,sub_50587,685.53,2024-03-03
inv_91408,sub_53698,694.25,2023-05-14
inv_91409,sub_53472,34.0,2024-08-10
inv_91410,sub_51002,1385.03,2023-12-08
inv_91411,sub_53425,408.95,2024-01-14
inv_91412,sub_53451,756.06,2023-06-11
inv_91413,sub_50962,877.11,2023-09-24
inv_91414,sub_50758,392.63,2024-04-19
inv_91415,sub_51159,240.77,2023-11-30
inv_91416,sub_52215,890.56,2024-10-01
inv_91417,sub_53512,880.08,2023-11-20
inv_91418,sub_52517,1338.01,2024-05-18
inv_91419,sub_53088,477.85,2023-11-30
inv_91420,sub_50367,870.02,2023-10-31
inv_91421,sub_51734,1028.28,2024-01-19
inv_91422,sub_51551,332.65,2023-04-23
inv_91423,sub_53221,605.97,2023-07-28
inv_91424,sub_50756,971.57,2024-11-08
inv_91425,sub_52268,776.93,2023-09-22
inv_91427,sub_51980,845.91,2024-09-18
inv_91428,sub_51240,175.56,2024-05-20
inv_91429,sub_50517,657.21,2023-08-20
inv_91430,sub_52833,1064.19,2023-05-17
inv_91431,sub_52126,835.17,2024-05-29
inv_91432,sub_50042,1024.98,2024-06-26
inv_91433,sub_50658,1293.39,2023-04-10
inv_91434,sub_51278,305.02,2024-11-09
inv_91435,sub_53573,1078.66,2024-11-09
inv_91436,sub_53955,245.09,2023-06-02
inv_91437,sub_50162,37.14,2023-05-10
inv_91438,sub_53176,1432.42,2024-12-08
inv_91439,sub_53473,784.67,2023-02-01
inv_91440,sub_51187,259.32,2024-02-29
inv_91441,sub_52350,1048.61,2023-02-16
inv_91442,sub_52221,727.93,2023-06-27
inv_91443,sub_53625,487.59,2023-09-25
inv_91444,sub_51544,752.8,2023-01-01
inv_91445,sub_52402,886.82,2024-03-30
inv_91446,sub_53609,998.42,2023-12-04
inv_91447,sub_52663,74.73,2024-03-21
inv_91448,sub_50289,587.03,2023-09-13
inv_91449,sub_50482,982.79,2023-05-05
inv_91450,sub_51881,1390.19,2024-06-30
inv_91451,sub_52712,1089.27,2024-07-01
inv_91452,sub_52941,790.05,2024-10-03
inv_91453,sub_50353,663.13,2023-07-08
inv_91454,sub_51606,645.11,2024-02-17
inv_91455,sub_52504,771.85,2023-10-02
inv_91456,sub_53097,1333.78,2023-06-14
inv_91458,sub_53768,1471.46,2023-10-22
inv_91459,sub_51247,1459.71,2024-02-14
inv_91460,sub_50280,154.93,2024-08-04
inv_91461,sub_52989,1142.2,2023-11-21
inv_91462,sub_51236,898.97,2024-01-12
inv_91463,sub_53780,1122.13,2023-03-10
inv_91464,sub_52787,1442.99,2023-03-27
inv_91465,sub_51806,1174.08,2023-10-29
inv_91466,sub_52523,1422.11,2024-10-21
inv_91467,sub_52871,477.96,2024-10-11
inv_91468,sub_50291,557.84,2023-07-17
inv_91469,sub_51581,1496.88,2023-09-21
inv_91470,sub_51371,1285.26,2024-12-04
inv_91471,sub_52723,969.66,2024-07-08
inv_91472,sub_53609,1132.96,2023-03-17
inv_91473,sub_53745,1246.04,2023-06-04
inv_91474,sub_50387,1260.22,2024-06-23
inv_91475,sub_50449,1055.54,2024-04-29
inv_91476,sub_53309,78.8,2024-08-20
inv_91477,sub_50425,1373.59,2024-02-07
inv_91478,sub_53420,180.48,2023-03-01
inv_91479,sub_53786,740.14,2024-03-18
inv_91480,sub_50253,710.2,2024-01-25
inv_91481,sub_52099,1029.75,2023-12-27
inv_91482,sub_50289,642.97,2023-10-26
inv_91483,sub_53046,1331.36,2023-02-28
inv_91484,sub_52624,1261.64,2023-10-22
inv_91485,sub_50136,1497.05,2023-02-22
inv_91486,sub_51378,835.8,2025-01-01
inv_91487,sub_51179,1435.2,2023-12-22
inv_91489,sub_52058,1317.74,2024-05-08
inv_91490,sub_53200,1470.91,2024-09-28
inv_91491,sub_51071,1194.06,2024-07-02
inv_91492,sub_52543,825.51,2023-04-23
inv_91493,sub_53459,645.64,2024-03-18
inv_91494,sub_53307,1148.74,2024-09-03
inv_91495,sub_51948,260.18,2023-10-04
inv_91496,sub_52149,1125.66,2023-06-08
inv_91497,sub_51292,1198.52,2023-11-26
inv_91498,sub_52028,464.08,2024-07-18
inv_91499,sub_51498,940.33,2023-08-13
inv_91500,sub_50844,1374.31,2023-12-27
inv_91501,sub_52379,876.33,2023-07-23
inv_91502,sub_50915,398.35,2024-07-19
inv_91503,sub_50766,1173.44,2023-08-01
inv_91504,sub_52245,809.03,2024-05-29
inv_91505,sub_52001,185.44,2024-08-28
inv_91506,sub_51035,587.19,2024-03-25
inv_91507,sub_53137,529.9,2024-07-29
inv_91508,sub_53631,1174.78,2024-11-14
inv_91509,sub_53080,221.25,2024-09-10
inv_91510,sub_52573,1229.14,2023-11-14
inv_91511,sub_52648,1202.1,2024-02-21
inv_91512,sub_52126,67.41,2023-05-20
inv_91513,sub_51350,713.85,2024-08-07
inv_91514,sub_51812,547.55,2024-10-09
inv_91515,sub_50298,300.83,2023-11-28
inv_91516,sub_53054,432.27,2023-07-12
inv_91517,sub_51733,758.05,2024-03-08
inv_91518,sub_53912,243.72,2023-08-11
inv_91520,sub_51774,238.37,2023-10-19
inv_91521,sub_53363,1066.88,2023-10-10
inv_91522,sub_53829,414.52,2024-10-04
inv_91523,sub_53893,291.15,2024-05-25
inv_91524,sub_50553,480.82,2023-11-27
inv_91525,sub_52731,739.87,2024-09-05
inv_91526,sub_52405,884.7,2024-05-26
inv_91527,sub_51280,119.65,2024-10-01
inv_91528,sub_51168,802.19,2023-09-13
inv_91529,sub_52762,319.37,2023-08-16
inv_91530,sub_51628,1133.3,2023-08-03
inv_91531,sub_52527,857.82,2024-03-17
inv_91532,sub_50123,1474.45,2023-11-16
inv_91533,sub_53857,422.08,2023-04-27
inv_91534,sub_51492,1430.78,2024-08-14
inv_91535,sub_52349,1036.26,2024-05-22
inv_91536,sub_52696,1243.93,2024-08-12
inv_91537,sub_51059,1392.02,2023-10-07
inv_91538,sub_51344,941.64,2024-12-14
inv_91539,sub_52527,601.1,2023-09-27
inv_91540,sub_50158,1317.61,2024-04-10
inv_91541,sub_51858,1230.41,2023-03-28
inv_91542,sub_53761,772.22,2023-04-16
inv_91543,sub_53397,1346.67,2024-01-25
inv_91544,sub_51032,1237.27,2023-11-30
inv_91545,sub_53479,1341.14,2024-01-06
inv_91546,sub_50553,1469.69,2023-08-15
inv_91547,sub_53451,277.97,2024-04-18
inv_91548,sub_51661,888.75,2024-05-12
inv_91549,sub_50780,1049.73,2023-03-02
inv_91551,sub_50488,774.93,2023-10-13
inv_91552,sub_51381,1226.44,2024-11-26
inv_91553,sub_50906,211.52,2024-03-21
inv_91554,sub_50377,1243.87,2024-09-24
inv_91555,sub_50313,713.67,2023-09-21
inv_91556,sub_52345,856.04,2024-10-16
inv_91557,sub_52902,922.67,2023-12-20
inv_91558,sub_52632,261.1,2024-04-02
inv_91559,sub_52905,1426.63,2023-04-13
inv_91560,sub_52118,1205.69,2023-12-29
inv_91561,sub_51286,1183.34,2024-05-18
inv_91562,sub_50208,102.33,2024-03-01
inv_91563,sub_53794,1474.06,2024-07-26
inv_91564,sub_52167,737.3,2023-08-31
inv_91565,sub_53287,1083.52,2024-10-02
inv_91566,sub_50575,1219.9,2024-03-03
inv_91567,sub_52674,211.25,2023-12-20
inv_91568,sub_53016,624.57,2023-09-10
inv_91569,sub_50952,1381.33,2023-09-23
inv_91570,sub_50196,1161.91,2024-04-08
inv_91571,sub_51671,237.01,2024-07-10
inv_91572,sub_53563,258.27,2023-03-29
inv_91573,sub_53793,997.17,2024-07-25
inv_91574,sub_52251,280.87,2024-02-25
inv_91575,sub_51002,201.67,2024-08-04
inv_91576,sub_51662,1135.47,2024-04-11
inv_91577,sub_53718,275.17,2023-11-03
inv_91578,sub_50190,671.18,2023-09-16
inv_91579,sub_52207,1400.07,2024-06-26
inv_91580,sub_52959,1136.52,2023-03-17
inv_91582,sub_53538,771.4,2023-01-11
inv_91583,sub_51142,339.55,2024-06-15
inv_91584,sub_50375,219.81,2024-04-17
inv_91585,sub_51987,342.53,2024-04-11
inv_91586,sub_53095,706.47,2024-11-26
inv_91587,sub_53590,1231.91,2023-06-22
inv_91588,sub_52776,732.49,2024-09-10
inv_91589,sub_53999,968.9,2023-09-29
inv_91590,sub_50775,727.72,2024-11-28
inv_91591,sub_52287,716.22,2023-10-04
inv_91592,sub_50567,702.62,2024-05-28
inv_91593,sub_53200,139.69,2023-01-26
inv_91594,sub_52840,585.83,2023-02-28
inv_91595,sub_52965,510.66,2023-01-09
inv_91596,sub_53391,1086.8,2024-08-08
inv_91597,sub_52614,567.23,2023-04-21
inv_91598,sub_51751,1329.47,2024-03-27
inv_91599,sub_50194,573.23,2024-10-10
inv_91600,sub_51079,833.85,2024-07-22
inv_91601,sub_53528,1363.49,2023-12-13
inv_91602,sub_50782,1058.6,2023-02-06
inv_91603,sub_51978,974.75,2024-10-02
inv_91604,sub_53845,340.11,2024-07-04
inv_91605,sub_52603,458.4,2024-01-21
inv_91606,sub_53376,823.63,2024-11-21
inv_91607,sub_52350,368.07,2023-05-22
inv_91608,sub_53451,1490.16,2023-03-08
inv_91609,sub_52610,1364.88,2023-03-31
inv_91610,sub_53428,1487.49,2023-02-06
inv_91611,sub_52247,296.44,2024-07-12
inv_91613,sub_50878,320.28,2024-08-05
inv_91614,sub_52860,730.39,2024-01-03
inv_91615,sub_52613,955.34,2023-09-11
inv_91616,sub_50864,588.31,2024-07-09
inv_91617,sub_50948,548.57,2024-07-18
inv_91618,sub_53481,437.43,2023-10-08
inv_91619,sub_52380,67.86,2024-07-11
inv_91620,sub_51679,742.4,2024-06-21
inv_91621,sub_50386,330.04,2024-11-22
inv_91622,sub_53287,1339.91,2023-08-26
inv_91623,sub_52827,1041.44,2024-12-22
inv_91624,sub_52980,166.67,2024-02-22
inv_91625,sub_53314,1076.61,2024-12-29
inv_91626,sub_51627,1013.84,2024-04-07
inv_91627,sub_51291,1006.32,2023-09-13
inv_91628,sub_53637,380.46,2024-01-22
inv_91629,sub_51553,384.42,2024-06-12
inv_91630,sub_52748,1351.24,2023-06-20
inv_91631,sub_53707,775.07,2023-07-05
inv_91632,sub_51829,33.04,2024-02-13
inv_91633,sub_53817,1024.31,2024-10-08
inv_91634,sub_52377,1360.55,2024-05-26
inv_91635,sub_51867,738.87,2023-02-03
inv_91636,sub_52181,1224.66,2023-07-04
inv_91637,sub_52371,1182.15,2023-11-17
inv_91638,sub_53718,109.43,2024-03-24
inv_91639,sub_50159,961.8,2023-08-06
inv_91640,sub_51771,817.96,2024-11-19
inv_91641,sub_50218,1085.79,2023-09-23
inv_91642,sub_53562,645.68,2023-08-25
inv_91644,sub_53046,48.23,2023-12-19
inv_91645,sub_53333,462.81,2023-03-14
inv_91646,sub_50535,127.65,2024-08-23
inv_91647,sub_53467,1290.63,2023-04-04
inv_91648,sub_53005,280.07,2023-07-06
inv_91649,sub_52197,1496.61,2024-10-12
inv_91650,sub_51698,1021.62,2023-07-13
inv_91651,sub_50425,1002.14,2023-09-24
inv_91652,sub_52989,198.6,2024-10-17
inv_91653,sub_52682,873.84,2023-09-20
inv_91654,sub_53336,869.7,2023-06-02
inv_91655,sub_52640,634.66,2024-11-20
inv_91656,sub_51306,1025.27,2023-05-01
inv_91657,sub_52177,510.08,2024-05-31
inv_91658,sub_50227,1263.94,2023-01-07
inv_91659,sub_50741,981.12,2023-04-05
inv_91660,sub_51327,953.68,2024-10-23
inv_91661,sub_50681,170.23,2024-12-19
inv_91662,sub_53039,973.45,2023-01-14
inv_91663,sub_52332,1405.48,2023-03-13
inv_91664,sub_50639,479.5,2024-09-18
inv_91665,sub_50632,111.4,2023-04-25
inv_91666,sub_52250,1086.13,2023-11-01
inv_91667,sub_53044,362.49,2024-08-31
inv_91668,sub_51943,1180.2,2023-01-13
inv_91669,sub_53162,938.2,2023-02-25
inv_91670,sub_51678,492.67,2023-05-30
inv_91671,sub_51977,1324.07,2024-06-16
inv_91672,sub_50195,173.04,2024-12-15
inv_91673,sub_51385,837.93,2024-01-06
inv_91675,sub_51026,1254.18,2023-10-23
inv_91676,sub_53044,30.21,2024-01-04
inv_91677,sub_50926,659.54,2024-02-14
inv_91678,sub_51340,644.64,2023-04-13
inv_91679,sub_53082,494.92,2024-10-02
inv_91680,sub_50034,1249.08,2024-06-17
inv_91681,sub_53975,1170.63,2024-12-01
inv_91682,sub_50645,162.76,2024-12-21
inv_91683,sub_51935,289.24,2024-08-02
inv_91684,sub_51788,212.58,2023-06-02
inv_91685,sub_52368,294.97,2024-11-24
inv_91686,sub_51159,1125.6,2024-02-27
inv_91687,sub_51968,178.56,2023-11-05
inv_91688,sub_51114,637.04,2024-11-04
inv_91689,sub_51802,300.64,2024-04-08
inv_91690,sub_51219,379.93,2024-11-05
inv_91691,sub_51818,603.66,2024-11-18
inv_91692,sub_52581,998.47,2024-01-29
inv_91693,sub_51827,1275.4,2023-09-16
inv_91694,sub_52582,27.84,2023-01-14
inv_91695,sub_50407,959.37,2025-01-01
inv_91696,sub_51228,707.04,2024-11-15
inv_91697,sub_53573,978.13,2024-01-30
inv_91698,sub_52399,905.39,2024-01-10
inv_91699,sub_50782,529.72,2024-01-20
inv_91700,sub_50096,676.75,2023-03-31
inv_91701,sub_50597,425.05,2023-02-24
inv_91702,sub_52252,1487.7,2024-11-18
inv_91703,sub_51944,586.27,2024-12-18
inv_91704,sub_50633,1320.15,2024-11-22
inv_91706,sub_52810,460.81,2024-04-09
inv_91707,sub_50511,808.16,2023-07-12
inv_91708,sub_53977,963.16,2024-06-12
inv_91709,sub_52162,1239.88,2024-10-05
inv_91710,sub_53441,450.54,2023-09-03
inv_91711,sub_51868,172.81,2023-10-21
inv_91712,sub_52936,1330.65,2024-10-20
inv_91713,sub_52142,296.87,2023-03-03
inv_91714,sub_52423,615.11,2023-02-06
inv_91715,sub_53585,1420.47,2024-04-10
inv_91716,sub_51291,101.37,2024-12-09
inv_91717,sub_53173,875.35,2023-12-11
inv_91718,sub_53184,1307.53,2023-05-29
inv_91719,sub_50659,1223.44,2024-04-11
inv_91720,sub_52074,33.21,2024-02-24
inv_91721,sub_52022,676.96,2023-11-08
inv_91722,sub_53485,761.31,2024-06-07
inv_91723,sub_52368,1469.79,2023-01-12
inv_91724,sub_52895,946.97,2024-02-13
inv_91725,sub_50830,1040.74,2024-03-17
inv_91726,sub_52057,1432.84,2023-10-06
inv_91727,sub_50513,1307.71,2024-03-10
inv_91728,sub_53601,1367.73,2023-09-05
inv_91729,sub_53797,333.53,2023-03-25
inv_91730,sub_52240,1287.44,2023-04-07
inv_91731,sub_53992,372.33,2023-12-15
inv_91732,sub_53672,902.05,2024-03-21
inv_91733,sub_51490,696.78,2024-04-21
inv_91734,sub_50592,833.99,2024-07-19
inv_91735,sub_50460,992.66,2024-05-31
inv_91737,sub_50468,1091.18,2024-04-20
inv_91738,sub_51556,293.66,2024-11-21
inv_91739,sub_50971,773.81,2023-06-11
inv_91740,sub_51609,1223.97,2024-05-15
inv_91741,sub_50237,1179.16,2024-08-31
inv_91742,sub_51185,622.64,2024-07-24
inv_91743,sub_51744,704.11,2024-05-10
inv_91744,sub_50359,1320.44,2024-02-21
inv_91745,sub_53608,1152.84,2023-03-16
inv_91746,sub_52125,203.07,2024-03-06
inv_91747,sub_50212,398.26,2024-11-08
inv_91748,sub_52757,872.54,2023-03-31
inv_91749,sub_50619,887.31,2023-08-16
inv_91750,sub_51758,1345.02,2023-05-29
inv_91751,sub_50602,787.67,2024-11-08
inv_91752,sub_50685,917.99,2024-09-07
inv_91753,sub_53301,775.73,2023-03-16
inv_91754,sub_50870,1148.36,2024-05-12
inv_91755,sub_50618,1126.33,2023-02-13
inv_91756,sub_53845,855.89,2024-05-16
inv_91757,sub_53720,381.81,2024-03-08
inv_91758,sub_51586,734.57,2023-03-11
inv_91759,sub_52554,658.02,2023-08-03
inv_91760,sub_51817,1229.08,2024-04-13
inv_91761,sub_50103,378.64,2024-10-01
inv_91762,sub_53552,1087.7,2023-06-27
inv_91763,sub_51970,466.51,2024-09-01
inv_91764,sub_50351,459.43,2024-07-11
inv_91765,sub_50970,933.12,2024-03-29
inv_91766,sub_52761,492.49,2023-01-01
inv_91768,sub_52254,1387.75,2023-07-16
inv_91769,sub_50870,1242.41,2023-02-07
inv_91770,sub_53706,172.27,2024-03-15
inv_91771,sub_53422,1254.04,2023-04-25
inv_91772,sub_51435,132.09,2024-10-13
inv_91773,sub_52211,1021.46,2024-06-12
inv_91774,sub_52279,1341.67,2023-07-08
inv_91775,sub_53593,742.3,2023-09-04
inv_91776,sub_50652,1117.15,2023-06-23
inv_91777,sub_51215,1088.6,2024-09-18
inv_91778,sub_50263,370.27,2023-02-09
inv_91779,sub_51252,1333.73,2024-04-04
inv_91780,sub_51096,529.59,2024-04-04
inv_91781,sub_52641,604.71,2023-09-11
inv_91782,sub_52333,1292.07,2023-01-19
inv_91783,sub_52195,145.98,2023-05-14
inv_91784,sub_52034,510.69,2024-06-03
inv_91785,sub_53220,1272.39,2024-12-26
inv_91786,sub_52133,1375.3,2024-05-15
inv_91787,sub_51805,565.96,2023-11-07
inv_91788,sub_53701,1247.65,2024-09-10
inv_91789,sub_50761,1277.38,2024-04-20
inv_91790,sub_52745,1328.56,2023-02-23
inv_91791,sub_50340,1447.35,2023-06-04
inv_91792,sub_51044,986.56,2024-04-19
inv_91793,sub_51454,926.16,2024-05-10
inv_91794,sub_53419,931.62,2024-01-28
inv_91795,sub_50841,384.15,2023-05-03
inv_91796,sub_53804,1420.89,2023-03-15
inv_91797,sub_52460,317.25,2023-05-02
inv_91799,sub_51866,1366.02,2024-03-02
inv_91800,sub_51283,98.24,2023-04-23
inv_91801,sub_51915,93.28,2024-11-27
inv_91802,sub_51799,605.24,2023-08-11
inv_91803,sub_51340,261.34,2023-06-06
inv_91804,sub_52257,1452.74,2024-03-14
inv_91805,sub_52376,1329.4,2023-12-04
inv_91806,sub_50984,1208.48,2024-12-27
inv_91807,sub_52227,403.17,2023-12-18
inv_91808,sub_51218,260.12,2024-10-10
inv_91809,sub_53323,975.06,2023-05-17
inv_91810,sub_51140,422.77,2024-03-24
inv_91811,sub_51416,1144.41,2024-09-26
inv_91812,sub_53425,949.29,2024-04-03
inv_91813,sub_52580,978.58,2024-12-06
inv_91814,sub_53044,216.73,2023-02-04
inv_91815,sub_50367,437.88,2024-06-14
inv_91816,sub_50606,1494.03,2024-09-18
inv_91817,sub_50687,314.33,2024-05-09
inv_91818,sub_52500,1487.32,2023-07-04
inv_91819,sub_51503,1022.35,2024-11-21
inv_91820,sub_52459,584.09,2024-02-25
inv_91821,sub_53978,1006.8,2023-01-09
inv_91822,sub_51554,637.86,2023-05-04
inv_91823,sub_53503,1388.03,2024-02-16
inv_91824,sub_51414,518.39,2024-02-13
inv_91825,sub_51449,160.07,2023-12-21
inv_91826,sub_53995,1372.67,2023-09-01
inv_91827,sub_51326,559.01,2024-07-19
inv_91828,sub_50421,1206.25,2024-07-10
inv_91830,sub_52758,1130.51,2024-03-01
inv_91831,sub_51637,988.46,2023-12-31
inv_91832,sub_51734,1276.19,2024-05-10
inv_91833,sub_51966,994.48,2023-07-10
inv_91834,sub_52619,175.33,2024-03-22
inv_91835,sub_50072,79.42,2023-10-07
inv_91836,sub_53003,1086.21,2023-08-07
inv_91837,sub_52211,70.92,2023-01-25
inv_91838,sub_53704,1105.31,2023-09-09
inv_91839,sub_52951,921.18,2023-08-28
inv_91840,sub_52023,803.83,2023-09-07
inv_91841,sub_51728,885.88,2023-04-27
inv_91842,sub_50054,912.89,2024-09-27
inv_91843,sub_52971,1339.13,2024-11-09
inv_91844,sub_52159,690.3,2023-03-08
inv_91845,sub_52361,167.32,2024-01-28
inv_91846,sub_50810,1011.35,2024-12-05
inv_91847,sub_52704,1144.46,2023-04-23
inv_91848,sub_51769,509.1,2024-03-05
inv_91849,sub_52226,82.14,2023-10-04
inv_91850,sub_53380,732.58,2023-04-15
inv_91851,sub_51337,314.65,2024-04-28
inv_91852,sub_53644,1005.6,2023-01-21
inv_91853,sub_52510,327.44,2024-06-04
inv_91854,sub_51843,1317.05,2024-05-11
inv_91855,sub_53711,106.79,2023-07-10
inv_91856,sub_50040,97.87,2023-12-26
inv_91857,sub_53844,504.85,2024-11-07
inv_91858,sub_51494,41.02,2023-04-22
inv_91859,sub_53070,824.48,2024-06-25
inv_91861,sub_52672,500.76,2023-07-11
inv_91862,sub_52414,916.47,2023-09-27
inv_91863,sub_50591,352.83,2023-12-30
inv_91864,sub_51417,1002.5,2023-07-26
inv_91865,sub_52647,311.31,2024-09-15
inv_91866,sub_50700,1035.71,2023-08-04
inv_91867,sub_50713,974.53,2023-03-27
inv_91868,sub_53779,276.13,2023-11-06
inv_91869,sub_50815,1197.1,2023-05-25
inv_91870,sub_51355,782.73,2024-10-13
inv_91871,sub_53740,320.18,2024-12-09
inv_91872,sub_50067,342.7,2024-10-06
inv_91873,sub_50299,373.55,2023-05-24
inv_91874,sub_52012,1342.66,2024-08-16
inv_91875,sub_50060,1338.44,2024-10-26
inv_91876,sub_52759,1053.32,2024-11-01
inv_91877,sub_51079,461.19,2024-11-01
inv_91878,sub_53558,360.35,2024-09-11
inv_91879,sub_52592,1087.05,2023-04-15
inv_91880,sub_50495,1261.25,2024-03-31
inv_91881,sub_53724,967.51,2024-07-23
inv_91882,sub_50054,1214.69,2024-07-25
inv_91883,sub_51998,640.43,2024-01-25
inv_91884,sub_51968,800.94,2023-12-14
inv_91885,sub_50844,1481.02,2023-07-22
inv_91886,sub_51188,964.14,2023-07-15
inv_91887,sub_52986,378.76,2024-11-25
inv_91888,sub_53179,700.77,2023-11-01
inv_91889,sub_50897,694.27,2023-03-13
inv_91890,sub_52780,128.85,2024-11-30
inv_91892,sub_53553,143.59,2024-02-06
inv_91893,sub_50870,731.59,2023-12-01
inv_91894,sub_50098,643.94,2023-11-17
inv_91895,sub_50246,346.62,2024-01-19
inv_91896,sub_50399,1349.55,2023-04-26
inv_91897,sub_51618,369.74,2024-11-07
inv_91898,sub_53163,728.3,2023-10-22
inv_91899,sub_53552,543.74,2024-04-06
inv_91900,sub_52560,1433.4,2024-02-27
inv_91901,sub_53327,1307.52,2023-12-26
inv_91902,sub_53636,1269.35,2023-01-14
inv_91903,sub_51003,415.74,2024-10-27
inv_91904,sub_50514,1214.29,2023-01-04
inv_91905,sub_50691,671.93,2023-08-30
inv_91906,sub_50764,1388.66,2024-02-16
inv_91907,sub_53641,933.11,2023-05-14
inv_91908,sub_53862,1315.6,2023-05-19
inv_91909,sub_52607,785.99,2023-01-27
inv_91910,sub_50532,292.96,2023-11-06
inv_91911,sub_53051,40.85,2024-08-24
inv_91912,sub_52932,744.06,2023-03-25
inv_91913,sub_53468,1345.2,2023-01-04
inv_91914,sub_53190,295.9,2023-08-31
inv_91915,sub_52479,952.97,2024-12-20
inv_91916,sub_51083,1476.06,2024-08-11
inv_91917,sub_53188,1189.99,2024-02-27
inv_91918,sub_51441,638.63,2024-07-24
inv_91919,sub_52327,1380.11,2024-10-08
inv_91920,sub_51555,426.45,2023-12-30
inv_91921,sub_52483,1459.17,2024-06-20
inv_91923,sub_50262,332.11,2023-02-08
inv_91924,sub_50910,258.19,2024-08-30
inv_91925,sub_50594,1181.39,2023-10-26
inv_91926,sub_51221,277.09,2023-06-20
inv_91927,sub_50439,333.79,2023-10-27
inv_91928,sub_53016,321.76,2023-05-11
inv_91929,sub_50382,1160.5,2023-08-24
inv_91930,sub_53134,75.2,2023-03-04
inv_91931,sub_52648,94.46,2023-06-19
inv_91932,sub_52544,509.66,2023-01-02
inv_91933,sub_50777,62.75,2023-05-13
inv_91934,sub_52442,314.16,2023-01-02
inv_91935,sub_52381,520.45,2024-05-30
inv_91936,sub_52008,970.65,2023-01-28
inv_91937,sub_50695,55.39,2024-04-08
inv_91938,sub_51456,246.73,2023-01-21
inv_91939,sub_53434,1048.48,2023-11-30
inv_91940,sub_51463,601.4,2023-08-05
inv_91941,sub_50343,776.93,2024-03-18
inv_91942,sub_50028,664.02,2023-06-15
inv_91943,sub_50912,1227.72,2023-04-30
inv_91944,sub_51088,377.85,2024-05-06
inv_91945,sub_51152,466.47,2024-05-20
inv_91946,sub_53487,383.47,2023-12-25
inv_91947,sub_50933,1463.06,2024-09-22
inv_91948,sub_51719,215.49,2024-05-14
inv_91949,sub_51694,369.63,2023-02-05
inv_91950,sub_53013,888.31,2024-05-16
inv_91951,sub_51564,1151.36,2024-10-11
inv_91952,sub_50763,501.45,2024-04-13
inv_91954,sub_53702,590.9,2023-09-22
inv_91955,sub_52250,831.52,2023-08-26
inv_91956,sub_53885,875.65,2023-10-08
inv_91957,sub_50599,1312.05,2023-08-25
inv_91958,sub_53981,758.42,2024-02-07
inv_91959,sub_52522,1419.23,2023-03-06
inv_91960,sub_53257,477.79,2023-03-13
inv_91961,sub_53424,459.99,2023-04-15
inv_91962,sub_50960,892.17,2024-07-28
inv_91963,sub_51931,1054.32,2023-11-13
inv_91964,sub_50662,1451.5,2024-01-12
inv_91965,sub_50986,1071.27,2023-07-26
inv_91966,sub_52951,1381.53,2023-04-16
inv_91967,sub_52107,1392.51,2023-09-19
inv_91968,sub_53636,1442.42,2023-07-11
inv_91969,sub_52194,1331.6,2023-01-13
inv_91970,sub_53244,814.56,2024-10-04
inv_91971,sub_52183,1149.56,2024-06-02
inv_91972,sub_51502,629.15,2023-08-16
inv_91973,sub_52055,31.99,2024-11-05
inv_91974,sub_52232,1171.32,2023-06-02
inv_91975,sub_50282,244.92,2023-02-22
inv_91976,sub_50200,1240.3,2024-10-19
inv_91977,sub_50371,618.11,2024-07-21
inv_91978,sub_53643,1276.0,2024-01-04
inv_91979,sub_52904,157.58,2024-01-12
inv_91980,sub_51441,859.79,2024-02-20
inv_91981,sub_51071,819.77,2024-05-03
inv_91982,sub_53389,66.72,2023-05-19
inv_91983,sub_53814,199.18,2024-04-19
inv_91985,sub_52980,80.49,2024-11-13
inv_91986,sub_52244,1176.85,2024-07-17
inv_91987,sub_52242,784.81,2023-06-18
inv_91988,sub_53234,362.96,2024-01-07
inv_91989,sub_52530,412.3,2023-05-19
inv_91990,sub_53005,1205.06,2024-02-26
inv_91991,sub_52356,820.17,2023-02-16
inv_91992,sub_53708,649.84,2023-03-13
inv_91993,sub_50931,526.91,2024-02-03
inv_91994,sub_50835,1033.42,2024-01-29
inv_91995,sub_53524,236.56,2023-10-04
inv_91996,sub_52805,444.98,2023-07-08
inv_91997,sub_53917,654.65,2024-01-08
inv_91998,sub_51685,200.04,2024-11-12
inv_91999,sub_52011,992.07,2023-05-12
inv_92000,sub_53359,1220.46,2023-08-23
inv_92001,sub_51384,995.7,2023-03-28
inv_92002,sub_53997,730.06,2024-04-17
inv_92003,sub_51149,1427.63,2024-07-16
inv_92004,sub_51214,693.94,2024-09-01
inv_92005,sub_52793,294.79,2023-02-13
inv_92006,sub_53640,542.88,2024-09-05
inv_92007,sub_51087,1387.86,2023-10-12
inv_92008,sub_51547,165.97,2023-08-18
inv_92009,sub_51291,355.28,2023-02-27
inv_92010,sub_51716,1065.43,2023-10-21
inv_92011,sub_53867,450.19,2024-11-28
inv_92012,sub_50011,644.91,2024-12-13
inv_92013,sub_52004,474.84,2024-09-15
inv_92014,sub_53032,113.88,2023-06-10
inv_92016,sub_52077,693.71,2024-10-15
inv_92017,sub_50223,54.6,2024-04-03
inv_92018,sub_53099,116.12,2023-01-27
inv_92019,sub_51756,1414.9,2024-06-04
inv_92020,sub_50217,1338.45,2023-05-29
inv_92021,sub_53180,307.63,2024-01-01
inv_92022,sub_52757,1136.19,2024-02-11
inv_92023,sub_52306,939.58,2024-10-04
inv_92024,sub_53698,774.65,2023-01-17
inv_92025,sub_50253,1164.81,2024-07-02
inv_92026,sub_53829,1268.84,2023-04-12
inv_92027,sub_51165,797.14,2024-07-08
inv_92028,sub_52603,914.06,2024-02-01
inv_92029,sub_52812,1409.36,2023-12-03
inv_92030,sub_51073,129.08,2023-03-11
inv_92031,sub_50738,430.41,2023-06-28
inv_92032,sub_53948,233.8,2024-02-26
inv_92033,sub_53904,107.51,2024-09-27
inv_92034,sub_50337,389.5,2024-07-23
inv_92035,sub_50742,1180.55,2023-05-03
inv_92036,sub_51941,1073.62,2024-10-01
inv_92037,sub_51281,1238.32,2024-12-05
inv_92038,sub_50317,846.43,2024-03-16
inv_92039,sub_51816,785.36,2023-05-27
inv_92040,sub_50867,1201.71,2024-11-06
inv_92041,sub_52377,621.72,2023-11-27
inv_92042,sub_51761,1084.74,2024-02-26
inv_92043,sub_52900,568.88,2023-10-25
inv_92044,sub_52805,1335.91,2024-02-11
inv_92045,sub_50918,685.84,2024-04-28
inv_92047,sub_51431,514.47,2024-03-31
inv_92048,sub_53791,182.6,2023-03-24
inv_92049,sub_53154,792.12,2024-05-07
inv_92050,sub_52847,213.79,2024-06-15
inv_92051,sub_53677,188.36,2024-03-30
inv_92052,sub_50074,1393.38,2023-07-23
inv_92053,sub_50891,727.89,2024-07-04
inv_92054,sub_53434,694.58,2024-03-31
inv_92055,sub_50625,1068.65,2024-03-29
inv_92056,sub_52954,333.31,2024-01-30
inv_92057,sub_53058,787.97,2023-08-28
inv_92058,sub_51707,117.13,2024-11-04
inv_92059,sub_52998,930.92,2024-02-13
inv_92060,sub_51263,90.13,2024-12-09
inv_92061,sub_51604,217.42,2024-12-16
inv_92062,sub_53994,952.32,2023-06-30
inv_92063,sub_53880,1015.12,2023-06-08
inv_92064,sub_53888,1244.17,2023-01-30
inv_92065,sub_51972,475.03,2024-08-24
inv_92066,sub_53638,496.43,2024-09-23
inv_92067,sub_51673,288.79,2023-10-13
inv_92068,sub_50364,968.37,2023-05-27
inv_92069,sub_51145,528.46,2023-04-22
inv_92070,sub_52971,210.92,2024-11-24
inv_92071,sub_53353,127.9,2024-11-07
inv_92072,sub_52798,144.25,2023-06-23
inv_92073,sub_50335,1221.13,2024-06-17
inv_92074,sub_50606,527.13,2023-09-19
inv_92075,sub_53922,1169.67,2024-12-02
inv_92076,sub_53290,193.45,2023-08-13
inv_92078,sub_51414,110.16,2024-06-23
inv_92079,sub_53791,1095.83,2024-11-19
inv_92080,sub_52474,1351.84,2024-08-25
inv_92081,sub_50519,1467.25,2023-12-24
inv_92082,sub_50283,108.73,2023-09-15
inv_92083,sub_52839,1168.34,2024-01-04
inv_92084,sub_52425,469.02,2024-09-27
inv_92085,sub_53198,1186.75,2023-05-21
inv_92086,sub_52941,1485.7,2023-07-12
inv_92087,sub_51157,878.19,2023-06-05
inv_92088,sub_52118,385.43,2023-05-19
inv_92089,sub_51812,109.84,2023-01-12
inv_92090,sub_51827,733.93,2024-10-26
inv_92091,sub_50304,427.06,2024-05-05
inv_92092,sub_51622,451.36,2023-08-26
inv_92093,sub_51620,1496.96,2023-04-20
inv_92094,sub_52018,1328.34,2024-10-20
inv_92095,sub_50190,367.14,2023-05-15
inv_92096,sub_51279,276.36,2023-08-21
inv_92097,sub_51157,122.9,2024-04-15
inv_92098,sub_53898,988.11,2024-08-24
inv_92099,sub_53959,1077.07,2023-06-05
inv_92100,sub_53124,1040.56,2023-03-23
inv_92101,sub_53925,1019.84,2024-04-13
inv_92102,sub_50243,73.31,2023-06-16
inv_92103,sub_51178,485.05,2024-09-28
inv_92104,sub_51611,39.74,2023-01-25
inv_92105,sub_50387,255.74,2024-04-28
inv_92106,sub_53482,198.95,2023-06-24
inv_92107,sub_53442,76.26,2024-11-19
inv_92109,sub_50640,678.28,2023-02-05
inv_92110,sub_52633,1351.16,2023-10-05
inv_92111,sub_50804,1488.66,2023-12-26
inv_92112,sub_50696,193.36,2024-09-14
inv_92113,sub_53340,1137.2,2024-05-16
inv_92114,sub_50502,718.89,2024-06-19
inv_92115,sub_53336,636.45,2023-07-07
inv_92116,sub_51413,1342.62,2024-02-16
inv_92117,sub_52847,1271.4,2024-01-12
inv_92118,sub_51669,376.32,2024-07-22
inv_92119,sub_52223,1430.35,2023-10-07
inv_92120,sub_52740,591.09,2024-11-11
inv_92121,sub_51384,977.89,2023-10-19
inv_92122,sub_53110,499.53,2024-08-11
inv_92123,sub_51585,27.79,2024-02-29
inv_92124,sub_53811,1428.2,2024-06-14
inv_92125,sub_51434,357.13,2024-10-08
inv_92126,sub_52702,1088.2,2023-11-13
inv_92127,sub_52476,271.93,2024-10-06
inv_92128,sub_53290,119.37,2024-04-26
inv_92129,sub_53950,132.99,2023-03-17
inv_92130,sub_53339,1048.84,2024-12-25
inv_92131,sub_51682,365.45,2023-10-23
inv_92132,sub_50782,1458.16,2023-08-27
inv_92133,sub_50997,1425.44,2023-04-05
inv_92134,sub_52845,229.23,2024-05-15
inv_92135,sub_53053,96.97,2023-10-20
inv_92136,sub_51310,478.17,2024-06-25
inv_92137,sub_53232,1392.36,2024-08-07
inv_92138,sub_53053,990.37,2023-01-21
inv_92140,sub_52486,1076.07,2023-01-19
inv_92141,sub_50979,79.14,2023-08-03
inv_92142,sub_50924,1246.57,2024-08-24
inv_92143,sub_52495,191.13,2023-03-14
inv_92144,sub_53984,779.82,2023-01-02
inv_92145,sub_50658,931.81,2024-02-13
inv_92146,sub_51798,97.48,2024-03-14
inv_92147,sub_51054,438.22,2023-01-07
inv_92148,sub_52447,330.47,2023-01-31
inv_92149,sub_52875,1136.15,2024-05-07
inv_92150,sub_51802,650.0,2024-10-26
inv_92151,sub_50355,450.67,2023-01-13
inv_92152,sub_51569,887.09,2023-06-07
inv_92153,sub_51604,52.81,2023-12-19
inv_92154,sub_51164,248.88,2024-02-29
inv_92155,sub_50880,534.52,2024-05-15
inv_92156,sub_51150,76.67,2024-07-24
inv_92157,sub_52062,1294.73,2023-12-12
inv_92158,sub_50437,675.96,2023-09-29
inv_92159,sub_51216,449.33,2023-03-18
inv_92160,sub_50997,1477.17,2024-06-23
inv_92161,sub_53811,827.89,2023-05-13
inv_92162,sub_51294,820.64,2023-07-05
inv_92163,sub_52944,383.19,2024-11-07
inv_92164,sub_51439,528.12,2024-02-06
inv_92165,sub_50934,700.54,2023-09-09
inv_92166,sub_52192,1153.35,2024-01-28
inv_92167,sub_53130,168.15,2024-05-05
inv_92168,sub_52530,908.94,2024-07-31
inv_92169,sub_50183,438.0,2023-08-02
inv_92171,sub_50042,607.04,2023-04-21
inv_92172,sub_50010,486.35,2024-09-02
inv_92173,sub_52589,1111.44,2023-12-27
inv_92174,sub_50114,703.11,2024-02-17
inv_92175,sub_50509,397.75,2024-11-18
inv_92176,sub_51076,781.68,2024-06-02
inv_92177,sub_51914,186.95,2024-11-06
inv_92178,sub_51776,902.28,2024-05-07
inv_92179,sub_53848,1181.15,2023-08-19
inv_92180,sub_52278,236.43,2023-04-20
inv_92181,sub_50233,908.27,2023-02-24
inv_92182,sub_50188,939.35,2023-04-30
inv_92183,sub_51142,912.33,2024-06-22
inv_92184,sub_52464,224.07,2024-12-03
inv_92185,sub_51564,841.06,2023-01-24
inv_92186,sub_52350,1453.36,2024-06-07
inv_92187,sub_53440,911.17,2024-04-18
inv_92188,sub_52548,305.53,2024-06-17
inv_92189,sub_53428,968.85,2024-11-18
inv_92190,sub_51576,1377.1,2023-09-21
inv_92191,sub_53703,598.55,2023-01-12
inv_92192,sub_52575,1496.91,2024-10-11
inv_92193,sub_50462,40.68,2024-03-13
inv_92194,sub_50145,346.96,2023-08-28
inv_92195,sub_52129,1095.79,2023-06-01
inv_92196,sub_52799,1274.1,2024-07-19
inv_92197,sub_52584,1066.59,2023-07-07
inv_92198,sub_50981,573.53,2024-04-14
inv_92199,sub_51297,502.27,2024-05-23
inv_92200,sub_50556,708.33,2023-02-08
inv_92202,sub_51298,61.64,2023-03-08
inv_92203,sub_53888,824.55,2024-10-06
inv_92204,sub_53433,812.21,2023-06-05
inv_92205,sub_50189,625.62,2024-02-16
inv_92206,sub_51474,1300.91,2024-03-27
inv_92207,sub_52032,621.13,2024-04-21
inv_92208,sub_52239,1371.97,2024-05-31
inv_92209,sub_51931,201.78,2023-01-11
inv_92210,sub_52098,947.19,2024-05-29
inv_92211,sub_50863,912.39,2023-05-15
inv_92212,sub_50006,1375.98,2024-02-06
inv_92213,sub_52880,649.23,2023-05-14
inv_92214,sub_52528,515.22,2024-06-04
inv_92215,sub_52307,820.44,2024-01-20
inv_92216,sub_51449,670.21,2024-05-28
inv_92217,sub_53858,1163.78,2023-09-06
inv_92218,sub_51641,708.71,2024-10-16
inv_92219,sub_50074,658.67,2023-03-09
inv_92220,sub_52323,1057.42,2024-05-21
inv_92221,sub_53759,549.88,2023-01-03
inv_92222,sub_50891,795.5,2023-11-02
inv_92223,sub_52654,102.85,2023-07-29
inv_92224,sub_53584,846.34,2023-01-03
inv_92225,sub_50361,543.24,2023-07-29
inv_92226,sub_50287,542.69,2023-01-07
inv_92227,sub_50042,1133.11,2024-12-11
inv_92228,sub_52182,330.79,2024-11-17
inv_92229,sub_50779,467.68,2024-07-08
inv_92230,sub_51314,985.94,2024-07-22
inv_92231,sub_51201,1183.45,2023-12-05
inv_92233,sub_53749,1376.29,2023-03-06
inv_92234,sub_53008,673.4,2024-06-17
inv_92235,sub_51235,343.44,2024-04-07
inv_92236,sub_51597,61.72,2024-06-18
inv_92237,sub_53049,1463.82,2023-07-11
inv_92238,sub_53190,551.26,2024-11-26
inv_92239,sub_52337,777.01,2023-05-01
inv_92240,sub_53954,1056.63,2024-09-02
inv_92241,sub_51454,1050.43,2023-08-25
inv_92242,sub_52640,1227.87,2023-06-03
inv_92243,sub_51069,1017.87,2024-02-21
inv_92244,sub_53114,1243.71,2023-07-14
inv_92245,sub_53099,1037.15,2023-02-22
inv_92246,sub_51066,1144.54,2023-07-08
inv_92247,sub_51343,867.64,2024-08-18
inv_92248,sub_50087,402.04,2024-11-28
inv_92249,sub_52765,1071.65,2023-03-12
inv_92250,sub_52516,1397.32,2024-08-10
inv_92251,sub_53256,482.87,2024-07-27
inv_92252,sub_52353,774.27,2024-12-24
inv_92253,sub_53055,773.24,2023-10-25
inv_92254,sub_50966,1078.5,2023-10-14
inv_92255,sub_53340,1475.05,2024-01-06
inv_92256,sub_52032,1073.39,2023-08-28
inv_92257,sub_51277,980.77,2023-11-19
inv_92258,sub_52420,545.27,2023-03-19
inv_92259,sub_50645,1412.31,2024-07-24
inv_92260,sub_51650,1142.83,2023-12-08
inv_92261,sub_50583,884.72,2024-12-29
inv_92262,sub_50909,1314.54,2024-10-07
inv_92264,sub_51782,248.2,2024-01-26
inv_92265,sub_52263,1192.63,2023-05-19
inv_92266,sub_50403,1031.42,2023-02-10
inv_92267,sub_52881,696.54,2023-12-11
inv_92268,sub_52443,68.06,2023-07-27
inv_92269,sub_50751,1104.39,2024-10-16
inv_92270,sub_51442,1276.12,2024-04-17
inv_92271,sub_50093,976.43,2023-11-08
inv_92272,sub_51175,1201.57,2023-03-28
inv_92273,sub_53256,404.09,2023-05-27
inv_92274,sub_50608,433.26,2023-08-03
inv_92275,sub_53257,1473.16,2023-07-07
inv_92276,sub_53606,522.21,2023-11-29
inv_92277,sub_52065,792.82,2024-01-09
inv_92278,sub_53604,1374.33,2023-11-30
inv_92279,sub_53690,676.75,2024-08-31
inv_92280,sub_53466,345.79,2024-05-15
inv_92281,sub_51095,269.02,2024-02-13
inv_92282,sub_50030,824.47,2023-12-30
inv_92283,sub_50182,220.56,2024-11-10
inv_92284,sub_51610,253.02,2024-01-19
inv_92285,sub_53245,1276.08,2024-09-18
inv_92286,sub_50448,413.46,2024-11-23
inv_92287,sub_53936,1152.49,2023-09-01
inv_92288,sub_53451,1164.36,2023-08-11
inv_92289,sub_53234,865.9,2024-01-05
inv_92290,sub_53879,901.04,2023-11-23
inv_92291,sub_51668,911.07,2023-05-05
inv_92292,sub_51904,1465.53,2023-01-15
inv_92293,sub_51930,111.12,2024-03-21
inv_92295,sub_53364,1181.21,2024-09-06
inv_92296,sub_53203,321.12,2023-07-18
inv_92297,sub_51592,345.75,2023-02-19
inv_92298,sub_50394,530.73,2024-10-29
inv_92299,sub_50750,718.16,2024-05-09
inv_92300,sub_50822,712.83,2024-07-09
inv_92301,sub_53245,1349.87,2023-05-06
inv_92302,sub_52177,465.24,2024-07-13
inv_92303,sub_52025,810.21,2023-01-18
inv_92304,sub_51463,242.21,2023-04-14
inv_92305,sub_52222,1277.01,2023-10-24
inv_92306,sub_50205,862.43,2023-03-04
inv_92307,sub_53481,1445.07,2023-12-17
inv_92308,sub_53296,495.82,2024-06-12
inv_92309,sub_51871,775.55,2023-11-28
inv_92310,sub_53551,706.0,2023-04-23
inv_92311,sub_50867,52.89,2023-06-10
inv_92312,sub_53543,1219.02,2023-08-26
inv_92313,sub_51854,1144.33,2023-09-09
inv_92314,sub_53813,951.96,2023-11-05
inv_92315,sub_50172,1288.95,2024-01-10
inv_92316,sub_52621,364.52,2024-12-03
inv_92317,sub_52789,394.08,2023-01-01
inv_92318,sub_53286,1459.45,2024-03-03
inv_92319,sub_51138,1459.1,2024-12-02
inv_92320,sub_51884,823.79,2024-01-05
inv_92321,sub_52721,109.97,2024-12-28
inv_92322,sub_51705,1403.49,2024-10-01
inv_92323,sub_53661,1086.21,2023-07-22
inv_92324,sub_52045,122.21,2024-07-03
inv_92326,sub_50290,51.29,2024-12-28
inv_92327,sub_53618,1049.29,2023-03-13
inv_92328,sub_53331,1104.86,2024-02-15
inv_92329,sub_51321,405.05,2023-04-18
inv_92330,sub_52309,1216.59,2024-11-14
inv_92331,sub_50842,276.64,2023-06-20
inv_92332,sub_53579,1374.66,2024-02-05
inv_92333,sub_53826,1432.5,2023-12-28
inv_92334,sub_50698,1032.95,2023-01-31
inv_92335,sub_50326,907.52,2023-03-22
inv_92336,sub_51792,733.88,2024-06-06
inv_92337,sub_52917,674.59,2023-11-18
inv_92338,sub_50085,1273.35,2023-11-03
inv_92339,sub_51909,966.93,2023-02-02
inv_92340,sub_50046,1294.35,2024-02-14
inv_92341,sub_50751,227.81,2023-02-15
inv_92342,sub_50311,1407.05,2024-05-20
inv_92343,sub_51364,924.71,2024-04-21
inv_92344,sub_52808,437.17,2024-07-13
inv_92345,sub_52641,898.27,2024-09-06
inv_92346,sub_53803,283.24,2024-07-30
inv_92347,sub_53218,1234.03,2024-02-23
inv_92348,sub_53608,45.3,2023-11-12
inv_92349,sub_52626,435.18,2023-01-19
inv_92350,sub_51900,1459.42,2024-10-07
inv_92351,sub_50077,640.79,2023-02-22
inv_92352,sub_52979,551.05,2024-09-23
inv_92353,sub_51557,1345.89,2023-05-12
inv_92354,sub_51935,324.42,2024-07-24
inv_92355,sub_51008,1453.04,2023-04-08
inv_92357,sub_52427,765.22,2023-06-12
inv_92358,sub_50570,1374.97,2023-03-29
inv_92359,sub_52111,1065.36,2024-07-02
inv_92360,sub_51838,1190.1,2023-04-23
inv_92361,sub_51768,1430.5,2024-11-30
inv_92362,sub_51192,1033.03,2023-10-03
inv_92363,sub_51408,124.37,2024-09-14
inv_92364,sub_53860,628.85,2023-08-09
inv_92365,sub_52000,41.5,2023-09-25
inv_92366,sub_50121,1241.6,2024-11-16
inv_92367,sub_51153,916.39,2024-06-17
inv_92368,sub_51323,352.62,2023-11-22
inv_92369,sub_52923,85.68,2023-05-23
inv_92370,sub_53992,1451.58,2024-04-11
inv_92371,sub_52605,451.16,2024-07-30
inv_92372,sub_50998,1408.08,2025-01-01
inv_92373,sub_53595,191.44,2024-07-30
inv_92374,sub_50414,1031.84,2024-01-25
inv_92375,sub_51443,430.57,2024-08-28
inv_92376,sub_51151,1378.51,2023-01-25
inv_92377,sub_51680,219.2,2024-08-14
inv_92378,sub_52750,488.0,2023-05-15
inv_92379,sub_53020,1135.71,2024-09-20
inv_92380,sub_51369,760.68,2024-10-11
inv_92381,sub_53354,604.52,2024-04-04
inv_92382,sub_50643,543.63,2024-09-01
inv_92383,sub_50778,301.36,2024-11-12
inv_92384,sub_52917,344.97,2023-01-23
inv_92385,sub_50607,94.3,2024-03-03
inv_92386,sub_53155,829.44,2023-05-26
inv_92388,sub_51157,518.45,2023-06-15
inv_92389,sub_52276,184.95,2023-09-14
inv_92390,sub_52346,713.23,2023-11-21
inv_92391,sub_53371,1231.92,2023-11-23
inv_92392,sub_53546,241.65,2023-08-17
inv_92393,sub_50593,578.27,2023-03-29
inv_92394,sub_53999,67.89,2024-07-17
inv_92395,sub_50636,187.17,2024-06-21
inv_92396,sub_51691,276.23,2023-11-24
inv_92397,sub_53253,1139.83,2024-11-19
inv_92398,sub_50525,570.65,2023-11-23
inv_92399,sub_50269,378.53,2024-07-31
inv_92400,sub_53095,951.62,2024-09-27
inv_92401,sub_51606,1234.92,2024-09-15
inv_92402,sub_51217,286.49,2024-11-12
inv_92403,sub_51668,450.31,2024-09-19
inv_92404,sub_52040,1150.2,2023-01-17
inv_92405,sub_51945,50.21,2023-10-26
inv_92406,sub_51383,579.23,2023-03-15
inv_92407,sub_51458,551.79,2023-05-20
inv_92408,sub_51986,1347.19,2023-06-06
inv_92409,sub_53917,1282.06,2024-02-13
inv_92410,sub_52333,1386.96,2024-08-21
inv_92411,sub_53610,547.97,2024-05-11
inv_92412,sub_51455,1230.04,2023-11-08
inv_92413,sub_50469,1001.1,2023-01-16
inv_92414,sub_51027,497.67,2024-08-11
inv_92415,sub_50201,663.46,2023-11-05
inv_92416,sub_52944,1298.66,2024-06-22
inv_92417,sub_53042,1250.39,2024-09-15
inv_92419,sub_52518,762.65,2024-02-01
inv_92420,sub_53273,652.77,2023-03-17
inv_92421,sub_53800,1311.91,2023-04-21
inv_92422,sub_53548,801.56,2024-03-30
inv_92423,sub_53575,105.08,2023-01-14
inv_92424,sub_51795,418.74,2024-07-21
inv_92425,sub_52487,1218.43,2023-01-14
inv_92426,sub_51702,155.23,2023-02-10
inv_92427,sub_50626,1312.41,2023-07-14
inv_92428,sub_50470,572.84,2024-03-18
inv_92429,sub_53687,707.69,2023-11-21
inv_92430,sub_50760,190.48,2024-02-25
inv_92431,sub_50800,563.82,2023-06-11
inv_92432,sub_52563,399.79,2023-10-14
inv_92433,sub_51233,1455.47,2023-12-30
inv_92434,sub_53699,1423.65,2024-04-06
inv_92435,sub_51779,1475.27,2023-11-10
inv_92436,sub_51869,801.31,2024-06-08
inv_92437,sub_52365,164.22,2023-11-21
inv_92438,sub_53248,569.7,2023-09-04
inv_92439,sub_52550,812.31,2024-04-22
inv_92440,sub_52011,1417.37,2024-11-28
inv_92441,sub_53668,1006.96,2023-11-11
inv_92442,sub_50546,492.29,2024-05-27
inv_92443,sub_50086,755.87,2023-10-30
inv_92444,sub_50594,254.83,2023-06-15
inv_92445,sub_50005,1175.89,2024-04-25
inv_92446,sub_53044,335.98,2024-02-28
inv_92447,sub_50049,36.38,2023-11-06
inv_92448,sub_51319,296.21,2023-09-05
inv_92450,sub_50447,1142.69,2023-05-17
inv_92451,sub_52611,1359.78,2023-09-28
inv_92452,sub_53082,168.86,2024-08-25
inv_92453,sub_50869,1083.44,2023-12-02
inv_92454,sub_50899,776.33,2023-07-16
inv_92455,sub_50061,1318.51,2023-03-14
inv_92456,sub_52824,775.7,2024-02-25
inv_92457,sub_51765,37.2,2023-01-27
inv_92458,sub_50998,1079.21,2023-04-23
inv_92459,sub_52658,418.63,2023-02-22
inv_92460,sub_52679,328.26,2023-08-27
inv_92461,sub_50397,385.74,2023-07-19
inv_92462,sub_53629,584.38,2023-02-06
inv_92463,sub_53716,1208.28,2024-12-15
inv_92464,sub_51938,239.42,2023-02-23
inv_92465,sub_52783,687.01,2023-04-01
inv_92466,sub_50291,554.6,2024-11-19
inv_92467,sub_53121,1082.11,2024-05-16
inv_92468,sub_53531,1452.5,2024-12-01
inv_92469,sub_50717,1401.25,2024-05-29
inv_92470,sub_53470,652.61,2024-06-28
inv_92471,sub_50543,619.5,2023-01-27
inv_92472,sub_53227,162.9,2024-01-21
inv_92473,sub_53533,134.86,2023-02-27
inv_92474,sub_50773,70.93,2024-11-18
inv_92475,sub_50881,795.1,2024-08-17
inv_92476,sub_53119,1145.67,2023-06-11
inv_92477,sub_51629,332.55,2023-10-17
inv_92478,sub_50031,1103.42,2023-10-29
inv_92479,sub_53096,749.76,2024-01-17
inv_92481,sub_51646,940.35,2023-08-19
inv_92482,sub_53838,251.79,2024-09-15
inv_92483,sub_53367,876.0,2024-12-20
inv_92484,sub_53314,830.21,2023-03-10
inv_92485,sub_50667,770.21,2024-10-05
inv_92486,sub_50028,920.68,2023-03-11
inv_92487,sub_53312,1381.6,2023-03-28
inv_92488,sub_51918,715.36,2023-01-30
inv_92489,sub_50328,871.56,2024-12-05
inv_92490,sub_52154,296.64,2024-05-14
inv_92491,sub_51896,976.63,2023-04-29
inv_92492,sub_51870,894.27,2024-02-19
inv_92493,sub_52032,787.75,2024-10-10
inv_92494,sub_52297,667.68,2024-02-11
inv_92495,sub_51789,201.87,2023-03-24
inv_92496,sub_52913,686.71,2025-01-01
inv_92497,sub_53015,1117.15,2023-09-22
inv_92498,sub_51272,180.38,2024-01-22
inv_92499,sub_51474,685.61,2023-08-08
inv_92500,sub_53880,1335.25,2024-05-07
inv_92501,sub_53655,1343.41,2024-09-06
inv_92502,sub_52162,291.87,2024-06-29
inv_92503,sub_50305,339.18,2024-07-05
inv_92504,sub_53229,1423.23,2024-06-01
inv_92505,sub_53946,40.91,2023-04-08
inv_92506,sub_53934,287.78,2024-12-03
inv_92507,sub_51499,540.61,2023-10-07
inv_92508,sub_52734,426.52,2024-04-03
inv_92509,sub_53802,300.03,2023-06-20
inv_92510,sub_51599,410.14,2024-04-02
inv_92512,sub_53484,948.25,2024-08-07
inv_92513,sub_50343,312.5,2023-02-12
inv_92514,sub_51084,658.44,2024-01-16
inv_92515,sub_50586,757.54,2023-02-26
inv_92516,sub_53981,1098.13,2023-12-31
inv_92517,sub_51768,391.99,2023-10-14
inv_92518,sub_53253,332.36,2024-10-10
inv_92519,sub_50728,870.98,2023-09-01
inv_92520,sub_52163,1224.22,2024-03-08
inv_92521,sub_51307,166.8,2024-08-23
inv_92522,sub_51045,687.32,2024-08-09
inv_92523,sub_52384,214.46,2023-08-18
inv_92524,sub_50799,685.25,2024-11-01
inv_92525,sub_53927,1395.99,2024-09-05
inv_92526,sub_51428,199.43,2023-08-12
inv_92527,sub_53386,1030.56,2023-03-27
inv_92528,sub_52781,1215.54,2023-05-30
inv_92529,sub_50639,671.32,2024-03-19
inv_92530,sub_50404,539.66,2023-09-18
inv_92531,sub_53189,243.88,2024-12-15
inv_92532,sub_50345,148.87,2024-07-08
inv_92533,sub_53076,1307.86,2024-12-10
inv_92534,sub_51212,1396.02,2023-06-11
inv_92535,sub_50977,197.76,2023-12-03
inv_92536,sub_52077,339.46,2023-03-31
inv_92537,sub_53873,1053.78,2023-08-11
inv_92538,sub_50701,942.2,2023-12-26
inv_92539,sub_52010,58.85,2023-10-26
inv_92540,sub_53771,1334.46,2024-09-29
inv_92541,sub_51812,1284.21,2024-07-02
inv_92543,sub_51513,476.66,2024-02-16
inv_92544,sub_50594,964.95,2024-03-26
inv_92545,sub_53915,986.07,2024-06-17
inv_92546,sub_53458,1434.63,2023-04-19
inv_92547,sub_52298,707.6,2023-04-29
inv_92548,sub_51961,1092.71,2023-11-18
inv_92549,sub_50552,896.86,2024-03-18
inv_92550,sub_51190,260.17,2024-06-04
inv_92551,sub_51036,989.77,2024-02-04
inv_92552,sub_52252,489.45,2024-08-27
inv_92553,sub_50626,616.15,2024-05-14
inv_92554,sub_52827,1394.65,2023-12-27
inv_92555,sub_52810,819.01,2024-02-13
inv_92556,sub_53409,908.36,2024-04-06
inv_92557,sub_52874,1073.16,2023-06-14
inv_92558,sub_52693,925.83,2024-10-21
inv_92559,sub_50217,352.25,2023-05-03
inv_92560,sub_51606,199.82,2023-05-22
inv_92561,sub_52096,141.4,2023-04-19
inv_92562,sub_53873,170.16,2023-02-04
inv_92563,sub_51228,50.25,2024-12-29
inv_92564,sub_53666,754.71,2024-11-02
inv_92565,sub_52695,1489.6,2024-04-25
inv_92566,sub_50942,724.57,2024-06-06
inv_92567,sub_50201,572.98,2023-05-01
inv_92568,sub_52971,1036.66,2023-01-04
inv_92569,sub_50525,88.81,2023-09-05
inv_92570,sub_52314,1277.59,2023-02-27
inv_92571,sub_52574,138.2,2024-11-26
inv_92572,sub_50931,1449.58,2024-03-09
inv_92574,sub_53871,116.78,2023-02-23
inv_92575,sub_53402,1360.52,2024-05-05
inv_92576,sub_50458,881.1,2024-11-03
inv_92577,sub_53755,753.74,2024-05-16
inv_92578,sub_53558,1126.17,2023-09-20
inv_92579,sub_50271,1035.43,2024-01-29
inv_92580,sub_53394,95.19,2023-09-30
inv_92581,sub_52245,520.66,2024-07-16
inv_92582,sub_52784,1232.98,2024-06-20
inv_92583,sub_52215,986.86,2024-10-08
inv_92584,sub_53281,481.84,2024-11-12
inv_92585,sub_50557,444.57,2023-03-01
inv_92586,sub_53692,423.4,2024-09-23
inv_92587,sub_53058,770.49,2024-02-18
inv_92588,sub_51193,1281.21,2023-08-16
inv_92589,sub_52056,645.84,2023-10-27
inv_92590,sub_51295,177.66,2024-03-02
inv_92591,sub_51351,1329.04,2024-05-20
inv_92592,sub_53652,634.98,2024-03-31
inv_92593,sub_53853,1458.52,2023-04-22
inv_92594,sub_51405,565.9,2023-11-20
inv_92595,sub_53432,419.41,2024-12-12
inv_92596,sub_51909,1248.07,2023-08-06
inv_92597,sub_53726,290.18,2023-03-22
inv_92598,sub_50619,582.18,2024-07-05
inv_92599,sub_53901,181.71,2024-02-27
inv_92600,sub_52119,567.92,2024-02-05
inv_92601,sub_50878,461.36,2024-06-23
inv_92602,sub_52766,524.52,2024-12-05
inv_92603,sub_52416,747.55,2024-05-11
inv_92605,sub_52673,1456.87,2024-05-31
inv_92606,sub_53428,1128.46,2024-07-21
inv_92607,sub_50751,662.77,2024-12-16
inv_92608,sub_50967,468.05,2023-11-08
inv_92609,sub_50748,324.88,2024-09-23
inv_92610,sub_50756,805.16,2024-06-16
inv_92611,sub_52615,722.3,2023-01-17
inv_92612,sub_51359,220.86,2023-03-26
inv_92613,sub_53262,330.37,2023-07-06
inv_92614,sub_51950,1382.82,2023-06-30
inv_92615,sub_51341,810.57,2024-02-17
inv_92616,sub_50480,769.99,2023-04-11
inv_92617,sub_50266,948.07,2023-01-11
inv_92618,sub_52904,831.94,2024-05-28
inv_92619,sub_51913,402.86,2024-02-27
inv_92620,sub_50465,533.51,2023-11-16
inv_92621,sub_51915,192.87,2023-06-24
inv_92622,sub_50280,1156.48,2024-01-20
inv_92623,sub_53846,205.78,2024-01-19
inv_92624,sub_51862,953.33,2023-09-04
inv_92625,sub_53695,1069.48,2023-02-03
inv_92626,sub_50100,641.6,2023-04-26
inv_92627,sub_53544,974.77,2024-09-19
inv_92628,sub_53231,350.28,2024-07-20
inv_92629,sub_52497,531.19,2023-06-09
inv_92630,sub_52513,1048.0,2024-04-25
inv_92631,sub_53186,439.82,2024-07-06
inv_92632,sub_50040,269.8,2023-07-18
inv_92633,sub_50946,959.79,2024-01-03
inv_92634,sub_50655,375.02,2024-06-12
inv_92636,sub_52447,661.1,2024-07-25
inv_92637,sub_50878,1456.16,2024-11-01
inv_92638,sub_52113,475.87,2023-03-05
inv_92639,sub_51844,446.85,2023-03-14
inv_92640,sub_51610,1126.42,2024-09-17
inv_92641,sub_52139,1277.83,2023-11-21
inv_92642,sub_51338,498.52,2023-04-15
inv_92643,sub_50792,1191.81,2024-03-14
inv_92644,sub_53083,1053.16,2024-11-18
inv_92645,sub_51273,719.26,2023-11-28
inv_92646,sub_53732,1151.76,2024-10-10
inv_92647,sub_50027,449.63,2023-10-03
inv_92648,sub_53245,222.92,2024-07-23
inv_92649,sub_51064,602.22,2024-06-14
inv_92650,sub_53879,896.67,2023-08-03
inv_92651,sub_50819,381.48,2023-12-13
inv_92652,sub_51953,156.81,2024-03-19
inv_92653,sub_52240,1178.55,2024-01-04
inv_92654,sub_50787,771.53,2023-10-05
inv_92655,sub_52417,931.28,2023-10-04
inv_92656,sub_50090,794.44,2023-10-04
inv_92657,sub_53035,689.29,2023-06-01
inv_92658,sub_51920,929.51,2024-04-08
inv_92659,sub_50631,776.46,2024-09-27
inv_92660,sub_53572,225.51,2024-04-13
inv_92661,sub_53051,1453.28,2023-11-01
inv_92662,sub_50001,1486.69,2024-12-01
inv_92663,sub_51167,1195.08,2023-09-20
inv_92664,sub_50215,801.03,2024-09-07
inv_92665,sub_52219,168.21,2024-04-30
inv_92667,sub_53991,797.0,2024-04-05
inv_92668,sub_53062,528.47,2023-10-05
inv_92669,sub_53628,557.97,2023-04-28
inv_92670,sub_51599,452.79,2023-06-18
inv_92671,sub_52656,71.13,2023-04-06
inv_92672,sub_50454,1108.01,2023-02-21
inv_92673,sub_52151,269.91,2024-12-04
inv_92674,sub_53406,988.92,2023-11-30
inv_92675,sub_51032,953.01,2024-10-26
inv_92676,sub_51305,217.75,2023-03-25
inv_92677,sub_52664,222.99,2024-12-11
inv_92678,sub_51493,873.28,2023-11-15
inv_92679,sub_53221,645.5,2023-07-12
inv_92680,sub_51012,851.83,2024-04-29
inv_92681,sub_53966,862.6,2024-07-02
inv_92682,sub_51033,238.31,2024-03-06
inv_92683,sub_53718,897.71,2023-02-16
inv_92684,sub_50414,711.08,2023-01-27
inv_92685,sub_53633,575.63,2024-10-20
inv_92686,sub_50212,1041.86,2023-12-04
inv_92687,sub_53838,358.9,2023-07-21
inv_92688,sub_51914,110.96,2023-05-07
inv_92689,sub_52455,958.01,2024-01-24
inv_92690,sub_50931,912.78,2024-09-16
inv_92691,sub_52141,1213.4,2024-12-08
inv_92692,sub_51665,1107.21,2023-03-06
inv_92693,sub_53655,404.31,2023-08-10
inv_92694,sub_51671,391.19,2023-07-08
inv_92695,sub_52328,583.93,2024-12-16
inv_92696,sub_52342,102.25,2023-11-16
inv_92698,sub_52412,79.61,2024-08-19
inv_92699,sub_50681,605.43,2023-05-08
inv_92700,sub_50764,1447.04,2024-07-03
inv_92701,sub_53209,1259.37,2023-10-09
inv_92702,sub_50046,456.78,2024-05-21
inv_92703,sub_51698,1219.34,2024-06-03
inv_92704,sub_53981,992.81,2023-01-28
inv_92705,sub_51793,385.44,2023-10-13
inv_92706,sub_51721,90.9,2024-05-14
inv_92707,sub_52380,701.05,2023-09-18
inv_92708,sub_50243,958.88,2024-04-27
inv_92709,sub_53231,1228.81,2024-06-12
inv_92710,sub_51435,1142.34,2023-10-04
inv_92711,sub_51057,1258.31,2024-08-31
inv_92712,sub_52829,244.93,2023-12-14
inv_92713,sub_53964,873.34,2023-09-10
inv_92714,sub_51037,807.97,2024-05-30
inv_92715,sub_51560,860.34,2023-11-12
inv_92716,sub_51665,828.87,2023-01-06
inv_92717,sub_50513,282.12,2023-01-16
inv_92718,sub_52725,926.39,2024-03-08
inv_92719,sub_51124,597.4,2023-07-26
inv_92720,sub_50282,1067.92,2024-05-24
inv_92721,sub_53681,1004.52,2024-12-05
inv_92722,sub_53641,932.09,2024-08-02
inv_92723,sub_51715,216.95,2024-11-18
inv_92724,sub_52580,720.89,2023-05-11
inv_92725,sub_53377,339.87,2023-11-04
inv_92726,sub_53857,995.36,2023-06-06
inv_92727,sub_52235,1043.0,2023-10-22
inv_92729,sub_53560,716.52,2023-09-04
inv_92730,sub_51889,524.14,2024-02-06
inv_92731,sub_53553,927.58,2024-03-02
inv_92732,sub_52099,574.15,2023-12-31
inv_92733,sub_50934,1410.78,2023-03-08
inv_92734,sub_51567,971.4,2023-04-17
inv_92735,sub_50773,939.96,2024-01-24
inv_92736,sub_52256,1177.58,2023-08-25
inv_92737,sub_50963,208.77,2024-02-05
inv_92738,sub_51625,1403.74,2023-04-01
inv_92739,sub_51541,1439.7,2024-09-29
inv_92740,sub_52055,435.97,2023-04-17
inv_92741,sub_53223,198.26,2023-06-05
inv_92742,sub_53164,1173.91,2023-12-13
inv_92743,sub_50481,278.2,2023-11-29
inv_92744,sub_51969,471.27,2023-05-02
inv_92745,sub_53526,536.99,2023-08-02
inv_92746,sub_50735,475.33,2024-10-11
inv_92747,sub_50212,962.68,2023-08-21
inv_92748,sub_52479,780.26,2024-10-02
inv_92749,sub_52147,28.32,2023-12-05
inv_92750,sub_51437,422.19,2023-02-05
inv_92751,sub_53170,599.48,2024-09-17
inv_92752,sub_52568,916.21,2023-09-13
inv_92753,sub_52499,1203.41,2024-02-09
inv_92754,sub_50217,101.59,2024-05-12
inv_92755,sub_52243,867.63,2023-09-22
inv_92756,sub_52362,1155.92,2023-08-08
inv_92757,sub_51387,1157.45,2023-01-07
inv_92758,sub_51643,165.05,2024-05-13
inv_92760,sub_53671,776.11,2023-02-02
inv_92761,sub_51867,540.13,2023-04-26
inv_92762,sub_50981,463.92,2024-03-16
inv_92763,sub_51390,1471.26,2024-08-28
inv_92764,sub_51715,1065.56,2024-07-24
inv_92765,sub_50460,37.75,2023-07-10
inv_92766,sub_50248,223.3,2023-09-23
inv_92767,sub_50012,166.62,2023-08-16
inv_92768,sub_52780,257.03,2023-03-26
inv_92769,sub_51307,926.91,2024-10-05
inv_92770,sub_53745,496.78,2024-12-14
inv_92771,sub_51262,329.38,2023-03-08
inv_92772,sub_50584,404.66,2024-02-22
inv_92773,sub_52000,390.33,2024-12-17
inv_92774,sub_50017,1295.53,2023-10-23
inv_92775,sub_50026,1476.89,2023-09-07
inv_92776,sub_51837,832.17,2023-10-19
inv_92777,sub_50286,193.04,2024-01-19
inv_92778,sub_52165,711.27,2023-08-18
inv_92779,sub_51717,1344.31,2024-02-27
inv_92780,sub_52858,1296.69,2023-08-26
inv_92781,sub_51082,79.2,2023-03-23
inv_92782,sub_53639,318.91,2023-02-17
inv_92783,sub_51431,705.01,2023-08-27
inv_92784,sub_52315,572.99,2023-07-11
inv_92785,sub_51852,1464.59,2023-04-27
inv_92786,sub_52079,272.28,2023-08-14
inv_92787,sub_53355,202.53,2024-05-12
inv_92788,sub_50486,639.52,2023-05-21
inv_92789,sub_52448,1320.74,2024-03-01
inv_92791,sub_52254,116.92,2024-04-24
inv_92792,sub_53172,513.23,2024-07-23
inv_92793,sub_53978,158.33,2023-10-29
inv_92794,sub_53347,211.38,2023-09-10
inv_92795,sub_50899,529.23,2023-06-09
inv_92796,sub_52728,165.95,2024-02-20
inv_92797,sub_50200,228.3,2024-11-18
inv_92798,sub_52596,1487.03,2023-11-05
inv_92799,sub_53615,1217.01,2024-05-22
inv_92800,sub_51255,1381.19,2024-06-23
inv_92801,sub_53867,1422.48,2024-08-04
inv_92802,sub_50543,1430.28,2023-03-29
inv_92803,sub_52256,538.18,2023-03-15
inv_92804,sub_50941,711.31,2023-08-02
inv_92805,sub_52878,540.16,2024-08-18
inv_92806,sub_51850,1333.82,2024-09-05
inv_92807,sub_51872,1303.4,2024-07-09
inv_92808,sub_53000,1364.63,2024-07-26
inv_92809,sub_52024,769.2,2023-10-24
inv_92810,sub_50410,697.77,2024-03-04
inv_92811,sub_53661,717.52,2024-10-27
inv_92812,sub_53205,351.3,2023-08-09
inv_92813,sub_51783,902.22,2024-08-07
inv_92814,sub_51232,1112.58,2024-09-01
inv_92815,sub_52401,1001.93,2024-05-18
inv_92816,sub_50758,64.14,2023-02-22
inv_92817,sub_50843,1343.74,2023-06-17
inv_92818,sub_50496,111.47,2024-07-07
inv_92819,sub_53939,1371.6,2023-05-02
inv_92820,sub_53403,1231.65,2024-03-03
inv_92822,sub_53619,810.15,2024-08-24
inv_92823,sub_52975,1457.76,2023-09-07
inv_92824,sub_50300,333.25,2024-03-16
inv_92825,sub_50814,1034.45,2024-11-06
inv_92826,sub_51183,870.72,2023-08-09
inv_92827,sub_53245,498.83,2024-11-20
inv_92828,sub_52834,1155.38,2023-10-13
inv_92829,sub_52487,311.32,2023-04-25
inv_92830,sub_50181,1366.01,2023-04-12
inv_92831,sub_51903,608.95,2024-07-23
inv_92832,sub_53761,512.08,2024-12-19
inv_92833,sub_53648,1417.93,2023-04-18
inv_92834,sub_53580,29.49,2024-10-27
inv_92835,sub_50027,1406.94,2023-03-14
inv_92836,sub_51686,426.08,2023-02-12
inv_92837,sub_53027,415.62,2023-08-22
inv_92838,sub_52513,1054.51,2024-11-04
inv_92839,sub_51639,211.5,2023-04-24
inv_92840,sub_52163,1365.38,2023-01-21
inv_92841,sub_51788,927.38,2023-10-11
inv_92842,sub_51001,1267.28,2024-05-30
inv_92843,sub_52408,138.28,2023-11-08
inv_92844,sub_52649,778.6,2023-03-13
inv_92845,sub_52492,1356.62,2023-04-25
inv_92846,sub_50694,20.12,2023-05-31
inv_92847,sub_53328,1441.5,2023-10-22
inv_92848,sub_50261,801.64,2023-01-22
inv_92849,sub_50283,1009.09,2024-03-02
inv_92850,sub_53195,640.99,2023-10-26
inv_92851,sub_52741,137.01,2023-01-19
inv_92853,sub_53039,1228.9,2023-12-05
inv_92854,sub_51580,799.78,2023-03-30
inv_92855,sub_50303,978.24,2023-09-16
inv_92856,sub_50909,133.86,2023-08-17
inv_92857,sub_53413,292.19,2023-08-16
inv_92858,sub_53454,158.81,2024-08-21
inv_92859,sub_50951,914.68,2024-06-13
inv_92860,sub_52646,248.99,2023-06-10
inv_92861,sub_50851,563.21,2024-09-16
inv_92862,sub_53481,614.16,2023-10-11
inv_92863,sub_53650,1072.42,2023-06-21
inv_92864,sub_53164,1256.35,2023-06-20
inv_92865,sub_52991,419.78,2024-03-31
inv_92866,sub_50426,1345.36,2023-08-28
inv_92867,sub_52341,159.92,2023-11-22
inv_92868,sub_53653,1444.37,2024-03-30
inv_92869,sub_52760,1344.09,2024-03-28
inv_92870,sub_53511,1125.09,2023-07-23
inv_92871,sub_50022,825.37,2024-12-19
inv_92872,sub_50553,1019.58,2023-01-11
inv_92873,sub_50957,606.08,2024-06-21
inv_92874,sub_53075,1355.47,2023-01-13
inv_92875,sub_53624,1038.55,2024-11-11
inv_92876,sub_53913,545.46,2024-11-08
inv_92877,sub_51176,33.62,2024-12-27
inv_92878,sub_51102,1355.11,2024-10-05
inv_92879,sub_53910,1012.83,2024-11-16
inv_92880,sub_53786,690.95,2024-01-10
inv_92881,sub_53875,115.6,2023-05-30
inv_92882,sub_51983,1120.36,2024-12-25
inv_92884,sub_52367,187.16,2023-05-15
inv_92885,sub_50832,961.5,2023-11-29
inv_92886,sub_53013,511.44,2023-10-27
inv_92887,sub_51058,180.56,2024-08-23
inv_92888,sub_50803,26.53,2023-03-16
inv_92889,sub_53016,1235.45,2024-09-23
inv_92890,sub_50004,343.74,2024-07-27
inv_92891,sub_50747,395.88,2023-01-13
inv_92892,sub_50974,89.85,2023-06-18
inv_92893,sub_50565,1441.89,2024-06-03
inv_92894,sub_50917,1177.55,2023-07-26
inv_92895,sub_51581,422.31,2023-11-04
inv_92896,sub_51513,587.87,2023-07-25
inv_92897,sub_50095,898.35,2024-10-27
inv_92898,sub_50182,580.72,2024-08-07
inv_92899,sub_51281,833.1,2023-10-21
inv_92900,sub_53167,925.64,2023-01-20
inv_92901,sub_53782,599.19,2024-02-21
inv_92902,sub_53433,1416.26,2023-11-15
inv_92903,sub_51671,1278.95,2023-03-10
inv_92904,sub_51357,705.35,2024-05-12
inv_92905,sub_52715,874.89,2024-12-12
inv_92906,sub_50949,1474.09,2023-01-13
inv_92907,sub_50561,798.1,2023-07-27
inv_92908,sub_53850,1190.07,2024-08-14
inv_92909,sub_52695,207.42,2024-07-03
inv_92910,sub_51092,1212.96,2023-12-06
inv_92911,sub_51343,1137.32,2023-02-12
inv_92912,sub_51946,478.94,2024-10-22
inv_92913,sub_53336,273.73,2024-09-24
inv_92915,sub_50082,310.43,2024-05-14
inv_92916,sub_53964,879.16,2023-10-08
inv_92917,sub_51097,64.58,2023-02-23
inv_92918,sub_50041,115.92,2023-12-03
inv_92919,sub_51775,805.07,2024-08-13
inv_92920,sub_53819,735.81,2024-09-03
inv_92921,sub_50206,351.83,2024-03-18
inv_92922,sub_53403,401.0,2024-09-15
inv_92923,sub_51542,469.7,2023-05-18
inv_92924,sub_53990,1010.87,2023-04-28
inv_92925,sub_53372,616.13,2024-02-21
inv_92926,sub_53401,1031.43,2024-09-13
inv_92927,sub_53259,271.38,2024-05-27
inv_92928,sub_51771,854.37,2024-08-20
inv_92929,sub_53317,691.65,2024-08-17
inv_92930,sub_50958,1264.45,2024-05-27
inv_92931,sub_53560,1406.74,2024-09-26
inv_92932,sub_51771,1452.01,2023-07-12
inv_92933,sub_53494,554.06,2023-05-09
inv_92934,sub_50526,1211.51,2024-11-12
inv_92935,sub_50817,1092.65,2023-11-20
inv_92936,sub_50518,1164.75,2024-11-19
inv_92937,sub_51649,69.33,2024-12-05
inv_92938,sub_51874,898.51,2024-07-14
inv_92939,sub_50281,483.23,2023-11-23
inv_92940,sub_52171,196.92,2023-01-25
inv_92941,sub_50146,134.46,2024-01-13
inv_92942,sub_51256,476.44,2024-01-04
inv_92943,sub_50260,285.81,2024-01-16
inv_92944,sub_52008,367.92,2024-11-25
inv_92946,sub_52093,1232.69,2024-12-21
inv_92947,sub_50233,237.09,2023-01-05
inv_92948,sub_53310,1031.39,2023-06-22
inv_92949,sub_53501,1463.87,2024-05-21
inv_92950,sub_53488,972.24,2023-02-22
inv_92951,sub_51809,1421.96,2024-08-14
inv_92952,sub_53512,588.91,2023-03-11
inv_92953,sub_51960,799.43,2023-08-29
inv_92954,sub_53265,241.88,2023-05-17
inv_92955,sub_51528,1004.78,2024-09-04
inv_92956,sub_52886,174.26,2024-01-13
inv_92957,sub_52949,1237.21,2024-04-08
inv_92958,sub_50939,254.98,2023-05-29
inv_92959,sub_50754,378.88,2023-05-19
inv_92960,sub_51645,1328.71,2023-04-03
inv_92961,sub_51857,1354.7,2023-10-21
inv_92962,sub_50589,602.11,2024-12-27
inv_92963,sub_52174,790.5,2023-07-31
inv_92964,sub_50684,109.33,2024-09-20
inv_92965,sub_52353,1241.46,2023-03-23
inv_92966,sub_50557,423.4,2023-08-02
inv_92967,sub_51273,837.46,2024-10-31
inv_92968,sub_52543,979.38,2023-02-08
inv_92969,sub_52945,638.91,2024-12-21
inv_92970,sub_52117,420.63,2023-12-06
inv_92971,sub_51660,1049.12,2024-05-10
inv_92972,sub_50588,668.89,2023-12-25
inv_92973,sub_51964,311.4,2023-05-18
inv_92974,sub_52896,1406.15,2023-08-04
inv_92975,sub_52708,1122.15,2023-10-25
inv_92977,sub_51810,137.67,2024-02-08
inv_92978,sub_51928,365.9,2024-10-22
inv_92979,sub_52412,1094.71,2023-02-19
inv_92980,sub_52550,247.78,2023-09-06
inv_92981,sub_53062,674.83,2023-04-26
inv_92982,sub_52138,334.32,2023-06-10
inv_92983,sub_51989,408.13,2023-07-18
inv_92984,sub_53994,192.91,2024-08-27
inv_92985,sub_51183,965.25,2024-05-04
inv_92986,sub_53269,416.81,2023-09-24
inv_92987,sub_50351,816.51,2023-04-23
inv_92988,sub_53929,1146.86,2024-01-05
inv_92989,sub_53557,956.23,2024-10-29
inv_92990,sub_51756,1252.8,2024-01-16
inv_92991,sub_53993,142.88,2023-03-04
inv_92992,sub_50582,163.21,2024-02-15
inv_92993,sub_53873,405.89,2023-12-15
inv_92994,sub_52491,849.05,2023-03-30
inv_92995,sub_52355,468.21,2024-01-09
inv_92996,sub_50345,723.45,2023-09-09
inv_92997,sub_52095,624.59,2024-07-19
inv_92998,sub_52679,923.12,2024-07-15
inv_92999,sub_51433,465.64,2023-01-09
inv_93000,sub_52583,1197.37,2023-03-05
inv_93001,sub_50797,232.34,2024-01-03
inv_93002,sub_50909,567.69,2023-12-04
inv_93003,sub_52416,913.42,2024-01-05
inv_93004,sub_50802,904.25,2023-07-05
inv_93005,sub_50045,1158.57,2024-12-24
inv_93006,sub_53074,1053.28,2024-02-28
inv_93008,sub_52902,1133.71,2023-10-28
inv_93009,sub_53481,227.21,2024-09-12
inv_93010,sub_50710,1281.5,2024-01-07
inv_93011,sub_52325,747.88,2023-09-10
inv_93012,sub_52531,1227.08,2024-04-19
inv_93013,sub_53286,90.03,2023-03-30
inv_93014,sub_50174,595.95,2023-01-23
inv_93015,sub_53836,167.59,2023-03-29
inv_93016,sub_52880,364.25,2023-01-05
inv_93017,sub_50917,220.93,2023-08-05
inv_93018,sub_52728,256.1,2023-12-30
inv_93019,sub_52906,471.09,2023-07-23
inv_93020,sub_52818,751.09,2023-09-23
inv_93021,sub_51305,327.49,2024-03-16
inv_93022,sub_52874,1272.79,2024-02-13
inv_93023,sub_50154,1190.27,2024-02-04
inv_93024,sub_51947,1063.08,2023-04-13
inv_93025,sub_53497,274.85,2024-02-09
inv_93026,sub_50903,1448.54,2023-06-19
inv_93027,sub_51027,485.1,2024-01-27
inv_93028,sub_53767,296.18,2023-08-21
inv_93029,sub_53736,939.06,2024-05-14
inv_93030,sub_50586,431.97,2024-07-04
inv_93031,sub_53345,408.67,2024-08-08
inv_93032,sub_51751,1090.76,2024-12-18
inv_93033,sub_52945,93.15,2024-08-25
inv_93034,sub_51556,1052.75,2024-04-14
inv_93035,sub_52385,301.58,2023-03-23
inv_93036,sub_50016,537.8,2023-04-08
inv_93037,sub_51446,952.39,2024-04-15
inv_93039,sub_53836,1448.98,2023-03-21
inv_93040,sub_51688,1141.07,2024-01-15
inv_93041,sub_50819,1043.14,2023-12-16
inv_93042,sub_52355,1064.39,2024-06-29
inv_93043,sub_51483,1101.86,2023-03-06
inv_93044,sub_53169,560.53,2023-07-25
inv_93045,sub_52561,1282.0,2023-03-05
inv_93046,sub_52927,933.23,2024-07-25
inv_93047,sub_50935,988.08,2023-09-01
inv_93048,sub_51114,243.21,2023-10-09
inv_93049,sub_52619,913.35,2023-01-10
inv_93050,sub_52885,138.5,2023-06-24
inv_93051,sub_52935,1098.12,2024-06-29
inv_93052,sub_53938,41.55,2024-03-02
inv_93053,sub_51077,1258.13,2024-02-23
inv_93054,sub_50500,1428.09,2023-11-18
inv_93055,sub_51830,993.88,2024-08-26
inv_93056,sub_52383,333.28,2024-11-23
inv_93057,sub_50757,416.74,2024-12-26
inv_93058,sub_52547,985.23,2024-12-05
inv_93059,sub_51089,915.53,2023-06-24
inv_93060,sub_53888,794.44,2024-08-26
inv_93061,sub_51775,317.7,2024-06-24
inv_93062,sub_52531,982.17,2024-08-14
inv_93063,sub_51686,773.24,2023-04-16
inv_93064,sub_50756,1071.45,2024-01-22
inv_93065,sub_52335,1088.41,2023-07-17
inv_93066,sub_53406,100.17,2023-11-24
inv_93067,sub_51275,680.18,2023-10-14
inv_93068,sub_53966,1357.83,2023-06-22
inv_93070,sub_51257,230.06,2024-07-29
inv_93071,sub_50730,1263.71,2023-04-03
inv_93072,sub_53675,781.46,2023-07-16
inv_93073,sub_50633,519.18,2023-03-26
inv_93074,sub_53367,254.23,2024-02-09
inv_93075,sub_53239,1469.4,2024-08-31
inv_93076,sub_50268,736.84,2024-07-03
inv_93077,sub_50745,1266.0,2023-06-10
inv_93078,sub_52480,698.69,2023-07-09
inv_93079,sub_50460,373.93,2024-09-22
inv_93080,sub_52829,52.86,2024-02-08
inv_93081,sub_51753,48.58,2023-05-13
inv_93082,sub_52400,615.42,2023-03-17
inv_93083,sub_51681,546.35,2023-02-19
inv_93084,sub_50479,1073.63,2023-10-09
inv_93085,sub_53394,108.22,2024-11-11
inv_93086,sub_50040,1129.34,2023-08-02
inv_93087,sub_51278,1471.92,2023-04-10
inv_93088,sub_53635,730.4,2023-01-05
inv_93089,sub_52723,1016.06,2024-05-14
inv_93090,sub_50467,316.71,2024-05-26
inv_93091,sub_51955,730.9,2024-09-30
inv_93092,sub_50887,789.25,2023-11-01
inv_93093,sub_50090,407.4,2023-02-01
inv_93094,sub_51112,1239.73,2023-06-05
inv_93095,sub_50177,997.24,2024-03-09
inv_93096,sub_53282,618.32,2023-11-01
inv_93097,sub_52021,1119.75,2024-03-04
inv_93098,sub_50772,558.43,2024-08-30
inv_93099,sub_52810,416.74,2023-01-15
inv_93101,sub_50530,593.7,2023-11-05
inv_93102,sub_50482,500.11,2024-11-04
inv_93103,sub_51324,392.08,2023-07-22
inv_93104,sub_50498,766.55,2023-01-14
inv_93105,sub_52647,1436.62,2023-12-22
inv_93106,sub_53082,79.57,2024-07-16
inv_93107,sub_53352,259.95,2023-05-31
inv_93108,sub_50267,1136.01,2023-05-23
inv_93109,sub_52962,574.66,2024-09-27
inv_93110,sub_53547,348.56,2023-07-05
inv_93111,sub_51125,32.89,2024-06-17
inv_93112,sub_53438,1426.07,2024-10-11
inv_93113,sub_50067,1336.43,2024-05-24
inv_93114,sub_51206,869.81,2024-06-27
inv_93115,sub_50995,412.19,2023-03-23
inv_93116,sub_51667,227.29,2023-09-06
inv_93117,sub_53471,1141.02,2023-11-25
inv_93118,sub_52648,1136.14,2024-06-06
inv_93119,sub_52046,428.91,2023-01-27
inv_93120,sub_50574,862.74,2023-07-21
inv_93121,sub_50863,221.28,2024-05-05
inv_93122,sub_51732,1288.3,2023-07-31
inv_93123,sub_52401,1436.58,2023-05-07
inv_93124,sub_52304,173.1,2024-02-25
inv_93125,sub_53276,503.73,2023-02-08
inv_93126,sub_51591,401.82,2023-08-07
inv_93127,sub_53710,945.97,2024-01-16
inv_93128,sub_53235,510.87,2023-03-06
inv_93129,sub_50568,927.76,2024-06-03
inv_93130,sub_51737,617.22,2023-08-30
inv_93132,sub_50123,497.98,2023-09-08
inv_93133,sub_53282,1276.75,2024-09-20
inv_93134,sub_51849,598.19,2023-01-30
inv_93135,sub_53217,994.89,2024-01-20
inv_93136,sub_50819,1258.17,2023-01-24
inv_93137,sub_52039,721.2,2023-04-22
inv_93138,sub_52242,1237.88,2023-12-12
inv_93139,sub_53638,939.45,2024-04-24
inv_93140,sub_51881,555.44,2023-08-12
inv_93141,sub_51439,900.69,2024-12-11
inv_93142,sub_51055,962.99,2024-08-06
inv_93143,sub_53863,1214.68,2024-11-01
inv_93144,sub_53702,987.92,2023-07-17
inv_93145,sub_53727,270.98,2023-09-30
inv_93146,sub_52782,948.35,2023-09-11
inv_93147,sub_50807,1280.03,2023-12-02
inv_93148,sub_53575,48.3,2024-08-12
inv_93149,sub_53075,798.76,2023-10-25
inv_93150,sub_53538,469.88,2023-08-12
inv_93151,sub_52995,785.95,2023-01-21
inv_93152,sub_50657,499.42,2023-09-30
inv_93153,sub_52043,1126.75,2024-11-10
inv_93154,sub_53738,280.53,2024-07-10
inv_93155,sub_50019,1244.57,2024-02-08
inv_93156,sub_51546,391.66,2023-11-13
inv_93157,sub_52260,560.12,2024-10-19
inv_93158,sub_53965,621.86,2024-05-09
inv_93159,sub_53243,829.53,2024-01-21
inv_93160,sub_52110,904.38,2024-02-12
inv_93161,sub_53067,1421.22,2024-01-01
inv_93163,sub_51967,1154.61,2023-02-24
inv_93164,sub_53030,161.06,2024-06-24
inv_93165,sub_52931,321.59,2023-02-27
inv_93166,sub_51619,1481.92,2023-08-20
inv_93167,sub_53273,1443.01,2024-05-23
inv_93168,sub_50049,1183.81,2024-11-01
inv_93169,sub_53791,1095.82,2023-12-11
inv_93170,sub_51260,548.71,2024-12-28
inv_93171,sub_51379,173.81,2023-10-07
inv_93172,sub_52560,152.12,2023-10-12
inv_93173,sub_50720,1384.04,2024-12-16
inv_93174,sub_53957,816.39,2023-03-19
inv_93175,sub_53983,472.79,2023-01-22
inv_93176,sub_52489,471.25,2023-08-19
inv_93177,sub_52613,985.47,2023-06-24
inv_93178,sub_50636,1205.0,2024-06-11
inv_93179,sub_50263,415.55,2023-02-04
inv_93180,sub_50347,961.16,2023-04-22
inv_93181,sub_52749,199.63,2023-01-26
inv_93182,sub_51410,71.41,2023-11-06
inv_93183,sub_52978,475.81,2023-06-24
inv_93184,sub_52738,823.3,2024-03-05
inv_93185,sub_51249,1431.07,2024-05-31
inv_93186,sub_52818,1084.35,2023-02-05
inv_93187,sub_52657,1126.51,2023-04-22
inv_93188,sub_50140,956.7,2024-02-11
inv_93189,sub_52868,355.18,2023-12-06
inv_93190,sub_51460,169.56,2024-05-17
inv_93191,sub_53203,231.93,2023-07-14
inv_93192,sub_51194,1069.22,2024-01-01
inv_93194,sub_50649,449.73,2024-03-03
inv_93195,sub_52282,221.41,2023-11-20
inv_93196,sub_53829,811.0,2023-09-17
inv_93197,sub_51462,892.03,2023-05-17
inv_93198,sub_50610,90.97,2023-02-14
inv_93199,sub_50495,1036.87,2024-01-28
inv_93200,sub_50088,53.18,2023-05-24
inv_93201,sub_51752,787.22,2024-11-21
inv_93202,sub_52395,665.81,2024-04-14
inv_93203,sub_53595,751.36,2023-05-05
inv_93204,sub_52392,281.61,2023-05-16
inv_93205,sub_52371,1228.47,2024-02-16
inv_93206,sub_51014,670.5,2023-12-16
inv_93207,sub_51422,1252.74,2024-11-10
inv_93208,sub_53188,675.38,2023-11-01
inv_93209,sub_52963,363.69,2024-11-27
inv_93210,sub_52803,902.76,2024-01-28
inv_93211,sub_51564,677.99,2023-04-05
inv_93212,sub_50375,612.4,2024-01-02
inv_93213,sub_50830,516.22,2023-05-19
inv_93214,sub_52485,1235.19,2024-07-26
inv_93215,sub_51629,266.99,2024-08-11
inv_93216,sub_52663,140.5,2024-05-02
inv_93217,sub_52611,885.58,2024-11-05
inv_93218,sub_53038,969.39,2024-04-23
inv_93219,sub_51392,917.36,2023-09-13
inv_93220,sub_52562,691.99,2023-05-15
inv_93221,sub_51958,544.45,2023-04-12
inv_93222,sub_50887,135.12,2023-12-01
inv_93223,sub_52130,1116.42,2023-05-27
inv_93225,sub_53994,324.18,2024-06-20
inv_93226,sub_52342,1369.96,2024-05-02
inv_93227,sub_52728,709.57,2024-11-16
inv_93228,sub_52268,517.36,2024-10-13
inv_93229,sub_52599,96.67,2024-08-22
inv_93230,sub_51065,1365.17,2023-09-10
inv_93231,sub_52519,334.01,2023-03-28
inv_93232,sub_50422,293.38,2023-08-12
inv_93233,sub_53602,623.82,2024-02-21
inv_93234,sub_52838,287.97,2024-07-10
inv_93235,sub_51327,92.52,2024-08-10
inv_93236,sub_51634,695.28,2023-06-09
inv_93237,sub_52949,1300.36,2024-02-11
inv_93238,sub_53914,1143.88,2023-09-30
inv_93239,sub_51886,475.27,2024-12-29
inv_93240,sub_51394,568.43,2023-01-17
inv_93241,sub_50916,724.14,2023-01-13
inv_93242,sub_50508,1349.39,2024-02-24
inv_93243,sub_50000,497.9,2024-05-16
inv_93244,sub_53056,84.21,2024-05-06
inv_93245,sub_52082,1287.29,2024-11-15
inv_93246,sub_50258,1374.42,2023-05-16
inv_93247,sub_50950,729.83,2023-06-30
inv_93248,sub_52276,713.96,2023-08-31
inv_93249,sub_51481,743.7,2024-06-15
inv_93250,sub_51465,662.09,2023-06-05
inv_93251,sub_52554,631.64,2023-08-06
inv_93252,sub_53101,1183.13,2024-08-16
inv_93253,sub_52681,894.94,2024-09-26
inv_93254,sub_51280,440.18,2023-03-25
inv_93256,sub_53600,1100.65,2024-03-08
inv_93257,sub_52155,645.25,2023-10-17
inv_93258,sub_52821,431.09,2024-08-01
inv_93259,sub_52537,603.8,2024-12-07
inv_93260,sub_53808,1400.08,2023-04-16
inv_93261,sub_52692,987.5,2023-01-15
inv_93262,sub_50071,843.68,2023-09-18
inv_93263,sub_51163,1423.63,2024-01-08
inv_93264,sub_53016,812.82,2023-12-18
inv_93265,sub_52949,1498.45,2023-04-19
inv_93266,sub_50007,89.91,2024-11-16
inv_93267,sub_53438,717.33,2024-04-02
inv_93268,sub_52569,658.85,2023-09-10
inv_93269,sub_53699,1083.07,2023-09-29
inv_93270,sub_53107,1432.18,2023-08-16
inv_93271,sub_50079,66.64,2024-12-16
inv_93272,sub_51876,962.27,2023-10-15
inv_93273,sub_50359,552.27,2024-05-06
inv_93274,sub_51131,1140.25,2023-06-07
inv_93275,sub_53032,145.78,2023-05-25
inv_93276,sub_52201,199.72,2023-07-25
inv_93277,sub_53919,107.55,2023-10-31
inv_93278,sub_50987,1188.74,2024-06-22
inv_93279,sub_50224,197.25,2024-07-15
inv_93280,sub_53546,101.23,2024-05-18
inv_93281,sub_53581,1065.83,2023-07-13
inv_93282,sub_51859,1459.95,2023-04-20
inv_93283,sub_53602,1456.91,2024-03-03
inv_93284,sub_50072,56.36,2023-06-15
inv_93285,sub_53971,1385.53,2024-10-09
inv_93287,sub_51402,1031.8,2024-06-09
inv_93288,sub_51580,128.95,2024-06-18
inv_93289,sub_52333,960.18,2023-09-21
inv_93290,sub_50535,1139.6,2024-01-28
inv_93291,sub_50616,1298.46,2023-10-29
inv_93292,sub_52195,811.4,2024-05-29
inv_93293,sub_50531,1333.48,2023-02-01
inv_93294,sub_53437,258.03,2024-07-28
inv_93295,sub_50586,536.07,2023-07-19
inv_93296,sub_53187,1131.43,2023-12-23
inv_93297,sub_53257,490.57,2023-06-08
inv_93298,sub_50089,484.17,2024-07-05
inv_93299,sub_51175,1272.29,2023-03-05
inv_93300,sub_50956,32.24,2023-12-28
inv_93301,sub_50419,529.28,2023-04-29
inv_93302,sub_51603,1245.8,2023-03-06
inv_93303,sub_52467,521.86,2023-11-01
inv_93304,sub_51679,696.59,2023-07-14
inv_93305,sub_52447,42.3,2024-11-03
inv_93306,sub_53608,447.34,2023-11-08
inv_93307,sub_50435,828.8,2024-12-04
inv_93308,sub_50152,677.44,2023-03-21
inv_93309,sub_50849,764.33,2023-07-24
inv_93310,sub_53436,987.6,2023-12-20
inv_93311,sub_50273,405.16,2023-09-10
inv_93312,sub_51478,450.1,2024-04-17
inv_93313,sub_51637,564.04,2023-10-11
inv_93314,sub_52198,1047.73,2024-07-21
inv_93315,sub_53201,1159.7,2023-11-03
inv_93316,sub_53156,1067.36,2024-04-14
inv_93318,sub_53973,859.66,2023-08-25
inv_93319,sub_52895,977.57,2023-10-18
inv_93320,sub_53193,775.32,2024-02-04
inv_93321,sub_53827,736.88,2024-04-11
inv_93322,sub_50069,1373.02,2023-07-09
inv_93323,sub_50444,1066.19,2024-05-03
inv_93324,sub_51605,1196.75,2024-05-04
inv_93325,sub_53387,404.42,2023-05-22
inv_93326,sub_53247,642.99,2023-03-27
inv_93327,sub_51968,256.43,2024-11-19
inv_93328,sub_50758,552.89,2023-05-03
inv_93329,sub_51199,537.41,2024-06-04
inv_93330,sub_51344,52.98,2024-07-09
inv_93331,sub_50743,886.2,2024-08-06
inv_93332,sub_50063,925.09,2023-01-11
inv_93333,sub_53812,181.46,2023-06-24
inv_93334,sub_51550,383.11,2024-08-19
inv_93335,sub_52787,78.44,2024-11-14
inv_93336,sub_53779,1290.87,2024-09-08
inv_93337,sub_52386,64.6,2023-08-27
inv_93338,sub_52324,1425.37,2024-07-28
inv_93339,sub_53099,844.12,2023-11-09
inv_93340,sub_50001,1295.64,2024-09-07
inv_93341,sub_50149,646.7,2023-01-01
inv_93342,sub_51853,991.51,2023-03-09
inv_93343,sub_53705,809.02,2024-04-17
inv_93344,sub_50720,1220.56,2024-09-01
inv_93345,sub_51991,90.57,2023-09-24
inv_93346,sub_51287,101.38,2024-01-17
inv_93347,sub_52233,1419.98,2024-10-06
inv_93349,sub_50177,273.73,2023-09-16
inv_93350,sub_53714,611.69,2024-08-26
inv_93351,sub_51164,949.37,2023-08-01
inv_93352,sub_52512,954.18,2024-04-27
inv_93353,sub_51189,287.36,2023-11-29
inv_93354,sub_52008,747.77,2024-06-06
inv_93355,sub_50906,34.16,2024-10-21
inv_93356,sub_50536,174.35,2023-11-25
inv_93357,sub_50839,772.1,2023-07-21
inv_93358,sub_50982,269.44,2023-08-10
inv_93359,sub_52943,1328.66,2023-03-12
inv_93360,sub_53457,898.61,2024-07-16
inv_93361,sub_53175,588.23,2024-10-13
inv_93362,sub_52104,1166.9,2023-05-20
inv_93363,sub_51627,709.98,2023-06-27
inv_93364,sub_51011,528.4,2023-04-13
inv_93365,sub_50261,903.91,2023-10-22
inv_93366,sub_50786,627.75,2023-10-17
inv_93367,sub_52009,1224.21,2024-02-02
inv_93368,sub_50564,888.0,2024-07-25
inv_93369,sub_52224,241.65,2024-01-01
inv_93370,sub_51389,1418.06,2023-08-03
inv_93371,sub_53942,124.72,2024-06-28
inv_93372,sub_53828,1278.34,2024-10-11
inv_93373,sub_51053,452.93,2023-11-12
inv_93374,sub_52892,1189.04,2024-09-06
inv_93375,sub_50173,462.39,2024-06-22
inv_93376,sub_50822,517.15,2023-07-24
inv_93377,sub_53884,441.36,2023-04-12
inv_93378,sub_53332,1388.94,2024-07-20
inv_93380,sub_53516,1246.08,2024-04-13
inv_93381,sub_50352,105.76,2024-07-12
inv_93382,sub_53019,659.35,2024-08-31
inv_93383,sub_51607,562.85,2023-02-10
inv_93384,sub_51620,556.1,2023-01-28
inv_93385,sub_50211,235.42,2024-01-14
inv_93386,sub_51649,1091.38,2023-03-27
inv_93387,sub_51223,1148.92,2024-04-27
inv_93388,sub_51857,182.76,2023-09-16
inv_93389,sub_53507,232.07,2024-12-28
inv_93390,sub_50092,490.28,2023-09-08
inv_93391,sub_51355,1119.99,2023-03-29
inv_93392,sub_50783,674.8,2024-06-03
inv_93393,sub_50957,1070.15,2024-08-28
inv_93394,sub_52578,746.66,2024-08-18
inv_93395,sub_52347,241.0,2023-06-07
inv_93396,sub_52503,170.89,2024-07-13
inv_93397,sub_53577,82.86,2024-04-01
inv_93398,sub_52219,1304.28,2024-11-18
inv_93399,sub_52077,1423.69,2023-11-28
inv_93400,sub_52496,1206.71,2024-10-05
inv_93401,sub_52453,146.77,2024-09-23
inv_93402,sub_50713,781.1,2024-11-22
inv_93403,sub_52768,240.47,2024-04-18
inv_93404,sub_51776,1495.74,2024-08-24
inv_93405,sub_53454,654.91,2023-03-01
inv_93406,sub_53839,1495.52,2024-06-28
inv_93407,sub_53563,369.03,2024-05-17
inv_93408,sub_53957,1250.65,2024-03-16
inv_93409,sub_50610,626.05,2024-03-08
inv_93411,sub_50487,511.22,2024-10-24
inv_93412,sub_50213,118.72,2024-02-26
inv_93413,sub_50088,519.52,2023-08-31
inv_93414,sub_51339,1472.36,2024-09-30
inv_93415,sub_50053,1435.41,2024-05-25
inv_93416,sub_52188,1167.6,2023-03-12
inv_93417,sub_53899,1270.66,2024-12-15
inv_93418,sub_53934,1285.03,2023-01-23
inv_93419,sub_52806,706.56,2024-04-07
inv_93420,sub_50083,362.48,2024-11-03
inv_93421,sub_51903,50.39,2024-06-02
inv_93422,sub_50537,605.29,2023-07-15
inv_93423,sub_51979,1416.15,2024-11-19
inv_93424,sub_51678,1190.19,2024-01-20
inv_93425,sub_50621,220.93,2023-12-22
inv_93426,sub_50177,969.67,2023-09-24
inv_93427,sub_51872,664.38,2023-04-06
inv_93428,sub_52308,830.53,2024-08-10
inv_93429,sub_53020,379.67,2024-07-10
inv_93430,sub_53035,340.61,2024-12-04
inv_93431,sub_51307,864.26,2023-01-14
inv_93432,sub_50307,601.34,2023-09-18
inv_93433,sub_52315,675.71,2024-03-28
inv_93434,sub_50270,893.18,2023-05-12
inv_93435,sub_51480,735.39,2023-05-03
inv_93436,sub_50423,697.6,2023-09-16
inv_93437,sub_51210,1288.39,2023-01-26
inv_93438,sub_53577,304.7,2023-07-02
inv_93439,sub_52198,1225.33,2023-11-23
inv_93440,sub_53469,955.3,2024-03-28
inv_93442,sub_52992,177.5,2023-02-18
inv_93443,sub_50511,708.35,2024-01-30
inv_93444,sub_50009,1387.2,2023-07-06
inv_93445,sub_51802,926.02,2024-11-28
inv_93446,sub_50543,1495.33,2023-03-19
inv_93447,sub_51408,430.02,2024-09-26
inv_93448,sub_52102,1375.46,2024-11-04
inv_93449,sub_51500,613.16,2023-03-26
inv_93450,sub_50020,359.39,2023-07-26
inv_93451,sub_51221,848.03,2023-03-01
inv_93452,sub_50241,378.73,2023-11-16
inv_93453,sub_52618,523.52,2024-08-10
inv_93454,sub_50773,183.77,2024-05-02
inv_93455,sub_51269,1087.5,2023-05-28
inv_93456,sub_50380,661.4,2024-08-19
inv_93457,sub_52052,162.96,2024-01-05
inv_93458,sub_53013,1114.4,2024-05-03
inv_93459,sub_53179,1478.34,2024-08-01
inv_93460,sub_53094,153.04,2023-07-23
inv_93461,sub_51585,1253.98,2024-03-30
inv_93462,sub_52727,1468.38,2024-10-31
inv_93463,sub_52452,525.6,2024-03-29
inv_93464,sub_52485,235.19,2024-07-07
inv_93465,sub_50243,597.41,2023-09-04
inv_93466,sub_52531,1353.75,2024-11-16
inv_93467,sub_52233,217.65,2024-06-18
inv_93468,sub_50304,748.45,2024-10-13
inv_93469,sub_53464,1428.28,2024-09-19
inv_93470,sub_52018,173.72,2023-03-11
inv_93471,sub_50378,1027.32,2024-06-11
inv_93473,sub_52206,451.54,2023-08-06
inv_93474,sub_51141,1004.64,2023-04-06
inv_93475,sub_53529,1105.37,2023-06-13
inv_93476,sub_50388,1044.84,2023-07-07
inv_93477,sub_52202,797.08,2023-06-22
inv_93478,sub_52405,159.87,2023-12-25
inv_93479,sub_51272,1322.92,2024-04-24
inv_93480,sub_50179,974.74,2023-11-24
inv_93481,sub_53773,1434.16,2023-09-12
inv_93482,sub_50857,282.93,2023-06-07
inv_93483,sub_51313,892.24,2024-01-03
inv_93484,sub_52679,1220.7,2023-10-28
inv_93485,sub_50787,228.16,2024-12-13
inv_93486,sub_51131,452.15,2023-08-09
inv_93487,sub_53029,922.44,2023-06-28
inv_93488,sub_50244,1484.17,2024-06-10
inv_93489,sub_53980,983.62,2023-04-23
inv_93490,sub_53346,56.4,2023-01-31
inv_93491,sub_53434,831.46,2024-07-24
inv_93492,sub_52837,1000.05,2024-12-28
inv_93493,sub_51105,1101.85,2023-02-23
inv_93494,sub_53048,820.08,2023-03-26
inv_93495,sub_51660,949.48,2024-04-17
inv_93496,sub_50658,381.22,2023-08-08
inv_93497,sub_51646,885.58,2024-01-17
inv_93498,sub_50409,1111.96,2023-02-14
inv_93499,sub_51900,341.16,2024-01-18
inv_93500,sub_50257,489.65,2023-08-12
inv_93501,sub_51182,950.14,2024-01-06
inv_93502,sub_51737,726.48,2024-08-29
inv_93504,sub_53658,1013.52,2024-09-22
inv_93505,sub_51235,639.98,2024-03-31
inv_93506,sub_51134,563.57,2024-02-24
inv_93507,sub_50800,1194.98,2024-07-22
inv_93508,sub_53124,77.09,2024-06-16
inv_93509,sub_51984,1455.87,2023-11-30
inv_93510,sub_50367,355.96,2023-01-09
inv_93511,sub_50021,606.14,2023-10-31
inv_93512,sub_50145,896.25,2023-04-09
inv_93513,sub_50716,1320.62,2024-08-24
inv_93514,sub_53880,868.48,2024-01-22
inv_93515,sub_53286,240.25,2023-08-22
inv_93516,sub_53128,1411.82,2023-04-23
inv_93517,sub_52225,1157.41,2024-01-10
inv_93518,sub_51798,898.56,2024-03-29
inv_93519,sub_51665,1414.68,2023-05-15
inv_93520,sub_50825,711.69,2025-01-01
inv_93521,sub_52055,488.18,2024-04-08
inv_93522,sub_53744,853.77,2023-01-31
inv_93523,sub_52625,957.96,2023-11-11
inv_93524,sub_51887,573.64,2023-06-10
inv_93525,sub_50807,1139.06,2023-01-10
inv_93526,sub_53198,380.07,2023-08-02
inv_93527,sub_52835,1048.57,2024-10-09
inv_93528,sub_53602,49.55,2023-07-02
inv_93529,sub_50932,267.42,2023-01-06
inv_93530,sub_53380,94.76,2023-04-16
inv_93531,sub_53086,192.19,2023-06-16
inv_93532,sub_53304,414.35,2023-08-30
inv_93533,sub_51147,177.16,2023-12-30
inv_93535,sub_50569,143.9,2023-06-20
inv_93536,sub_53539,144.09,2024-01-15
inv_93537,sub_50311,173.2,2024-07-18
inv_93538,sub_52213,1336.83,2023-01-01
inv_93539,sub_52870,914.2,2024-08-02
inv_93540,sub_51407,1390.32,2024-02-02
inv_93541,sub_51667,1206.69,2024-09-07
inv_93542,sub_53226,1062.58,2023-08-20
inv_93543,sub_51400,605.66,2023-04-07
inv_93544,sub_52911,420.09,2023-03-01
inv_93545,sub_50099,831.76,2023-04-11
inv_93546,sub_51234,1019.57,2023-05-13
inv_93547,sub_53648,971.0,2024-07-18
inv_93548,sub_51607,36.63,2024-07-02
inv_93549,sub_52427,251.08,2023-03-31
inv_93550,sub_51980,1113.46,2023-09-26
inv_93551,sub_52015,1090.31,2024-05-07
inv_93552,sub_51030,908.19,2023-12-07
inv_93553,sub_50708,225.49,2024-09-13
inv_93554,sub_53820,935.78,2024-11-07
inv_93555,sub_52482,978.02,2024-08-16
inv_93556,sub_51813,610.53,2023-08-23
inv_93557,sub_52330,198.86,2023-01-31
inv_93558,sub_50193,684.24,2024-08-05
inv_93559,sub_51183,141.98,2024-03-04
inv_93560,sub_51334,1025.09,2024-04-20
inv_93561,sub_50108,1127.7,2023-03-16
inv_93562,sub_51426,206.51,2024-09-27
inv_93563,sub_51425,97.41,2024-03-03
inv_93564,sub_51002,1140.34,2023-12-11
inv_93566,sub_53990,661.51,2024-06-22
inv_93567,sub_52583,511.71,2023-01-27
inv_93568,sub_51133,470.47,2024-02-01
inv_93569,sub_51905,1170.83,2023-12-20
inv_93570,sub_52640,876.45,2024-11-28
inv_93571,sub_53813,113.5,2024-10-05
inv_93572,sub_53391,617.44,2023-05-20
inv_93573,sub_52621,464.69,2023-08-03
inv_93574,sub_50814,491.61,2024-07-03
inv_93575,sub_53806,990.45,2023-12-28
inv_93576,sub_50367,1307.18,2023-05-11
inv_93577,sub_53697,707.76,2024-06-08
inv_93578,sub_53783,982.84,2023-04-13
inv_93579,sub_51570,231.06,2024-10-01
inv_93580,sub_52171,564.71,2023-01-26
inv_93581,sub_51391,652.87,2024-02-28
inv_93582,sub_50028,513.58,2024-08-12
inv_93583,sub_52309,865.29,2023-07-18
inv_93584,sub_50599,1319.51,2024-10-21
inv_93585,sub_50263,872.89,2023-10-06
inv_93586,sub_51644,574.61,2024-02-08
inv_93587,sub_50846,1458.53,2024-06-27
inv_93588,sub_50606,570.57,2024-09-05
inv_93589,sub_50188,252.99,2024-06-22
inv_93590,sub_51817,963.87,2023-04-04
inv_93591,sub_53306,1054.45,2024-03-25
inv_93592,sub_52927,631.4,2024-07-04
inv_93593,sub_50383,347.43,2024-07-31
inv_93594,sub_53540,1310.52,2023-04-30
inv_93595,sub_50088,212.66,2023-02-10
inv_93597,sub_50133,279.31,2024-06-29
inv_93598,sub_52414,881.46,2024-03-05
inv_93599,sub_51363,973.96,2023-01-19
inv_93600,sub_50173,1110.03,2023-09-13
inv_93601,sub_50263,923.26,2024-06-28
inv_93602,sub_51294,696.01,2024-07-23
inv_93603,sub_50651,488.93,2023-10-05
inv_93604,sub_53545,228.39,2023-01-20
inv_93605,sub_52098,1385.86,2024-01-22
inv_93606,sub_51456,206.66,2023-02-24
inv_93607,sub_51859,757.59,2024-06-19
inv_93608,sub_53988,596.2,2023-07-04
inv_93609,sub_51448,1131.04,2023-08-26
inv_93610,sub_51945,1247.23,2023-04-06
inv_93611,sub_50367,1250.38,2024-11-07
inv_93612,sub_52583,594.26,2024-08-25
inv_93613,sub_50217,1033.07,2024-03-24
inv_93614,sub_50609,1284.8,2023-09-06
inv_93615,sub_50704,990.98,2024-01-15
inv_93616,sub_51526,1266.85,2024-05-19
inv_93617,sub_53091,703.3,2024-05-02
inv_93618,sub_51092,842.79,2023-09-18
inv_93619,sub_53057,1287.34,2024-06-18
inv_93620,sub_51477,264.01,2023-07-04
inv_93621,sub_52146,637.13,2024-09-07
inv_93622,sub_52162,205.6,2023-05-31
inv_93623,sub_51673,1177.01,2023-01-07
inv_93624,sub_51545,521.55,2024-03-20
inv_93625,sub_52085,255.62,2024-12-24
inv_93626,sub_52535,1362.23,2024-03-22
inv_93628,sub_53356,1296.53,2023-04-18
inv_93629,sub_53350,1494.56,2024-12-16
inv_93630,sub_53782,1497.39,2024-04-17
inv_93631,sub_52053,1098.66,2024-02-17
inv_93632,sub_52074,1384.71,2023-09-27
inv_93633,sub_50690,799.68,2024-05-16
inv_93634,sub_52093,1029.37,2023-06-15
inv_93635,sub_51340,1210.23,2024-06-21
inv_93636,sub_51619,1334.16,2024-12-08
inv_93637,sub_50632,1046.48,2023-05-05
inv_93638,sub_53693,916.45,2023-10-23
inv_93639,sub_53802,203.07,2024-01-08
inv_93640,sub_51936,122.66,2024-03-22
inv_93641,sub_50697,618.36,2024-01-25
inv_93642,sub_51895,1260.73,2024-07-01
inv_93643,sub_52319,222.83,2024-05-12
inv_93644,sub_51753,1191.46,2023-12-23
inv_93645,sub_51360,1284.73,2023-03-09
inv_93646,sub_51078,657.71,2024-01-05
inv_93647,sub_52484,889.77,2023-08-23
inv_93648,sub_50266,417.53,2023-02-28
inv_93649,sub_52435,1388.58,2023-12-20
inv_93650,sub_50937,254.28,2024-07-08
inv_93651,sub_52361,1313.52,2023-08-31
inv_93652,sub_50433,1310.83,2024-01-07
inv_93653,sub_52811,388.0,2023-12-01
inv_93654,sub_52722,776.92,2024-01-25
inv_93655,sub_53137,1197.77,2023-09-27
inv_93656,sub_52227,328.9,2023-08-25
inv_93657,sub_52738,764.72,2023-02-15
inv_93659,sub_50424,749.42,2023-06-27
inv_93660,sub_51489,1418.52,2024-06-09
inv_93661,sub_53515,995.49,2024-09-30
inv_93662,sub_51909,1123.08,2024-11-13
inv_93663,sub_51684,579.54,2024-04-30
inv_93664,sub_50414,1252.64,2024-04-07
inv_93665,sub_52686,559.41,2023-05-09
inv_93666,sub_51229,1286.25,2024-11-20
inv_93667,sub_50186,927.69,2024-12-17
inv_93668,sub_51436,785.15,2023-04-21
inv_93669,sub_53920,1195.71,2024-11-01
inv_93670,sub_53197,1325.73,2024-07-31
inv_93671,sub_50942,424.87,2024-04-26
inv_93672,sub_51064,1004.97,2024-08-17
inv_93673,sub_51491,1232.75,2023-02-13
inv_93674,sub_50198,459.69,2023-03-07
inv_93675,sub_52209,1270.95,2024-10-09
inv_93676,sub_50229,34.36,2024-03-15
inv_93677,sub_50148,306.6,2024-05-25
inv_93678,sub_53864,1172.68,2024-12-29
inv_93679,sub_52438,788.6,2023-09-02
inv_93680,sub_53097,577.14,2023-10-11
inv_93681,sub_52155,611.2,2023-11-27
inv_93682,sub_52950,654.07,2024-07-12
inv_93683,sub_52091,1444.75,2024-09-08
inv_93684,sub_53323,305.68,2023-02-01
inv_93685,sub_53686,950.59,2024-07-21
inv_93686,sub_51611,914.93,2023-09-12
inv_93687,sub_52223,1071.35,2023-03-15
inv_93688,sub_50818,1470.32,2024-05-01
inv_93690,sub_50117,358.83,2024-11-05
inv_93691,sub_50778,1234.45,2023-03-31
inv_93692,sub_51145,118.01,2024-06-02
inv_93693,sub_50613,1368.03,2024-10-08
inv_93694,sub_50231,658.51,2023-02-14
inv_93695,sub_53186,594.93,2023-06-21
inv_93696,sub_53804,1073.28,2023-03-24
inv_93697,sub_51940,936.35,2024-03-05
inv_93698,sub_51119,1254.16,2024-10-21
inv_93699,sub_51635,759.72,2023-12-18
inv_93700,sub_53596,756.19,2023-11-02
inv_93701,sub_53687,269.92,2023-12-19
inv_93702,sub_50135,978.06,2024-06-29
inv_93703,sub_50153,1325.18,2023-02-07
inv_93704,sub_50256,801.97,2023-06-05
inv_93705,sub_51713,1410.75,2024-12-06
inv_93706,sub_51635,293.92,2023-05-01
inv_93707,sub_50498,930.22,2023-01-09
inv_93708,sub_53241,587.32,2024-07-02
inv_93709,sub_52285,730.47,2023-01-05
inv_93710,sub_53071,1102.5,2023-02-11
inv_93711,sub_52385,100.14,2023-11-12
inv_93712,sub_50668,384.02,2024-02-23
inv_93713,sub_53013,964.11,2024-02-28
inv_93714,sub_50915,1061.98,2023-12-24
inv_93715,sub_51642,476.85,2023-02-06
inv_93716,sub_52599,945.44,2023-02-04
inv_93717,sub_52881,728.5,2024-11-27
inv_93718,sub_51202,1210.32,2024-10-21
inv_93719,sub_51438,1274.12,2023-05-25
inv_93721,sub_53927,357.02,2024-10-20
inv_93722,sub_53428,503.58,2023-05-14
inv_93723,sub_50106,719.16,2024-02-28
inv_93724,sub_53692,407.75,2024-11-28
inv_93725,sub_53572,387.61,2024-08-04
inv_93726,sub_50885,244.98,2024-03-06
inv_93727,sub_53803,200.98,2024-10-21
inv_93728,sub_52087,1176.43,2023-07-27
inv_93729,sub_52820,1242.53,2023-02-10
inv_93730,sub_50509,1180.23,2024-04-09
inv_93731,sub_53446,1222.28,2023-11-10
inv_93732,sub_51273,146.18,2024-03-07
inv_93733,sub_53748,1329.44,2023-06-05
inv_93734,sub_50479,443.81,2023-11-30
inv_93735,sub_52976,854.33,2023-11-10
inv_93736,sub_52782,989.66,2024-12-16
inv_93737,sub_52565,1461.16,2023-10-03
inv_93738,sub_51965,975.96,2024-03-12
inv_93739,sub_52623,1134.62,2024-08-09
inv_93740,sub_52835,350.67,2023-04-11
inv_93741,sub_52022,1021.22,2024-01-20
inv_93742,sub_52265,1479.87,2024-11-19
inv_93743,sub_53454,962.08,2024-07-01
inv_93744,sub_53466,1154.49,2023-09-22
inv_93745,sub_52740,193.26,2024-01-10
inv_93746,sub_51345,994.81,2023-03-30
inv_93747,sub_52600,457.22,2024-04-11
inv_93748,sub_50056,37.81,2024-11-21
inv_93749,sub_50066,1293.38,2024-05-11
inv_93750,sub_50776,968.52,2024-04-13
inv_93752,sub_50422,962.39,2024-06-23
inv_93753,sub_52563,642.84,2023-03-21
inv_93754,sub_50936,197.11,2024-06-18
inv_93755,sub_52112,331.03,2023-12-14
inv_93756,sub_51348,682.17,2023-04-03
inv_93757,sub_51720,62.38,2024-03-13
inv_93758,sub_50353,997.76,2024-09-27
inv_93759,sub_53050,1076.82,2024-01-14
inv_93760,sub_53369,868.46,2023-06-23
inv_93761,sub_51423,1046.13,2023-11-29
inv_93762,sub_53079,223.07,2024-01-05
inv_93763,sub_50970,685.69,2024-09-19
inv_93764,sub_51231,249.88,2024-12-25
inv_93765,sub_51589,549.1,2024-08-22
inv_93766,sub_52402,1353.02,2024-10-29
inv_93767,sub_52701,434.87,2023-10-09
inv_93768,sub_50014,832.87,2023-01-13
inv_93769,sub_52994,886.52,2023-11-21
inv_93770,sub_52292,917.47,2024-11-01
inv_93771,sub_52715,787.25,2023-04-29
inv_93772,sub_52640,514.3,2023-11-10
inv_93773,sub_53511,1219.62,2024-10-21
inv_93774,sub_52822,1093.57,2023-07-13
inv_93775,sub_50047,766.91,2024-09-14
inv_93776,sub_52853,1048.71,2024-05-04
inv_93777,sub_50560,992.55,2023-12-14
inv_93778,sub_50464,1499.58,2024-05-27
inv_93779,sub_50937,306.26,2024-10-09
inv_93780,sub_52416,516.57,2023-11-06
inv_93781,sub_53346,887.9,2023-03-22
inv_93783,sub_50920,904.1,2024-03-03
inv_93784,sub_51178,896.44,2024-01-12
inv_93785,sub_51206,401.92,2024-09-25
inv_93786,sub_52648,738.39,2024-04-03
inv_93787,sub_51389,1297.74,2023-10-25
inv_93788,sub_51480,302.04,2024-07-13
inv_93789,sub_53530,272.07,2023-09-04
inv_93790,sub_52651,1096.87,2023-01-31
inv_93791,sub_52315,198.7,2023-02-04
inv_93792,sub_53173,763.51,2024-12-11
inv_93793,sub_52319,494.57,2024-05-11
inv_93794,sub_53510,471.79,2023-08-06
inv_93795,sub_52155,233.43,2024-05-24
inv_93796,sub_52166,241.84,2023-06-12
inv_93797,sub_51805,542.06,2024-06-15
inv_93798,sub_53808,689.47,2024-06-21
inv_93799,sub_53598,85.11,2024-08-11
inv_93800,sub_52270,1148.76,2023-02-16
inv_93801,sub_53430,546.88,2024-12-10
inv_93802,sub_50946,181.28,2024-03-23
inv_93803,sub_52385,1223.4,2024-08-18
inv_93804,sub_53402,944.98,2023-07-28
inv_93805,sub_52568,760.89,2024-11-21
inv_93806,sub_50887,412.22,2024-05-31
inv_93807,sub_51988,271.26,2024-01-29
inv_93808,sub_53223,387.15,2024-01-20
inv_93809,sub_50614,797.18,2024-12-25
inv_93810,sub_52058,445.5,2024-10-23
inv_93811,sub_53262,889.66,2023-03-17
inv_93812,sub_50433,1234.8,2023-09-22
inv_93814,sub_52163,1084.53,2023-08-17
inv_93815,sub_53667,806.96,2024-02-23
inv_93816,sub_53846,827.67,2023-01-31
inv_93817,sub_51503,91.66,2024-04-14
inv_93818,sub_51235,483.34,2023-05-07
inv_93819,sub_51365,283.46,2024-04-18
inv_93820,sub_53341,130.03,2024-06-23
inv_93821,sub_53033,670.56,2023-03-28
inv_93822,sub_53316,1386.27,2024-10-31
inv_93823,sub_50158,55.78,2023-07-23
inv_93824,sub_50004,1351.52,2023-09-09
inv_93825,sub_51396,996.33,2024-11-05
inv_93826,sub_51944,500.38,2023-04-11
inv_93827,sub_51899,960.14,2024-06-26
inv_93828,sub_51608,348.35,2023-10-14
inv_93829,sub_52557,472.69,2024-07-17
inv_93830,sub_52016,1319.34,2024-12-15
inv_93831,sub_52066,1485.05,2023-09-03
inv_93832,sub_51737,1371.92,2023-02-08
inv_93833,sub_52939,1016.19,2023-06-01
inv_93834,sub_52489,767.73,2024-10-21
inv_93835,sub_52865,566.07,2024-01-03
inv_93836,sub_53002,825.66,2024-05-31
inv_93837,sub_50289,457.64,2024-02-18
inv_93838,sub_52576,168.88,2023-06-21
inv_93839,sub_53438,1286.98,2023-02-01
inv_93840,sub_50341,842.31,2023-04-30
inv_93841,sub_50858,780.88,2024-05-21
inv_93842,sub_53196,1498.51,2023-04-27
inv_93843,sub_51984,1018.25,2024-12-02
inv_93845,sub_51776,918.4,2024-03-08
inv_93846,sub_53476,817.51,2024-06-01
inv_93847,sub_53077,1154.74,2023-09-15
inv_93848,sub_52234,749.55,2023-10-22
inv_93849,sub_52497,378.74,2024-04-07
inv_93850,sub_50792,312.6,2023-05-18
inv_93851,sub_50532,63.08,2023-06-29
inv_93852,sub_51141,1470.14,2024-07-20
inv_93853,sub_50126,706.15,2023-06-14
inv_93854,sub_53586,695.57,2023-08-11
inv_93855,sub_51375,1259.24,2024-11-25
inv_93856,sub_51488,589.19,2023-08-05
inv_93857,sub_53507,1196.99,2023-05-11
inv_93858,sub_52058,1451.86,2023-09-29
inv_93859,sub_53914,1059.81,2023-10-24
inv_93860,sub_50560,1308.29,2023-02-23
inv_93861,sub_53954,1222.25,2023-01-18
inv_93862,sub_50667,443.52,2024-08-20
inv_93863,sub_53404,27.66,2023-02-12
inv_93864,sub_52290,953.34,2024-12-28
inv_93865,sub_53495,1428.4,2023-10-19
inv_93866,sub_51424,104.13,2024-04-07
inv_93867,sub_53320,365.0,2023-01-13
inv_93868,sub_52490,285.89,2024-10-29
inv_93869,sub_51572,1367.9,2024-08-04
inv_93870,sub_50706,527.6,2024-12-04
inv_93871,sub_52960,1281.27,2023-06-15
inv_93872,sub_51744,120.53,2024-01-16
inv_93873,sub_50342,562.43,2023-09-19
inv_93874,sub_50355,794.25,2024-07-11
inv_93876,sub_50728,1400.82,2024-06-03
inv_93877,sub_51849,67.36,2023-05-27
inv_93878,sub_50277,1297.26,2024-03-15
inv_93879,sub_53073,983.83,2023-08-10
inv_93880,sub_52468,876.29,2023-06-24
inv_93881,sub_50853,249.36,2023-08-10
inv_93882,sub_52402,1027.97,2025-01-01
inv_93883,sub_51819,1249.91,2023-10-14
inv_93884,sub_53972,1022.9,2023-10-24
inv_93885,sub_51344,160.4,2023-06-14
inv_93886,sub_50599,711.35,2024-10-28
inv_93887,sub_52813,995.95,2024-04-06
inv_93888,sub_53329,810.67,2024-03-15
inv_93889,sub_50030,1419.11,2024-12-15
inv_93890,sub_51652,450.16,2024-10-26
inv_93891,sub_52741,207.91,2023-01-04
inv_93892,sub_53739,691.71,2024-05-20
inv_93893,sub_52003,172.33,2024-10-23
inv_93894,sub_51518,1018.64,2024-09-18
inv_93895,sub_50638,1085.75,2023-09-10
inv_93896,sub_50360,278.9,2024-09-27
inv_93897,sub_52389,760.53,2023-04-30
inv_93898,sub_50363,771.95,2024-03-16
inv_93899,sub_53010,1022.84,2023-01-03
inv_93900,sub_51422,417.93,2023-07-24
inv_93901,sub_50308,1318.96,2024-11-01
inv_93902,sub_50674,578.14,2023-05-24
inv_93903,sub_51447,1171.49,2023-10-05
inv_93904,sub_53957,779.08,2024-09-02
inv_93905,sub_53650,1362.67,2024-02-09
inv_93907,sub_51582,1079.58,2023-12-17
inv_93908,sub_50098,556.98,2023-11-17
inv_93909,sub_52690,113.24,2023-10-01
inv_93910,sub_50950,396.68,2023-12-11
inv_93911,sub_51133,761.9,2024-10-11
inv_93912,sub_51306,1004.9,2024-07-02
inv_93913,sub_51492,1118.17,2023-03-06
inv_93914,sub_50324,553.33,2024-08-07
inv_93915,sub_53760,412.63,2024-12-08
inv_93916,sub_53400,1257.63,2023-01-09
inv_93917,sub_52812,458.32,2024-01-15
inv_93918,sub_50882,398.71,2023-06-25
inv_93919,sub_51396,464.44,2023-06-06
inv_93920,sub_50617,1144.99,2024-07-29
inv_93921,sub_50095,988.25,2024-12-23
inv_93922,sub_50627,643.47,2023-06-24
inv_93923,sub_52333,730.3,2024-12-19
inv_93924,sub_53056,1435.65,2023-10-24
inv_93925,sub_53173,850.09,2023-11-27
inv_93926,sub_51868,899.22,2024-12-09
inv_93927,sub_53374,1310.03,2024-07-21
inv_93928,sub_51841,1010.54,2023-07-22
inv_93929,sub_53802,326.49,2023-12-19
inv_93930,sub_50667,73.11,2024-06-16
inv_93931,sub_52255,915.95,2024-02-09
inv_93932,sub_53540,153.02,2023-02-23
inv_93933,sub_52803,1326.18,2024-04-02
inv_93934,sub_53425,660.69,2023-07-25
inv_93935,sub_50158,262.03,2024-06-14
inv_93936,sub_53666,1418.78,2024-03-10
inv_93938,sub_53584,1395.84,2023-12-19
inv_93939,sub_50998,559.76,2024-12-20
inv_93940,sub_52698,842.52,2024-07-17
inv_93941,sub_53407,1274.95,2024-07-16
inv_93942,sub_51450,1232.61,2024-04-20
inv_93943,sub_52535,1346.07,2024-11-04
inv_93944,sub_51814,254.19,2023-09-29
inv_93945,sub_52131,612.32,2024-07-02
inv_93946,sub_50674,961.22,2024-07-23
inv_93947,sub_52898,1190.73,2023-12-20
inv_93948,sub_50494,1010.76,2023-04-15
inv_93949,sub_50119,1169.94,2024-08-21
inv_93950,sub_51003,1342.81,2024-02-18
inv_93951,sub_51732,668.55,2023-02-20
inv_93952,sub_52073,1223.77,2023-01-07
inv_93953,sub_51064,823.58,2023-01-05
inv_93954,sub_52165,156.06,2024-05-11
inv_93955,sub_53159,1444.33,2024-05-19
inv_93956,sub_52851,430.91,2023-01-15
inv_93957,sub_50168,138.53,2023-05-05
inv_93958,sub_50364,561.15,2024-03-01
inv_93959,sub_50964,1411.86,2023-05-04
inv_93960,sub_53991,1110.95,2023-03-08
inv_93961,sub_50107,1105.55,2024-06-05
inv_93962,sub_51095,826.1,2023-12-16
inv_93963,sub_51869,1059.59,2024-10-24
inv_93964,sub_53609,304.72,2024-09-09
inv_93965,sub_52808,1183.89,2023-08-18
inv_93966,sub_53413,1253.34,2023-04-14
inv_93967,sub_53607,239.63,2023-01-20
inv_93969,sub_51662,591.49,2024-02-12
inv_93970,sub_51131,831.31,2024-03-17
inv_93971,sub_50356,1245.92,2024-09-21
inv_93972,sub_50435,60.34,2023-11-03
inv_93973,sub_51310,269.28,2024-08-10
inv_93974,sub_53806,675.71,2023-04-15
inv_93975,sub_51866,1002.04,2023-01-09
inv_93976,sub_51120,297.69,2023-04-11
inv_93977,sub_53806,1155.84,2023-03-13
inv_93978,sub_50777,766.37,2024-03-31
inv_93979,sub_53595,499.75,2024-07-31
inv_93980,sub_50782,127.69,2023-01-03
inv_93981,sub_53006,627.88,2023-04-18
inv_93982,sub_51973,354.02,2024-12-20
inv_93983,sub_51413,1003.66,2024-09-25
inv_93984,sub_52526,744.28,2024-05-04
inv_93985,sub_51954,673.7,2023-04-27
inv_93986,sub_51756,585.61,2023-10-23
inv_93987,sub_50241,1341.29,2023-03-22
inv_93988,sub_53306,595.49,2023-07-02
inv_93989,sub_51312,854.39,2023-07-20
inv_93990,sub_53928,398.0,2023-10-03
inv_93991,sub_51862,925.69,2024-04-29
inv_93992,sub_50570,810.47,2024-11-23
inv_93993,sub_50127,762.78,2024-09-03
inv_93994,sub_53097,1401.03,2024-05-21
inv_93995,sub_50634,494.77,2023-12-23
inv_93996,sub_53342,654.99,2024-02-06
inv_93997,sub_52954,811.77,2024-07-29
inv_93998,sub_50823,1278.99,2024-11-16
inv_94000,sub_52267,1391.03,2024-11-20
inv_94001,sub_50188,1371.95,2023-06-23
inv_94002,sub_52036,60.79,2024-11-29
inv_94003,sub_50978,607.77,2023-10-11
inv_94004,sub_52930,619.88,2024-12-19
inv_94005,sub_51950,609.01,2024-10-06
inv_94006,sub_53206,83.93,2023-05-24
inv_94007,sub_53334,757.99,2023-07-14
inv_94008,sub_52798,1344.9,2023-12-20
inv_94009,sub_51271,1373.17,2023-11-29
inv_94010,sub_51252,718.87,2024-07-22
inv_94011,sub_53916,1032.3,2023-05-02
inv_94012,sub_51307,274.7,2024-11-03
inv_94013,sub_50044,745.48,2024-06-30
inv_94014,sub_51576,857.79,2024-09-27
inv_94015,sub_50884,518.61,2024-06-18
inv_94016,sub_50769,864.26,2024-07-19
inv_94017,sub_53094,413.22,2024-09-05
inv_94018,sub_50459,1484.83,2024-12-29
inv_94019,sub_52802,617.43,2024-02-14
inv_94020,sub_53920,497.78,2024-10-19
inv_94021,sub_50331,439.33,2023-09-23
inv_94022,sub_51444,45.18,2023-08-20
inv_94023,sub_50732,1071.71,2023-05-07
inv_94024,sub_50610,409.27,2024-06-06
inv_94025,sub_52632,1337.49,2024-08-02
inv_94026,sub_50461,1148.89,2023-06-12
inv_94027,sub_52001,411.36,2024-11-27
inv_94028,sub_51344,767.98,2023-04-16
inv_94029,sub_51474,1182.3,2024-01-25
inv_94031,sub_52220,242.92,2024-05-08
inv_94032,sub_53865,341.13,2024-12-19
inv_94033,sub_50755,54.69,2023-04-28
inv_94034,sub_51786,771.23,2024-08-23
inv_94035,sub_50820,921.64,2023-10-01
inv_94036,sub_50687,413.86,2024-06-20
inv_94037,sub_53580,493.9,2023-01-19
inv_94038,sub_51186,797.1,2023-03-02
inv_94039,sub_50046,593.58,2024-02-09
inv_94040,sub_52016,39.33,2024-06-22
inv_94041,sub_52897,751.62,2024-02-13
inv_94042,sub_50517,416.71,2024-06-04
inv_94043,sub_50522,848.15,2023-08-09
inv_94044,sub_52591,1391.94,2023-02-01
inv_94045,sub_52759,875.43,2024-04-25
inv_94046,sub_50895,362.28,2023-11-26
inv_94047,sub_50627,846.13,2024-09-07
inv_94048,sub_53441,283.75,2023-11-21
inv_94049,sub_52023,56.57,2023-05-26
inv_94050,sub_52921,1427.54,2024-11-24
inv_94051,sub_52032,253.58,2024-07-08
inv_94052,sub_50687,541.76,2023-03-19
inv_94053,sub_53278,552.71,2024-05-17
inv_94054,sub_50951,1090.62,2024-05-06
inv_94055,sub_51346,376.17,2024-02-20
inv_94056,sub_50929,921.11,2024-07-05
inv_94057,sub_53155,586.15,2024-08-31
inv_94058,sub_50175,346.5,2023-04-30
inv_94059,sub_53328,1286.98,2023-10-15
inv_94060,sub_50982,928.39,2024-02-23
inv_94062,sub_52110,989.3,2023-08-01
inv_94063,sub_51686,883.33,2024-08-23
inv_94064,sub_51376,673.15,2024-05-02
inv_94065,sub_52244,1423.23,2023-08-01
inv_94066,sub_50042,95.8,2023-07-18
inv_94067,sub_50115,950.95,2024-01-24
inv_94068,sub_51264,392.2,2023-11-26
inv_94069,sub_52266,899.84,2024-07-15
inv_94070,sub_52374,1412.8,2024-05-11
inv_94071,sub_53464,473.25,2023-06-02
inv_94072,sub_52689,1232.09,2024-04-09
inv_94073,sub_51299,1359.67,2024-07-03
inv_94074,sub_53018,329.04,2024-12-01
inv_94075,sub_52798,304.01,2023-04-10
inv_94076,sub_52237,1332.43,2024-11-01
inv_94077,sub_50999,1013.1,2023-01-19
inv_94078,sub_53054,1129.38,2023-03-30
inv_94079,sub_51337,1065.39,2023-09-03
inv_94080,sub_53331,962.91,2023-06-08
inv_94081,sub_53852,1499.76,2024-07-01
inv_94082,sub_53912,329.39,2024-02-25
inv_94083,sub_53757,167.62,2024-01-22
inv_94084,sub_52878,293.52,2024-05-30
inv_94085,sub_51921,892.63,2024-04-28
inv_94086,sub_50954,1466.21,2023-03-07
inv_94087,sub_53518,42.95,2024-06-01
inv_94088,sub_53377,210.6,2023-10-29
inv_94089,sub_52132,1248.55,2024-02-21
inv_94090,sub_50390,114.08,2023-09-13
inv_94091,sub_51757,1483.21,2024-07-24
inv_94093,sub_51959,1183.65,2023-03-05
inv_94094,sub_50422,571.42,2024-09-11
inv_94095,sub_53110,623.22,2023-04-21
inv_94096,sub_52331,635.22,2023-06-13
inv_94097,sub_52638,660.62,2023-09-03
inv_94098,sub_53490,1061.98,2023-06-19
inv_94099,sub_52747,1256.7,2024-03-06
inv_94100,sub_52516,797.72,2023-07-29
inv_94101,sub_50567,970.91,2024-03-29
inv_94102,sub_52948,1243.31,2023-08-03
inv_94103,sub_52305,1122.85,2024-08-01
inv_94104,sub_53106,621.41,2024-01-29
inv_94105,sub_50728,872.02,2024-08-14
inv_94106,sub_50279,320.96,2023-10-16
inv_94107,sub_50275,1258.99,2024-07-12
inv_94108,sub_53250,329.3,2024-08-23
inv_94109,sub_53786,1031.56,2024-11-03
inv_94110,sub_51810,530.38,2024-01-23
inv_94111,sub_51988,335.83,2023-12-14
inv_94112,sub_50189,1030.81,2023-06-29
inv_94113,sub_50533,1046.74,2023-01-11
inv_94114,sub_53450,1079.13,2024-05-20
inv_94115,sub_52695,1019.51,2023-08-14
inv_94116,sub_50090,160.8,2023-05-14
inv_94117,sub_51078,872.06,2023-01-29
inv_94118,sub_53474,680.73,2024-06-06
inv_94119,sub_53999,805.21,2023-10-12
inv_94120,sub_50405,1305.6,2023-08-07
inv_94121,sub_52624,1238.57,2023-12-28
inv_94122,sub_51717,711.59,2023-02-01
inv_94124,sub_50258,1211.68,2024-08-25
inv_94125,sub_50075,181.87,2024-12-27
inv_94126,sub_51981,350.38,2023-10-11
inv_94127,sub_53037,1399.64,2024-04-23
inv_94128,sub_50708,1403.25,2023-06-27
inv_94129,sub_50203,783.68,2024-01-13
inv_94130,sub_52202,1035.73,2024-09-21
inv_94131,sub_50105,991.7,2024-01-05
inv_94132,sub_53256,1364.11,2024-04-19
inv_94133,sub_53444,439.52,2024-07-06
inv_94134,sub_53924,1198.86,2024-05-31
inv_94135,sub_51678,216.13,2023-01-20
inv_94136,sub_51668,813.86,2024-03-05
inv_94137,sub_51968,382.04,2023-10-09
inv_94138,sub_50977,947.68,2024-09-02
inv_94139,sub_51088,114.41,2024-01-17
inv_94140,sub_50668,388.29,2024-08-25
inv_94141,sub_52132,1153.59,2023-07-07
inv_94142,sub_52642,1455.69,2023-03-05
inv_94143,sub_53578,219.97,2024-08-08
inv_94144,sub_52592,81.88,2024-02-08
inv_94145,sub_52930,1150.78,2024-01-13
inv_94146,sub_53633,176.16,2023-03-13
inv_94147,sub_51896,408.84,2024-03-27
inv_94148,sub_53960,1487.18,2023-06-13
inv_94149,sub_50994,1012.82,2023-08-03
inv_94150,sub_52802,657.02,2024-10-02
inv_94151,sub_51714,438.05,2024-09-28
inv_94152,sub_52153,992.54,2024-11-04
inv_94153,sub_51192,956.29,2023-12-10
inv_94155,sub_50984,550.08,2023-09-30
inv_94156,sub_51568,767.74,2024-12-13
inv_94157,sub_50192,1060.36,2023-04-15
inv_94158,sub_51313,1043.28,2024-04-03
inv_94159,sub_53257,1443.19,2023-12-24
inv_94160,sub_50154,944.05,2024-02-07
inv_94161,sub_50137,384.68,2024-04-10
inv_94162,sub_53381,1255.13,2024-12-11
inv_94163,sub_52052,527.7,2024-09-14
inv_94164,sub_52725,1178.17,2023-07-26
inv_94165,sub_53396,1376.92,2024-12-14
inv_94166,sub_52548,968.68,2023-08-27
inv_94167,sub_53633,1475.32,2023-06-27
inv_94168,sub_52409,944.76,2023-05-06
inv_94169,sub_52490,404.33,2024-10-11
inv_94170,sub_51377,1044.0,2024-01-21
inv_94171,sub_50965,979.78,2023-09-19
inv_94172,sub_50895,1306.38,2024-09-04
inv_94173,sub_52382,1164.61,2023-03-13
inv_94174,sub_50712,382.16,2023-08-14
inv_94175,sub_50152,665.66,2024-09-13
inv_94176,sub_50915,1402.43,2024-03-31
inv_94177,sub_52929,1269.9,2024-04-23
inv_94178,sub_52643,1491.93,2024-02-10
inv_94179,sub_50488,928.37,2024-05-02
inv_94180,sub_53562,811.54,2023-02-18
inv_94181,sub_53836,1448.82,2023-03-24
inv_94182,sub_52248,709.23,2024-11-22
inv_94183,sub_50270,628.97,2024-01-29
inv_94184,sub_52681,886.45,2024-08-06
inv_94186,sub_50359,101.08,2023-12-15
inv_94187,sub_51564,741.41,2024-11-24
inv_94188,sub_50674,410.66,2024-04-06
inv_94189,sub_53320,425.19,2023-02-05
inv_94190,sub_53835,967.4,2024-03-29
inv_94191,sub_53595,1229.77,2024-06-08
inv_94192,sub_53693,457.51,2024-10-10
inv_94193,sub_51893,195.39,2024-04-14
inv_94194,sub_53815,1011.44,2023-07-16
inv_94195,sub_51798,1269.28,2024-02-14
inv_94196,sub_53323,472.03,2024-03-04
inv_94197,sub_53379,673.11,2023-04-26
inv_94198,sub_51079,1244.59,2024-02-27
inv_94199,sub_51132,1399.67,2024-08-11
inv_94200,sub_53639,362.11,2024-01-20
inv_94201,sub_50341,1473.15,2023-11-19
inv_94202,sub_53672,1384.2,2023-01-12
inv_94203,sub_53615,760.79,2024-10-03
inv_94204,sub_53989,726.66,2023-01-14
inv_94205,sub_50243,1300.56,2024-01-13
inv_94206,sub_50441,1389.94,2024-07-23
inv_94207,sub_53806,273.23,2023-04-24
inv_94208,sub_53545,1352.43,2023-02-16
inv_94209,sub_50684,1132.69,2023-09-13
inv_94210,sub_50965,407.89,2023-03-12
inv_94211,sub_53484,1306.58,2023-04-28
inv_94212,sub_53927,21.7,2023-06-28
inv_94213,sub_50136,128.79,2024-07-30
inv_94214,sub_50551,125.7,2023-01-26
inv_94215,sub_52589,1324.64,2023-05-23
inv_94217,sub_53821,299.68,2023-01-02
inv_94218,sub_53037,1400.2,2024-10-01
inv_94219,sub_53570,740.71,2023-06-28
inv_94220,sub_53814,639.54,2023-09-04
inv_94221,sub_50608,855.88,2023-08-16
inv_94222,sub_52723,1355.4,2023-01-13
inv_94223,sub_50626,1219.05,2023-06-24
inv_94224,sub_52223,1048.94,2023-06-16
inv_94225,sub_50491,229.36,2023-01-09
inv_94226,sub_50167,596.0,2023-05-22
inv_94227,sub_50534,420.44,2024-05-09
inv_94228,sub_53928,468.95,2024-06-24
inv_94229,sub_51659,84.76,2024-02-15
inv_94230,sub_51101,1204.15,2024-08-29
inv_94231,sub_52803,777.81,2023-06-11
inv_94232,sub_51026,690.79,2024-03-20
inv_94233,sub_52495,57.29,2023-06-23
inv_94234,sub_52424,43.1,2023-06-29
inv_94235,sub_51898,613.58,2024-12-25
inv_94236,sub_52485,880.5,2023-10-02
inv_94237,sub_53676,486.65,2024-11-19
inv_94238,sub_53972,845.82,2023-01-17
inv_94239,sub_53429,961.49,2023-06-23
inv_94240,sub_53169,1446.9,2024-03-19
inv_94241,sub_52956,1311.6,2024-09-28
inv_94242,sub_50542,696.65,2023-06-19
inv_94243,sub_53359,1026.84,2024-05-17
inv_94244,sub_50660,1300.46,2023-12-06
inv_94245,sub_50875,873.51,2023-07-13
inv_94246,sub_52859,1353.41,2023-10-24
inv_94248,sub_50214,131.16,2023-07-10
inv_94249,sub_51575,822.79,2024-09-19
inv_94250,sub_50147,1372.62,2024-07-03
inv_94251,sub_51409,636.3,2023-07-23
inv_94252,sub_50584,979.41,2024-02-26
inv_94253,sub_53234,1406.44,2024-09-29
inv_94254,sub_53949,1441.28,2023-05-01
inv_94255,sub_50596,1482.18,2024-06-14
inv_94256,sub_50978,1146.03,2024-06-28
inv_94257,sub_53642,1406.05,2024-04-05
inv_94258,sub_52493,93.25,2024-10-07
inv_94259,sub_53849,488.18,2023-11-08
inv_94260,sub_51380,687.83,2023-09-27
inv_94261,sub_52750,846.64,2023-12-03
inv_94262,sub_51116,194.77,2023-05-19
inv_94263,sub_50955,665.32,2023-03-15
inv_94264,sub_51707,291.33,2024-01-12
inv_94265,sub_50746,350.54,2024-11-08
inv_94266,sub_53141,1282.65,2024-07-19
inv_94267,sub_50276,904.02,2024-04-17
inv_94268,sub_50890,1033.87,2023-07-16
inv_94269,sub_53987,1062.54,2023-09-26
inv_94270,sub_52519,462.73,2023-05-29
inv_94271,sub_53163,42.26,2023-12-31
inv_94272,sub_53184,238.72,2023-05-30
inv_94273,sub_52687,1487.87,2023-12-29
inv_94274,sub_50681,632.08,2024-05-18
inv_94275,sub_50826,787.16,2024-06-06
inv_94276,sub_52503,1421.05,2024-10-22
inv_94277,sub_51849,1156.63,2023-04-27
inv_94279,sub_52245,1159.98,2024-12-19
inv_94280,sub_51571,358.18,2024-11-10
inv_94281,sub_53331,922.37,2023-10-25
inv_94282,sub_52938,81.97,2023-06-25
inv_94283,sub_53345,223.59,2024-12-24
inv_94284,sub_50649,1319.04,2024-03-20
inv_94285,sub_53153,694.6,2024-07-24
inv_94286,sub_53257,639.47,2024-01-04
inv_94287,sub_50420,252.58,2023-01-02
inv_94288,sub_53457,484.57,2023-01-30
inv_94289,sub_52914,256.5,2023-07-15
inv_94290,sub_52592,50.54,2024-11-27
inv_94291,sub_50952,788.77,2023-07-07
inv_94292,sub_53713,106.79,2023-01-09
inv_94293,sub_52745,75.86,2024-08-24
inv_94294,sub_50048,1265.38,2023-04-23
inv_94295,sub_50250,847.51,2023-02-21
inv_94296,sub_52323,1426.36,2024-07-26
inv_94297,sub_53629,269.07,2023-01-04
inv_94298,sub_50808,1281.16,2024-07-10
inv_94299,sub_53455,1384.09,2024-05-07
inv_94300,sub_52095,175.52,2023-04-28
inv_94301,sub_53648,449.62,2024-04-21
inv_94302,sub_52063,879.18,2023-06-14
inv_94303,sub_51742,563.15,2023-02-26
inv_94304,sub_53271,136.21,2024-02-08
inv_94305,sub_50721,1109.45,2023-05-23
inv_94306,sub_52435,545.52,2024-11-23
inv_94307,sub_53673,562.54,2023-08-16
inv_94308,sub_52089,733.83,2024-08-07
inv_94310,sub_51299,1001.08,2023-06-12
inv_94311,sub_53985,1417.95,2024-12-27
inv_94312,sub_53048,1292.61,2024-01-04
inv_94313,sub_52248,999.7,2023-05-22
inv_94314,sub_52902,789.85,2024-04-25
inv_94315,sub_50256,1050.91,2024-06-26
inv_94316,sub_53748,733.48,2023-11-16
inv_94317,sub_51042,1189.78,2024-02-19
inv_94318,sub_50878,288.72,2023-06-04
inv_94319,sub_51193,1386.63,2024-02-06
inv_94320,sub_51658,105.96,2024-05-11
inv_94321,sub_50742,906.57,2024-06-06
inv_94322,sub_51093,247.61,2023-01-25
inv_94323,sub_53430,930.11,2023-01-15
inv_94324,sub_50436,1123.92,2023-08-18
inv_94325,sub_53203,1478.67,2023-02-10
inv_94326,sub_53945,120.03,2024-10-18
inv_94327,sub_50248,913.18,2023-01-27
inv_94328,sub_53020,657.52,2024-10-26
inv_94329,sub_50184,396.58,2023-09-08
inv_94330,sub_50045,257.61,2023-04-22
inv_94331,sub_53886,1439.31,2024-09-22
inv_94332,sub_50882,1390.01,2023-02-02
inv_94333,sub_52062,1063.9,2023-01-14
inv_94334,sub_51519,414.67,2023-06-29
inv_94335,sub_50839,346.46,2023-12-25
inv_94336,sub_52047,439.55,2023-12-31
inv_94337,sub_50495,1436.95,2023-05-06
inv_94338,sub_53072,367.55,2023-09-14
inv_94339,sub_53905,281.8,2024-07-09
inv_94341,sub_50343,994.02,2024-03-28
inv_94342,sub_53005,1309.51,2024-08-03
inv_94343,sub_53011,1319.61,2023-01-10
inv_94344,sub_51334,350.97,2024-08-16
inv_94345,sub_53726,986.38,2024-10-12
inv_94346,sub_52370,862.54,2023-12-20
inv_94347,sub_52697,1345.28,2024-05-21
inv_94348,sub_50612,837.23,2024-05-09
inv_94349,sub_51584,834.19,2024-10-25
inv_94350,sub_53420,167.2,2023-04-15
inv_94351,sub_51735,208.57,2024-07-22
inv_94352,sub_50766,594.07,2024-12-22
inv_94353,sub_50814,1285.68,2023-05-26
inv_94354,sub_51066,366.23,2023-10-26
inv_94355,sub_52717,195.37,2023-03-28
inv_94356,sub_51897,1499.28,2024-11-17
inv_94357,sub_52560,314.68,2024-08-10
inv_94358,sub_51309,856.05,2023-06-05
inv_94359,sub_52427,553.51,2023-11-09
inv_94360,sub_51090,1093.38,2023-01-29
inv_94361,sub_51372,1097.97,2023-10-02
inv_94362,sub_53191,955.15,2023-08-31
inv_94363,sub_52809,227.4,2024-07-21
inv_94364,sub_50746,676.49,2023-01-11
inv_94365,sub_53525,1149.3,2024-02-05
inv_94366,sub_53177,1240.54,2023-05-23
inv_94367,sub_51758,839.45,2024-03-07
inv_94368,sub_50388,1261.86,2024-07-25
inv_94369,sub_53802,1172.36,2023-11-03
inv_94370,sub_51217,1300.73,2024-03-04
inv_94372,sub_53970,749.44,2024-06-04
inv_94373,sub_53432,884.11,2024-06-23
inv_94374,sub_52305,590.35,2023-06-11
inv_94375,sub_52132,632.1,2023-10-26
inv_94376,sub_50893,362.74,2025-01-01
inv_94377,sub_52534,971.18,2024-07-19
inv_94378,sub_53041,915.09,2024-06-17
inv_94379,sub_53285,527.47,2023-06-09
inv_94380,sub_51311,1142.33,2024-07-23
inv_94381,sub_52096,106.52,2024-08-07
inv_94382,sub_52686,609.66,2023-06-15
inv_94383,sub_51458,266.74,2023-11-26
inv_94384,sub_53611,844.25,2023-09-11
inv_94385,sub_52883,187.31,2023-12-02
inv_94386,sub_50904,914.07,2023-12-10
inv_94387,sub_53288,338.64,2023-07-19
inv_94388,sub_50302,333.9,2023-05-13
inv_94389,sub_50273,467.94,2024-06-02
inv_94390,sub_51367,999.58,2023-12-13
inv_94391,sub_50311,686.09,2023-08-29
inv_94392,sub_53153,1219.82,2023-03-07
inv_94393,sub_52484,1239.65,2024-10-07
inv_94394,sub_51681,210.78,2024-08-24
inv_94395,sub_53855,682.48,2024-12-05
inv_94396,sub_53651,384.33,2023-11-02
inv_94397,sub_51488,688.76,2024-03-13
inv_94398,sub_52663,563.81,2023-07-10
inv_94399,sub_51325,1381.92,2024-11-04
inv_94400,sub_51737,1111.28,2023-01-04
inv_94401,sub_53356,193.66,2024-12-03
inv_94403,sub_53977,613.56,2024-12-11
inv_94404,sub_50421,198.75,2023-01-01
inv_94405,sub_52205,189.59,2023-01-19
inv_94406,sub_51984,460.8,2023-12-11
inv_94407,sub_53712,256.13,2023-11-08
inv_94408,sub_52618,1264.61,2024-02-18
inv_94409,sub_50482,974.58,2023-12-04
inv_94410,sub_50170,1391.73,2024-01-05
inv_94411,sub_51337,184.34,2023-02-20
inv_94412,sub_53526,956.78,2024-07-04
inv_94413,sub_53764,46.33,2023-07-19
inv_94414,sub_50061,613.76,2023-04-29
inv_94415,sub_51420,457.47,2023-04-06
inv_94416,sub_50248,1466.34,2024-04-19
inv_94417,sub_52200,708.57,2023-03-04
inv_94418,sub_51015,947.59,2023-04-18
inv_94419,sub_50842,1134.48,2023-04-01
inv_94420,sub_53724,1147.53,2023-11-13
inv_94421,sub_52618,217.84,2024-12-10
inv_94422,sub_51867,134.05,2023-03-04
inv_94423,sub_50810,639.8,2024-01-30
inv_94424,sub_51765,1377.83,2023-01-10
inv_94425,sub_51778,330.49,2024-07-22
inv_94426,sub_52879,1127.73,2024-09-26
inv_94427,sub_52145,845.15,2023-12-26
inv_94428,sub_52392,423.9,2024-11-18
inv_94429,sub_51378,654.45,2023-03-04
inv_94430,sub_51615,866.71,2023-12-14
inv_94431,sub_53903,499.83,2024-08-29
inv_94432,sub_52327,1220.62,2023-12-05
inv_94434,sub_50738,721.6,2023-11-18
inv_94435,sub_52726,107.11,2023-02-01
inv_94436,sub_50416,577.07,2024-10-15
inv_94437,sub_50426,518.3,2024-10-02
inv_94438,sub_52786,1326.97,2024-02-05
inv_94439,sub_51049,432.64,2023-08-15
inv_94440,sub_53128,117.74,2023-06-18
inv_94441,sub_50905,42.12,2023-01-27
inv_94442,sub_53436,387.16,2023-01-31
inv_94443,sub_51261,1017.97,2024-10-26
inv_94444,sub_50698,1303.04,2023-02-14
inv_94445,sub_52157,1135.49,2023-07-27
inv_94446,sub_51280,24.93,2024-09-25
inv_94447,sub_51551,779.04,2024-06-08
inv_94448,sub_52809,1369.31,2023-08-24
inv_94449,sub_50273,149.39,2024-08-29
inv_94450,sub_51662,313.11,2024-06-05
inv_94451,sub_51686,753.31,2024-07-08
inv_94452,sub_51046,1368.96,2023-09-29
inv_94453,sub_51123,117.54,2023-06-03
inv_94454,sub_50460,1310.87,2023-03-10
inv_94455,sub_51978,1151.77,2024-01-27
inv_94456,sub_50605,1308.58,2024-10-02
inv_94457,sub_50454,759.51,2024-08-21
inv_94458,sub_51261,207.04,2024-02-27
inv_94459,sub_53005,25.68,2023-06-04
inv_94460,sub_50059,30.46,2023-08-05
inv_94461,sub_52713,864.59,2023-06-13
inv_94462,sub_52555,1311.69,2023-12-09
inv_94463,sub_51267,221.92,2024-09-15
inv_94465,sub_51014,1167.12,2024-12-16
inv_94466,sub_52284,170.46,2023-05-26
inv_94467,sub_50471,69.04,2024-08-27
inv_94468,sub_52018,1313.27,2023-03-29
inv_94469,sub_50763,1032.64,2024-11-21
inv_94470,sub_51149,1344.51,2024-12-20
inv_94471,sub_53648,312.26,2023-01-08
inv_94472,sub_52863,230.35,2024-03-01
inv_94473,sub_52006,368.22,2023-07-03
inv_94474,sub_52856,269.63,2023-05-06
inv_94475,sub_51849,173.07,2023-09-13
inv_94476,sub_52987,296.32,2024-09-04
inv_94477,sub_52947,1439.78,2023-12-05
inv_94478,sub_53623,473.22,2024-09-27
inv_94479,sub_50799,433.88,2024-01-21
inv_94480,sub_52933,775.65,2024-07-07
inv_94481,sub_51707,867.83,2023-10-14
inv_94482,sub_52254,102.0,2023-01-29
inv_94483,sub_51606,1195.26,2024-01-17
inv_94484,sub_53521,1208.65,2024-12-04
inv_94485,sub_52367,314.52,2023-01-28
inv_94486,sub_52967,958.11,2023-02-09
inv_94487,sub_51014,772.17,2024-05-07
inv_94488,sub_51310,968.88,2024-03-01
inv_94489,sub_53298,1324.45,2024-04-05
inv_94490,sub_51574,1329.82,2023-08-28
inv_94491,sub_51089,289.44,2023-05-14
inv_94492,sub_50946,305.63,2023-10-08
inv_94493,sub_53463,1443.48,2023-08-29
inv_94494,sub_53363,51.05,2023-09-15
inv_94496,sub_51987,217.09,2023-01-12
inv_94497,sub_51420,139.6,2023-07-17
inv_94498,sub_52471,1474.41,2023-10-19
inv_94499,sub_53259,164.86,2024-08-05
inv_94500,sub_53574,184.09,2024-03-11
inv_94501,sub_50480,972.92,2023-04-02
inv_94502,sub_50324,241.58,2023-09-19
inv_94503,sub_50602,491.41,2024-02-26
inv_94504,sub_52628,153.12,2024-09-03
inv_94505,sub_51617,1242.42,2023-09-05
inv_94506,sub_53138,219.16,2024-02-17
inv_94507,sub_53048,808.66,2023-05-26
inv_94508,sub_51505,152.36,2023-07-17
inv_94509,sub_51916,725.79,2024-04-30
inv_94510,sub_51622,1489.11,2024-09-07
inv_94511,sub_50017,545.75,2024-01-02
inv_94512,sub_52460,36.52,2024-06-09
inv_94513,sub_51154,996.75,2023-07-31
inv_94514,sub_50440,42.17,2023-09-30
inv_94515,sub_51268,626.57,2023-10-01
inv_94516,sub_50882,105.01,2024-04-06
inv_94517,sub_51155,1405.61,2024-05-29
inv_94518,sub_53425,985.7,2023-06-28
inv_94519,sub_50193,916.38,2024-04-30
inv_94520,sub_53171,1430.56,2024-02-20
inv_94521,sub_52057,130.15,2023-05-29
inv_94522,sub_51919,778.66,2024-06-12
inv_94523,sub_52911,934.98,2023-01-01
inv_94524,sub_53657,1130.76,2024-10-19
inv_94525,sub_50735,237.51,2024-09-28
inv_94527,sub_50208,1270.59,2024-03-05
inv_94528,sub_50695,917.42,2023-11-08
inv_94529,sub_51238,230.92,2024-01-15
inv_94530,sub_50710,1347.43,2023-07-25
inv_94531,sub_50153,644.53,2023-12-12
inv_94532,sub_53608,739.78,2023-04-15
inv_94533,sub_53241,234.61,2024-05-25
inv_94534,sub_51451,1083.45,2023-08-12
inv_94535,sub_52721,1317.9,2024-06-02
inv_94536,sub_50081,982.59,2024-07-27
inv_94537,sub_53162,48.47,2023-07-21
inv_94538,sub_51791,1204.2,2023-11-12
inv_94539,sub_53349,853.7,2024-05-22
inv_94540,sub_51059,1078.94,2023-05-13
inv_94541,sub_50491,429.12,2023-12-11
inv_94542,sub_51075,1113.95,2024-07-03
inv_94543,sub_50743,691.41,2024-07-27
inv_94544,sub_53201,889.57,2023-02-01
inv_94545,sub_51205,492.84,2024-02-08
inv_94546,sub_52390,285.2,2024-08-01
inv_94547,sub_51744,251.39,2024-07-29
inv_94548,sub_52866,1305.01,2024-05-01
inv_94549,sub_53829,963.11,2023-01-20
inv_94550,sub_51970,1034.53,2023-04-29
inv_94551,sub_51924,1301.52,2024-08-31
inv_94552,sub_53825,962.57,2024-08-24
inv_94553,sub_52847,896.42,2024-10-01
inv_94554,sub_50230,540.48,2023-02-16
inv_94555,sub_51074,416.64,2023-08-16
inv_94556,sub_53152,1259.46,2024-10-20
inv_94558,sub_53462,103.22,2023-09-11
inv_94559,sub_53849,1316.35,2024-10-22
inv_94560,sub_53455,937.34,2024-09-27
inv_94561,sub_50205,729.83,2023-01-02
inv_94562,sub_53596,82.0,2024-03-31
inv_94563,sub_53819,444.92,2024-04-23
inv_94564,sub_53602,381.78,2024-08-05
inv_94565,sub_53882,741.64,2023-12-01
inv_94566,sub_50470,1170.31,2024-08-16
inv_94567,sub_50029,1354.82,2024-08-17
inv_94568,sub_50819,1003.58,2023-04-02
inv_94569,sub_52133,637.7,2024-06-09
inv_94570,sub_53450,375.59,2024-08-19
inv_94571,sub_52144,1034.26,2024-08-12
inv_94572,sub_50269,1303.17,2024-12-08
inv_94573,sub_51571,936.0,2024-02-07
inv_94574,sub_51541,1442.52,2025-01-01
inv_94575,sub_51593,362.52,2023-03-10
inv_94576,sub_52775,829.83,2023-02-21
inv_94577,sub_50172,882.16,2024-05-27
inv_94578,sub_52865,20.87,2024-05-03
inv_94579,sub_50959,949.42,2023-04-07
inv_94580,sub_52126,895.0,2024-10-02
inv_94581,sub_51454,203.47,2024-10-20
inv_94582,sub_53736,114.77,2024-05-16
inv_94583,sub_52833,323.17,2024-06-22
inv_94584,sub_51607,67.58,2024-11-30
inv_94585,sub_53611,150.45,2024-05-13
inv_94586,sub_51281,449.61,2023-01-19
inv_94587,sub_51984,963.15,2024-01-07
inv_94589,sub_52695,652.32,2023-01-28
inv_94590,sub_51207,1171.75,2024-05-23
inv_94591,sub_53824,1052.64,2024-08-09
inv_94592,sub_50218,1175.8,2023-03-01
inv_94593,sub_50354,1219.56,2024-10-07
inv_94594,sub_50778,848.88,2024-12-12
inv_94595,sub_52183,557.07,2024-03-31
inv_94596,sub_52752,820.65,2023-03-15
inv_94597,sub_52369,1331.29,2023-04-03
inv_94598,sub_51023,941.58,2023-03-07
inv_94599,sub_50481,1459.15,2023-02-26
inv_94600,sub_53037,501.64,2023-10-28
inv_94601,sub_51594,577.07,2024-02-04
inv_94602,sub_50436,1461.53,2023-09-22
inv_94603,sub_53893,1014.28,2024-08-15
inv_94604,sub_53366,694.97,2024-08-02
inv_94605,sub_50814,1320.0,2024-08-17
inv_94606,sub_50567,599.22,2023-10-01
inv_94607,sub_52149,156.73,2024-11-13
inv_94608,sub_51013,1102.62,2023-05-12
inv_94609,sub_52415,1007.26,2023-10-13
inv_94610,sub_52586,105.29,2024-11-08
inv_94611,sub_50120,537.35,2023-10-25
inv_94612,sub_51352,363.47,2023-11-13
inv_94613,sub_50549,1325.84,2023-10-20
inv_94614,sub_52950,1380.32,2023-09-04
inv_94615,sub_53358,146.43,2024-03-04
inv_94616,sub_53063,626.42,2023-04-28
inv_94617,sub_52286,1336.03,2024-08-23
inv_94618,sub_53167,1380.73,2024-09-30
inv_94620,sub_52710,1327.95,2023-09-25
inv_94621,sub_50184,226.41,2024-07-07
inv_94622,sub_53391,153.43,2024-06-02
inv_94623,sub_51996,1366.26,2024-07-25
inv_94624,sub_52615,342.31,2023-07-11
inv_94625,sub_51555,253.82,2023-01-19
inv_94626,sub_50094,353.23,2024-07-06
inv_94627,sub_51379,772.2,2023-09-30
inv_94628,sub_51948,211.7,2023-05-03
inv_94629,sub_53429,511.14,2023-04-13
inv_94630,sub_51315,1003.74,2023-04-18
inv_94631,sub_52410,803.15,2023-07-19
inv_94632,sub_51671,1054.09,2023-08-07
inv_94633,sub_53740,1060.92,2024-07-02
inv_94634,sub_50329,1155.1,2024-04-18
inv_94635,sub_50578,1071.3,2023-01-18
inv_94636,sub_53842,1413.88,2024-03-16
inv_94637,sub_50363,205.62,2023-05-12
inv_94638,sub_50205,476.93,2023-03-19
inv_94639,sub_51362,603.25,2024-12-04
inv_94640,sub_50558,1271.62,2024-10-26
inv_94641,sub_53370,108.62,2024-04-27
inv_94642,sub_50632,736.24,2024-09-01
inv_94643,sub_52330,941.39,2024-08-05
inv_94644,sub_51203,865.9,2024-09-20
inv_94645,sub_51139,1290.8,2024-10-06
inv_94646,sub_50227,1199.22,2023-05-04
inv_94647,sub_52921,783.77,2024-06-17
inv_94648,sub_52365,1281.68,2024-01-30
inv_94649,sub_51737,288.81,2024-08-12
inv_94651,sub_53998,976.11,2024-04-05
inv_94652,sub_51031,103.16,2024-11-01
inv_94653,sub_51701,564.3,2023-02-09
inv_94654,sub_50127,1195.68,2023-07-03
inv_94655,sub_52386,526.11,2024-12-21
inv_94656,sub_53727,1415.26,2023-01-26
inv_94657,sub_50914,461.81,2023-07-16
inv_94658,sub_51419,1125.69,2023-08-06
inv_94659,sub_51106,193.92,2024-02-03
inv_94660,sub_50242,730.98,2024-12-06
inv_94661,sub_52137,747.55,2024-05-01
inv_94662,sub_52438,921.46,2024-03-04
inv_94663,sub_52976,837.36,2024-09-16
inv_94664,sub_50507,1391.37,2024-01-02
inv_94665,sub_50766,85.51,2024-06-26
inv_94666,sub_51262,576.81,2023-09-08
inv_94667,sub_53835,441.03,2024-03-31
inv_94668,sub_51915,401.09,2023-12-22
inv_94669,sub_53492,463.4,2024-03-15
inv_94670,sub_53583,310.15,2023-08-12
inv_94671,sub_51239,1026.58,2023-05-06
inv_94672,sub_52508,73.51,2023-07-01
inv_94673,sub_52267,61.81,2023-07-02
inv_94674,sub_52374,118.16,2023-07-25
inv_94675,sub_53393,871.42,2023-05-30
inv_94676,sub_53143,99.96,2024-03-30
inv_94677,sub_51059,761.48,2023-03-11
inv_94678,sub_51374,552.37,2024-04-13
inv_94679,sub_50679,103.84,2024-01-30
inv_94680,sub_51287,222.14,2024-04-11
inv_94682,sub_53067,640.75,2024-07-16
inv_94683,sub_50075,706.8,2023-02-06
inv_94684,sub_52678,99.58,2024-02-01
inv_94685,sub_51873,26.28,2023-08-30
inv_94686,sub_53657,325.19,2024-06-17
inv_94687,sub_52160,1429.13,2024-06-23
inv_94688,sub_50037,654.61,2024-04-15
inv_94689,sub_53802,368.56,2023-07-23
inv_94690,sub_52168,210.36,2024-06-03
inv_94691,sub_51978,772.52,2024-09-23
inv_94692,sub_52612,1095.14,2024-11-23
inv_94693,sub_50327,1034.04,2024-03-28
inv_94694,sub_50618,311.87,2023-12-13
inv_94695,sub_53969,289.32,2024-07-04
inv_94696,sub_50434,546.49,2023-04-09
inv_94697,sub_50779,660.71,2024-09-12
inv_94698,sub_50694,768.66,2023-04-11
inv_94699,sub_53993,1063.05,2023-01-25
inv_94700,sub_50735,331.03,2024-08-15
inv_94701,sub_53201,717.31,2024-04-08
inv_94702,sub_53418,43.7,2023-08-15
inv_94703,sub_50274,327.37,2023-12-30
inv_94704,sub_53214,1165.9,2024-01-15
inv_94705,sub_50258,623.23,2024-06-26
inv_94706,sub_52100,1434.88,2024-05-31
inv_94707,sub_53090,378.58,2024-05-31
inv_94708,sub_52499,1464.92,2024-03-28
inv_94709,sub_52780,1182.91,2023-04-28
inv_94710,sub_50166,568.11,2023-11-26
inv_94711,sub_51087,1041.95,2024-07-12
inv_94713,sub_53098,811.23,2024-09-22
inv_94714,sub_52288,153.51,2024-03-22
inv_94715,sub_53352,1033.64,2023-01-10
inv_94716,sub_52965,1168.12,2024-08-06
inv_94717,sub_52255,1461.27,2024-11-01
inv_94718,sub_53950,1485.46,2023-04-21
inv_94719,sub_52931,194.1,2024-06-04
inv_94720,sub_50456,463.37,2024-05-10
inv_94721,sub_50403,413.93,2024-07-19
inv_94722,sub_52773,458.58,2023-02-03
inv_94723,sub_50439,1180.13,2023-04-03
inv_94724,sub_51388,1227.27,2023-10-18
inv_94725,sub_50119,1363.46,2023-07-26
inv_94726,sub_50806,1402.38,2024-09-19
inv_94727,sub_53891,648.66,2024-08-20
inv_94728,sub_50224,109.77,2024-04-15
inv_94729,sub_50160,505.93,2023-07-28
inv_94730,sub_50068,937.99,2023-05-18
inv_94731,sub_52991,747.64,2023-03-26
inv_94732,sub_52263,640.7,2024-06-13
inv_94733,sub_51680,813.0,2023-07-23
inv_94734,sub_50243,184.61,2024-05-21
inv_94735,sub_51729,281.33,2023-02-24
inv_94736,sub_52504,1016.02,2024-09-29
inv_94737,sub_50596,1337.93,2024-05-06
inv_94738,sub_52777,474.84,2023-09-09
inv_94739,sub_51924,907.69,2024-10-23
inv_94740,sub_51644,934.68,2024-03-02
inv_94741,sub_52252,264.77,2024-12-05
inv_94742,sub_50238,1068.99,2024-09-10
inv_94744,sub_51257,195.53,2024-09-23
inv_94745,sub_52576,572.78,2024-07-03
inv_94746,sub_52755,1097.91,2023-08-12
inv_94747,sub_50171,371.04,2023-12-16
inv_94748,sub_50209,60.35,2023-08-09
inv_94749,sub_51818,588.62,2023-02-10
inv_94750,sub_50138,285.94,2024-06-15
inv_94751,sub_53555,483.88,2023-03-03
inv_94752,sub_50854,842.12,2023-10-14
inv_94753,sub_52779,669.69,2023-03-24
inv_94754,sub_50026,1464.68,2024-06-12
inv_94755,sub_52662,1245.64,2024-09-27
inv_94756,sub_53877,750.6,2023-03-18
inv_94757,sub_53853,712.82,2024-03-17
inv_94758,sub_51834,1254.31,2023-06-02
inv_94759,sub_51020,1049.73,2023-03-01
inv_94760,sub_53808,1016.24,2024-12-30
inv_94761,sub_50124,942.29,2023-12-28
inv_94762,sub_53421,1412.19,2024-04-20
inv_94763,sub_51453,1000.5,2023-09-13
inv_94764,sub_50125,181.39,2023-01-11
inv_94765,sub_53449,758.62,2023-01-24
inv_94766,sub_53431,825.02,2024-01-20
inv_94767,sub_50820,1453.53,2024-05-27
inv_94768,sub_50468,142.54,2023-12-14
inv_94769,sub_50083,219.09,2024-04-18
inv_94770,sub_53133,267.48,2023-12-05
inv_94771,sub_52650,668.78,2024-04-12
inv_94772,sub_53948,1173.69,2024-03-19
inv_94773,sub_50341,1287.47,2023-11-22
inv_94775,sub_53703,592.82,2024-12-18
inv_94776,sub_50664,1450.71,2023-07-14
inv_94777,sub_53696,538.6,2024-01-02
inv_94778,sub_53273,826.11,2023-05-31
inv_94779,sub_51188,308.33,2024-06-22
inv_94780,sub_53564,246.2,2024-06-21
inv_94781,sub_53764,1239.42,2024-06-05
inv_94782,sub_51359,682.9,2023-06-22
inv_94783,sub_52710,1305.86,2024-01-30
inv_94784,sub_50699,370.91,2023-03-26
inv_94785,sub_51678,1079.71,2023-09-13
inv_94786,sub_53042,521.63,2023-01-03
inv_94787,sub_50584,479.49,2024-11-09
inv_94788,sub_52979,1417.33,2023-12-18
inv_94789,sub_53861,1302.2,2023-11-22
inv_94790,sub_53203,1138.7,2023-12-11
inv_94791,sub_51601,780.92,2024-04-01
inv_94792,sub_53847,1043.38,2024-10-04
inv_94793,sub_50211,797.54,2023-02-11
inv_94794,sub_51605,1050.08,2023-07-31
inv_94795,sub_51433,1283.14,2024-05-06
inv_94796,sub_53213,230.42,2024-08-16
inv_94797,sub_52062,1235.7,2024-09-04
inv_94798,sub_52250,237.75,2023-12-20
inv_94799,sub_51249,158.36,2024-04-24
inv_94800,sub_53815,1291.79,2023-06-26
inv_94801,sub_52239,283.36,2023-04-09
inv_94802,sub_50724,669.0,2024-02-14
inv_94803,sub_53799,439.83,2023-04-24
inv_94804,sub_52571,615.47,2023-12-09
inv_94806,sub_53797,106.82,2024-02-25
inv_94807,sub_52139,412.23,2024-12-01
inv_94808,sub_50312,1211.29,2024-03-13
inv_94809,sub_50139,1312.08,2024-10-06
inv_94810,sub_50222,1295.98,2023-03-06
inv_94811,sub_50691,234.3,2023-04-19
inv_94812,sub_53097,222.35,2024-07-06
inv_94813,sub_53636,1179.23,2024-05-17
inv_94814,sub_53142,246.11,2024-06-20
inv_94815,sub_51887,1221.96,2024-06-11
inv_94816,sub_53536,1334.08,2024-06-02
inv_94817,sub_52338,1352.18,2023-08-21
inv_94818,sub_53120,976.92,2024-08-07
inv_94819,sub_53774,768.84,2024-12-20
inv_94820,sub_50526,267.07,2023-02-17
inv_94821,sub_52304,175.88,2024-01-18
inv_94822,sub_52706,1382.39,2024-04-23
inv_94823,sub_52892,996.29,2023-04-04
inv_94824,sub_50881,715.51,2023-10-01
inv_94825,sub_50743,1214.56,2023-04-19
inv_94826,sub_51246,1185.64,2023-11-21
inv_94827,sub_53073,716.1,2024-08-04
inv_94828,sub_52475,574.29,2023-05-06
inv_94829,sub_50249,1139.36,2024-02-18
inv_94830,sub_53271,27.06,2024-09-28
inv_94831,sub_52196,898.1,2023-06-17
inv_94832,sub_51656,196.74,2023-01-25
inv_94833,sub_52757,461.32,2023-10-25
inv_94834,sub_52985,1382.25,2024-11-17
inv_94835,sub_51689,1010.08,2023-04-22
inv_94837,sub_53194,413.15,2023-10-30
inv_94838,sub_50053,533.99,2023-03-23
inv_94839,sub_50946,1226.03,2024-03-01
inv_94840,sub_53816,760.6,2024-09-09
inv_94841,sub_51252,1287.04,2024-11-08
inv_94842,sub_51518,692.6,2023-11-19
inv_94843,sub_53315,400.87,2024-12-13
inv_94844,sub_51484,268.66,2023-11-20
inv_94845,sub_51516,1134.69,2024-09-08
inv_94846,sub_51912,205.83,2023-11-20
inv_94847,sub_51495,24.54,2024-01-09
inv_94848,sub_50602,434.9,2023-04-12
inv_94849,sub_50013,788.86,2024-10-20
inv_94850,sub_53547,149.39,2023-11-09
inv_94851,sub_50042,1185.49,2024-09-18
inv_94852,sub_52310,270.92,2024-09-24
inv_94853,sub_53818,1033.88,2023-07-19
inv_94854,sub_51185,625.67,2023-06-21
inv_94855,sub_52444,686.95,2024-01-11
inv_94856,sub_52947,1423.36,2024-07-20
inv_94857,sub_50916,542.38,2024-01-15
inv_94858,sub_52933,915.14,2023-11-21
inv_94859,sub_51860,296.67,2023-08-01
inv_94860,sub_51231,788.63,2024-01-19
inv_94861,sub_53326,1359.08,2023-12-10
inv_94862,sub_52705,31.73,2023-06-08
inv_94863,sub_51022,1032.36,2023-02-01
inv_94864,sub_52493,1094.12,2024-04-17
inv_94865,sub_53856,254.66,2024-01-23
inv_94866,sub_52802,696.32,2024-07-05
inv_94868,sub_51551,137.4,2024-06-03
inv_94869,sub_50560,1322.36,2023-12-02
inv_94870,sub_52555,56.66,2023-02-12
inv_94871,sub_51715,209.09,2024-08-05
inv_94872,sub_52616,472.98,2023-08-13
inv_94873,sub_53269,438.08,2023-01-11
inv_94874,sub_53743,244.35,2023-08-28
inv_94875,sub_52941,1401.44,2023-01-18
inv_94876,sub_50433,1179.29,2023-07-20
inv_94877,sub_50208,1118.27,2023-03-13
inv_94878,sub_51000,225.26,2023-09-05
inv_94879,sub_51011,904.62,2024-07-19
inv_94880,sub_51678,782.02,2024-08-29
inv_94881,sub_51671,650.59,2024-06-27
inv_94882,sub_51657,734.25,2023-10-10
inv_94883,sub_53011,777.96,2023-12-31
inv_94884,sub_52804,374.79,2024-08-08
inv_94885,sub_53288,1222.15,2023-07-07
inv_94886,sub_50689,1345.38,2023-03-25
inv_94887,sub_52456,41.27,2023-07-17
inv_94888,sub_52862,1370.18,2024-11-04
inv_94889,sub_53705,613.09,2023-11-21
inv_94890,sub_51718,865.29,2023-10-02
inv_94891,sub_53108,371.62,2024-12-19
inv_94892,sub_51241,1054.33,2023-09-18
inv_94893,sub_51053,1092.09,2024-11-08
inv_94894,sub_53322,583.52,2024-09-23
inv_94895,sub_51066,467.68,2024-10-25
inv_94896,sub_50270,1079.09,2023-01-15
inv_94897,sub_51680,675.67,2024-09-22
inv_94899,sub_50855,957.18,2023-02-08
inv_94900,sub_50939,273.2,2024-10-03
inv_94901,sub_50367,1300.82,2023-04-07
inv_94902,sub_52589,1436.79,2024-04-17
inv_94903,sub_50420,68.87,2023-01-21
inv_94904,sub_52770,1249.47,2023-10-11
inv_94905,sub_53808,653.46,2024-02-15
inv_94906,sub_50937,806.28,2024-07-26
inv_94907,sub_52373,244.27,2024-06-13
inv_94908,sub_51264,76.96,2023-03-09
inv_94909,sub_53891,475.63,2023-09-20
inv_94910,sub_53022,951.93,2024-05-11
inv_94911,sub_52340,87.64,2024-10-24
inv_94912,sub_53748,994.08,2024-10-11
inv_94913,sub_52022,1434.84,2023-08-13
inv_94914,sub_51335,769.58,2023-12-07
inv_94915,sub_53889,1449.97,2023-10-03
inv_94916,sub_50448,658.18,2023-04-18
inv_94917,sub_52094,911.26,2023-06-13
inv_94918,sub_53709,1263.34,2024-01-01
inv_94919,sub_50156,1150.77,2024-02-28
inv_94920,sub_52697,1018.12,2023-06-12
inv_94921,sub_50420,515.57,2024-09-17
inv_94922,sub_52680,56.69,2023-01-16
inv_94923,sub_53907,502.24,2023-01-25
inv_94924,sub_52897,636.55,2024-12-27
inv_94925,sub_51980,1075.32,2023-10-20
inv_94926,sub_53143,765.41,2024-10-04
inv_94927,sub_53856,1150.31,2024-04-01
inv_94928,sub_52515,1261.58,2024-07-04
inv_94930,sub_52771,954.43,2023-02-03
inv_94931,sub_53601,376.29,2024-08-29
inv_94932,sub_50962,734.28,2024-10-18
inv_94933,sub_52725,1246.24,2024-06-07
inv_94934,sub_50430,1168.31,2024-12-20
inv_94935,sub_50004,1041.51,2023-05-20
inv_94936,sub_50367,699.89,2024-09-17
inv_94937,sub_52398,1062.55,2023-10-18
inv_94938,sub_52411,498.26,2024-04-18
inv_94939,sub_50286,817.81,2023-07-31
inv_94940,sub_51043,188.82,2023-07-08
inv_94941,sub_53522,901.94,2024-03-22
inv_94942,sub_50480,1350.37,2024-08-03
inv_94943,sub_50403,1246.31,2024-07-10
inv_94944,sub_53129,1385.09,2023-12-07
inv_94945,sub_50871,635.33,2023-03-20
inv_94946,sub_50233,633.19,2023-01-29
inv_94947,sub_51919,1469.36,2024-08-25
inv_94948,sub_51546,731.88,2023-01-07
inv_94949,sub_50758,499.98,2024-06-25
inv_94950,sub_52547,201.84,2023-05-13
inv_94951,sub_51944,1213.02,2024-04-26
inv_94952,sub_51971,379.11,2023-06-11
inv_94953,sub_51629,817.65,2023-12-01
inv_94954,sub_52920,1429.22,2024-10-20
inv_94955,sub_52024,810.86,2023-03-14
inv_94956,sub_50247,1183.04,2023-05-12
inv_94957,sub_52058,898.11,2023-03-06
inv_94958,sub_51676,1225.53,2024-12-07
inv_94959,sub_52259,1207.22,2023-08-28
inv_94961,sub_51521,207.55,2023-11-21
inv_94962,sub_51700,698.09,2024-12-21
inv_94963,sub_51984,818.89,2024-09-16
inv_94964,sub_52704,1414.79,2023-11-26
inv_94965,sub_53687,1116.62,2023-05-06
inv_94966,sub_53728,139.93,2024-11-12
inv_94967,sub_53067,1495.25,2024-09-02
inv_94968,sub_53670,158.66,2024-01-02
inv_94969,sub_50849,447.05,2024-10-15
inv_94970,sub_53732,488.67,2023-11-08
inv_94971,sub_50568,648.22,2024-09-08
inv_94972,sub_53147,940.78,2024-11-08
inv_94973,sub_53867,887.09,2024-03-17
inv_94974,sub_52335,1419.86,2024-04-01
inv_94975,sub_51684,784.14,2024-09-22
inv_94976,sub_53220,864.22,2023-01-11
inv_94977,sub_50208,1479.85,2024-07-25
inv_94978,sub_50715,764.73,2023-05-02
inv_94979,sub_51639,1236.2,2023-01-13
inv_94980,sub_51071,189.27,2023-09-07
inv_94981,sub_52031,893.54,2024-12-27
inv_94982,sub_52631,647.57,2024-11-17
inv_94983,sub_50170,449.26,2024-08-02
inv_94984,sub_53949,1315.38,2024-05-07
inv_94985,sub_50174,332.0,2023-08-29
inv_94986,sub_51249,160.52,2023-09-02
inv_94987,sub_50287,1315.93,2023-03-16
inv_94988,sub_51513,547.44,2024-10-14
inv_94989,sub_53533,732.03,2023-03-13
inv_94990,sub_52206,349.06,2024-12-04
inv_94992,sub_52508,1379.02,2024-05-31
inv_94993,sub_50740,1130.35,2023-12-21
inv_94994,sub_51544,40.25,2024-12-23
inv_94995,sub_52543,448.69,2023-08-25
inv_94996,sub_53771,245.12,2023-05-03
inv_94997,sub_53854,311.25,2023-02-15
inv_94998,sub_50618,1187.99,2023-05-12
inv_94999,sub_50805,863.71,2024-10-16
inv_95000,sub_51022,981.3,2023-10-05
inv_95001,sub_50210,384.95,2024-04-06
inv_95002,sub_50335,364.98,2023-07-23
inv_95003,sub_53132,848.86,2023-09-15
inv_95004,sub_51991,257.28,2024-04-23
inv_95005,sub_52261,128.71,2023-04-24
inv_95006,sub_52440,597.18,2024-10-27
inv_95007,sub_52915,1240.87,2024-10-17
inv_95008,sub_53404,1195.49,2024-05-06
inv_95009,sub_50950,1238.25,2023-03-29
inv_95010,sub_51319,992.24,2023-10-22
inv_95011,sub_52322,582.49,2024-11-19
inv_95012,sub_51578,661.47,2024-04-03
inv_95013,sub_52884,1487.18,2024-02-24
inv_95014,sub_51090,737.68,2023-05-31
inv_95015,sub_51115,329.73,2024-02-19
inv_95016,sub_52628,1232.22,2024-07-29
inv_95017,sub_50903,408.47,2023-12-01
inv_95018,sub_51212,897.33,2023-12-16
inv_95019,sub_50439,1035.42,2024-05-16
inv_95020,sub_52441,794.56,2023-02-12
inv_95021,sub_50101,484.27,2024-06-05
inv_95023,sub_52393,717.37,2023-09-01
inv_95024,sub_51659,98.04,2023-08-26
inv_95025,sub_53974,1116.86,2023-03-02
inv_95026,sub_50288,669.76,2024-09-13
inv_95027,sub_52129,954.71,2023-04-03
inv_95028,sub_53068,80.55,2023-12-11
inv_95029,sub_52555,282.75,2024-07-21
inv_95030,sub_53957,380.34,2023-08-27
inv_95031,sub_50735,809.6,2024-10-01
inv_95032,sub_52958,1056.38,2024-07-28
inv_95033,sub_50940,1342.22,2023-11-22
inv_95034,sub_50476,131.83,2024-12-14
inv_95035,sub_50316,1050.46,2024-01-29
inv_95036,sub_51416,155.52,2024-10-31
inv_95037,sub_50384,340.74,2023-06-03
inv_95038,sub_53820,1152.06,2023-06-18
inv_95039,sub_51700,247.39,2023-07-21
inv_95040,sub_51552,1149.65,2024-06-07
inv_95041,sub_52244,359.57,2023-10-09
inv_95042,sub_52947,1315.36,2024-09-21
inv_95043,sub_51583,1272.22,2023-12-06
inv_95044,sub_50615,1474.78,2023-11-06
inv_95045,sub_52239,826.48,2023-11-21
inv_95046,sub_50595,582.48,2024-11-25
inv_95047,sub_51911,1028.68,2023-03-20
inv_95048,sub_53019,305.29,2024-06-01
inv_95049,sub_52052,573.72,2023-12-30
inv_95050,sub_52060,613.76,2023-10-19
inv_95051,sub_53590,75.95,2023-11-02
inv_95052,sub_53413,781.69,2024-04-21
inv_95054,sub_53276,223.68,2024-09-17
inv_95055,sub_50330,959.64,2024-06-30
inv_95056,sub_50024,1349.99,2024-05-23
inv_95057,sub_53644,600.55,2023-04-12
inv_95058,sub_53797,556.51,2024-01-02
inv_95059,sub_52882,787.98,2023-01-09
inv_95060,sub_52692,1426.65,2024-03-13
inv_95061,sub_50431,1379.57,2024-03-27
inv_95062,sub_50215,60.33,2023-03-24
inv_95063,sub_50880,631.77,2023-03-12
inv_95064,sub_50603,293.32,2023-03-06
inv_95065,sub_51725,319.28,2024-04-01
inv_95066,sub_51613,912.51,2023-09-03
inv_95067,sub_51658,478.25,2024-04-01
inv_95068,sub_50747,1281.83,2023-12-06
inv_95069,sub_52429,830.77,2023-12-31
inv_95070,sub_51564,824.66,2023-07-01
inv_95071,sub_53322,169.56,2023-06-25
inv_95072,sub_50531,777.81,2024-09-08
inv_95073,sub_52169,489.17,2023-11-26
inv_95074,sub_53342,392.05,2023-04-15
inv_95075,sub_51069,382.35,2023-04-07
inv_95076,sub_52615,1379.37,2024-08-12
inv_95077,sub_51025,284.42,2024-04-17
inv_95078,sub_53742,364.09,2023-07-17
inv_95079,sub_53669,240.37,2023-04-20
inv_95080,sub_51451,372.55,2023-02-14
inv_95081,sub_53853,1070.74,2024-10-24
inv_95082,sub_50917,54.05,2023-01-29
inv_95083,sub_51192,494.31,2023-04-02
inv_95085,sub_51327,922.4,2023-10-30
inv_95086,sub_51837,570.64,2024-12-18
inv_95087,sub_53246,731.25,2024-09-03
inv_95088,sub_50359,709.3,2023-08-14
inv_95089,sub_51412,855.4,2023-03-11
inv_95090,sub_52630,1435.97,2023-10-14
inv_95091,sub_51690,1240.8,2024-12-12
inv_95092,sub_50422,720.48,2024-06-04
inv_95093,sub_51233,720.09,2023-03-29
inv_95094,sub_50589,689.14,2024-09-16
inv_95095,sub_53922,910.18,2024-05-15
inv_95096,sub_50700,1187.44,2023-03-29
inv_95097,sub_52477,1241.89,2024-12-21
inv_95098,sub_51993,816.65,2023-07-25
inv_95099,sub_53328,374.14,2023-08-05
inv_95100,sub_50226,646.68,2023-12-20
inv_95101,sub_53953,991.26,2024-04-06
inv_95102,sub_53158,607.63,2023-09-05
inv_95103,sub_51457,527.39,2024-12-24
inv_95104,sub_50568,26.74,2023-06-07
inv_95105,sub_53733,210.97,2024-03-30
inv_95106,sub_52541,662.63,2024-11-05
inv_95107,sub_52006,696.34,2024-11-13
inv_95108,sub_50112,70.2,2023-06-26
inv_95109,sub_52186,87.89,2023-12-19
inv_95110,sub_53191,1094.03,2023-12-17
inv_95111,sub_52830,120.46,2023-07-06
inv_95112,sub_52663,894.23,2024-07-13
inv_95113,sub_52242,1072.95,2024-07-17
inv_95114,sub_51012,348.07,2024-12-13
inv_95116,sub_52342,660.35,2023-09-09
inv_95117,sub_51484,467.44,2024-01-13
inv_95118,sub_50566,1022.77,2024-10-19
inv_95119,sub_51624,1183.3,2023-01-22
inv_95120,sub_53037,1324.6,2023-01-25
inv_95121,sub_52589,525.52,2023-11-11
inv_95122,sub_53694,328.22,2023-05-21
inv_95123,sub_53595,918.58,2023-02-20
inv_95124,sub_52092,833.28,2023-12-11
inv_95125,sub_53880,35.15,2024-08-12
inv_95126,sub_50283,514.47,2024-12-01
inv_95127,sub_50731,758.55,2023-11-30
inv_95128,sub_50012,1152.5,2024-03-17
inv_95129,sub_52879,386.29,2024-11-13
inv_95130,sub_51691,271.94,2024-09-09
inv_95131,sub_52198,1354.28,2023-06-15
inv_95132,sub_51346,38.01,2023-09-08
inv_95133,sub_52084,598.85,2023-07-15
inv_95134,sub_50382,211.35,2023-11-20
inv_95135,sub_52291,413.3,2024-12-09
inv_95136,sub_51087,247.68,2023-03-04
inv_95137,sub_52341,411.98,2024-06-20
inv_95138,sub_51116,457.35,2024-03-17
inv_95139,sub_52915,1139.7,2023-02-15
inv_95140,sub_51096,1288.51,2023-07-11
inv_95141,sub_51260,518.82,2024-05-26
inv_95142,sub_52602,1315.86,2024-04-24
inv_95143,sub_50764,682.94,2023-03-31
inv_95144,sub_53270,378.5,2024-11-16
inv_95145,sub_53495,927.01,2023-06-16
inv_95147,sub_52633,774.33,2024-06-06
inv_95148,sub_53547,1165.5,2024-10-21
inv_95149,sub_53122,1299.08,2024-11-11
inv_95150,sub_52421,348.58,2024-07-09
inv_95151,sub_50147,697.57,2023-08-08
inv_95152,sub_52165,1375.03,2024-10-22
inv_95153,sub_51877,1254.58,2024-09-14
inv_95154,sub_50184,364.43,2023-05-20
inv_95155,sub_50344,995.08,2023-12-09
inv_95156,sub_53594,1461.13,2023-11-21
inv_95157,sub_53605,561.87,2024-10-17
inv_95158,sub_53487,1451.87,2023-08-31
inv_95159,sub_53032,300.78,2024-01-20
inv_95160,sub_50298,91.75,2023-05-22
inv_95161,sub_53241,670.23,2024-11-05
inv_95162,sub_52993,844.47,2024-12-19
inv_95163,sub_51985,1097.74,2024-10-07
inv_95164,sub_51350,1444.43,2024-09-12
inv_95165,sub_52002,367.86,2023-10-25
inv_95166,sub_51718,59.79,2024-11-10
inv_95167,sub_51951,1132.21,2023-02-06
inv_95168,sub_51431,45.74,2023-05-20
inv_95169,sub_52836,153.84,2024-09-04
inv_95170,sub_50560,509.85,2024-01-14
inv_95171,sub_52093,1244.67,2024-11-08
inv_95172,sub_53996,1158.26,2024-02-10
inv_95173,sub_52918,791.71,2023-06-22
inv_95174,sub_51348,1160.1,2024-04-14
inv_95175,sub_53154,91.33,2023-06-01
inv_95176,sub_51145,1379.53,2023-12-28
inv_95178,sub_52658,1260.86,2023-06-01
inv_95179,sub_51537,1328.35,2023-09-19
inv_95180,sub_51782,860.06,2023-08-30
inv_95181,sub_53938,442.49,2023-11-08
inv_95182,sub_50776,284.03,2023-05-15
inv_95183,sub_50661,835.2,2024-04-01
inv_95184,sub_53408,272.55,2023-03-18
inv_95185,sub_53806,310.72,2023-07-09
inv_95186,sub_52755,752.03,2023-07-10
inv_95187,sub_50514,1178.03,2023-11-05
inv_95188,sub_51240,830.01,2023-01-10
inv_95189,sub_52631,56.75,2023-10-07
inv_95190,sub_51455,340.84,2023-10-23
inv_95191,sub_51123,601.97,2023-07-09
inv_95192,sub_53360,270.45,2024-09-10
inv_95193,sub_53455,217.29,2023-03-15
inv_95194,sub_52021,247.22,2023-06-30
inv_95195,sub_51130,1164.35,2023-07-22
inv_95196,sub_51074,712.14,2023-06-21
inv_95197,sub_52797,51.23,2024-06-29
inv_95198,sub_53247,1063.33,2023-10-21
inv_95199,sub_50981,1430.68,2024-05-15
inv_95200,sub_51570,1366.4,2023-05-30
inv_95201,sub_52613,837.85,2023-06-04
inv_95202,sub_51378,1024.37,2024-08-07
inv_95203,sub_52474,474.86,2024-07-24
inv_95204,sub_51180,847.14,2024-05-23
inv_95205,sub_51430,874.49,2024-01-09
inv_95206,sub_51508,901.14,2024-05-19
inv_95207,sub_51776,1164.68,2024-10-08
inv_95209,sub_53117,875.39,2023-04-19
inv_95210,sub_53953,372.02,2023-01-26
inv_95211,sub_50012,769.53,2024-11-27
inv_95212,sub_53253,1229.04,2023-04-06
inv_95213,sub_50217,644.41,2023-08-14
inv_95214,sub_51375,1156.09,2024-10-25
inv_95215,sub_50448,603.51,2023-08-07
inv_95216,sub_53132,179.97,2023-07-08
inv_95217,sub_52750,1279.72,2023-10-11
inv_95218,sub_53423,1148.61,2024-01-31
inv_95219,sub_52759,445.36,2023-11-26
inv_95220,sub_53456,1294.23,2024-12-18
inv_95221,sub_51570,1013.84,2023-12-08
inv_95222,sub_51646,1053.07,2023-01-12
inv_95223,sub_50753,1003.11,2024-05-20
inv_95224,sub_51746,977.69,2023-10-14
inv_95225,sub_53272,1105.78,2023-03-23
inv_95226,sub_53699,371.85,2023-03-03
inv_95227,sub_52382,624.07,2023-05-25
inv_95228,sub_51885,1104.13,2023-10-27
inv_95229,sub_52894,792.18,2023-12-08
inv_95230,sub_53377,731.54,2024-09-05
inv_95231,sub_53145,991.77,2024-10-01
inv_95232,sub_51222,130.63,2024-07-24
inv_95233,sub_51183,1038.75,2023-06-19
inv_95234,sub_51784,494.09,2023-10-11
inv_95235,sub_52380,962.95,2023-08-17
inv_95236,sub_51802,1402.93,2024-01-12
inv_95237,sub_51930,1318.86,2023-12-26
inv_95238,sub_51113,935.7,2023-03-26
inv_95240,sub_51111,902.6,2023-12-16
inv_95241,sub_52728,37.46,2023-05-25
inv_95242,sub_50642,1101.29,2023-12-04
inv_95243,sub_50275,1115.62,2024-01-17
inv_95244,sub_52712,1463.69,2024-09-03
inv_95245,sub_51796,1407.95,2024-06-11
inv_95246,sub_50349,130.67,2024-12-20
inv_95247,sub_51292,540.38,2024-12-14
inv_95248,sub_52138,919.03,2023-11-14
inv_95249,sub_52439,111.06,2024-06-20
inv_95250,sub_51807,644.6,2024-07-31
inv_95251,sub_50481,1220.3,2024-04-21
inv_95252,sub_51141,840.54,2023-01-31
inv_95253,sub_50245,467.23,2024-05-31
inv_95254,sub_52751,1464.74,2024-08-13
inv_95255,sub_50179,797.15,2023-01-14
inv_95256,sub_53542,1076.3,2024-01-21
inv_95257,sub_53354,756.8,2024-06-10
inv_95258,sub_50590,258.12,2024-08-09
inv_95259,sub_50063,1105.56,2024-09-08
inv_95260,sub_53184,1482.38,2023-11-14
inv_95261,sub_50537,1170.56,2024-05-26
inv_95262,sub_51101,1357.38,2024-04-05
inv_95263,sub_52064,457.54,2023-11-25
inv_95264,sub_50699,263.11,2023-03-07
inv_95265,sub_51518,519.49,2023-11-20
inv_95266,sub_51663,294.83,2024-10-14
inv_95267,sub_51221,929.01,2023-08-28
inv_95268,sub_53029,744.39,2024-08-29
inv_95269,sub_52462,487.13,2024-12-07
inv_95271,sub_50141,423.25,2023-02-04
inv_95272,sub_50389,619.18,2023-10-23
inv_95273,sub_50570,1252.11,2023-08-24
inv_95274,sub_53066,1295.7,2024-01-15
inv_95275,sub_52556,907.72,2024-05-06
inv_95276,sub_52829,1112.9,2024-08-08
inv_95277,sub_53849,769.62,2024-02-04
inv_95278,sub_52571,788.61,2024-01-07
inv_95279,sub_52083,1215.49,2023-12-16
inv_95280,sub_51873,627.87,2023-01-31
inv_95281,sub_51519,45.66,2023-11-26
inv_95282,sub_51925,558.03,2024-08-12
inv_95283,sub_51931,553.42,2023-07-21
inv_95284,sub_53012,937.66,2023-06-17
inv_95285,sub_53345,862.0,2023-03-26
inv_95286,sub_52182,802.07,2024-10-02
inv_95287,sub_53870,983.88,2023-04-20
inv_95288,sub_52546,395.94,2023-12-19
inv_95289,sub_51148,761.11,2023-09-15
inv_95290,sub_51694,1094.5,2023-06-26
inv_95291,sub_52377,1390.22,2024-12-20
inv_95292,sub_53427,810.75,2023-07-19
inv_95293,sub_51478,793.1,2024-01-10
inv_95294,sub_52237,1350.55,2023-02-21
inv_95295,sub_51818,590.41,2024-07-11
inv_95296,sub_50560,1023.95,2023-01-02
inv_95297,sub_53703,491.0,2023-05-20
inv_95298,sub_51632,54.98,2023-10-13
inv_95299,sub_51128,206.41,2023-05-04
inv_95300,sub_50381,735.77,2023-08-22
inv_95302,sub_52516,590.14,2024-04-06
inv_95303,sub_51073,388.96,2024-12-08
inv_95304,sub_51684,848.26,2023-11-12
inv_95305,sub_52218,557.92,2024-03-29
inv_95306,sub_50090,118.61,2024-12-18
inv_95307,sub_51238,225.8,2023-06-28
inv_95308,sub_50933,499.98,2023-11-21
inv_95309,sub_53054,54.75,2023-11-10
inv_95310,sub_52852,1117.51,2024-01-16
inv_95311,sub_52047,1087.83,2023-04-24
inv_95312,sub_53929,97.74,2024-11-07
inv_95313,sub_51767,211.16,2024-06-05
inv_95314,sub_53618,974.06,2023-06-06
inv_95315,sub_50012,187.67,2023-04-16
inv_95316,sub_53652,95.84,2023-04-01
inv_95317,sub_50590,1433.79,2024-06-06
inv_95318,sub_53861,1395.49,2024-02-25
inv_95319,sub_52819,85.15,2024-09-03
inv_95320,sub_52683,601.05,2023-05-20
inv_95321,sub_52632,259.1,2023-02-15
inv_95322,sub_52546,267.34,2024-12-03
inv_95323,sub_50127,203.83,2024-09-22
inv_95324,sub_52219,762.94,2023-12-11
inv_95325,sub_50669,604.19,2024-05-16
inv_95326,sub_50572,784.17,2024-12-12
inv_95327,sub_50556,744.63,2023-05-11
inv_95328,sub_52933,577.61,2023-05-03
inv_95329,sub_50529,573.12,2023-05-11
inv_95330,sub_53143,671.17,2024-05-18
inv_95331,sub_53639,620.57,2023-01-05
inv_95333,sub_50449,808.72,2024-12-08
inv_95334,sub_53701,332.65,2023-01-15
inv_95335,sub_53246,192.62,2023-02-20
inv_95336,sub_52111,1010.57,2023-10-06
inv_95337,sub_52388,1253.54,2023-05-31
inv_95338,sub_51401,1382.84,2023-02-09
inv_95339,sub_53535,32.77,2023-08-05
inv_95340,sub_51492,1009.88,2023-04-25
inv_95341,sub_53157,1002.61,2024-07-21
inv_95342,sub_52087,972.12,2024-09-22
inv_95343,sub_50868,430.37,2023-11-20
inv_95344,sub_52018,588.8,2023-10-18
inv_95345,sub_52310,462.51,2024-06-01
inv_95346,sub_52708,894.6,2024-04-09
inv_95347,sub_52543,249.4,2024-12-17
inv_95348,sub_53078,1007.47,2024-08-16
inv_95349,sub_52591,124.53,2024-02-19
inv_95350,sub_52670,1170.46,2023-03-23
inv_95351,sub_51681,1047.48,2023-09-22
inv_95352,sub_51594,585.3,2024-11-17
inv_95353,sub_52570,340.83,2024-03-21
inv_95354,sub_51762,350.35,2024-12-24
inv_95355,sub_53015,139.17,2024-07-09
inv_95356,sub_50555,902.96,2024-03-26
inv_95357,sub_52062,1235.8,2024-04-15
inv_95358,sub_51565,823.74,2023-06-03
inv_95359,sub_51199,568.3,2024-10-15
inv_95360,sub_51240,769.34,2023-11-23
inv_95361,sub_50353,603.01,2023-07-06
inv_95362,sub_53835,1497.31,2023-08-17
inv_95364,sub_51213,1044.57,2023-10-28
inv_95365,sub_51351,276.03,2023-02-01
inv_95366,sub_53386,532.21,2023-09-30
inv_95367,sub_53217,186.38,2024-07-02
inv_95368,sub_50807,1163.43,2023-05-04
inv_95369,sub_53589,412.58,2023-04-28
inv_95370,sub_52742,1082.6,2023-11-12
inv_95371,sub_51914,283.7,2023-09-01
inv_95372,sub_53274,786.02,2023-07-14
inv_95373,sub_50644,686.66,2023-11-30
inv_95374,sub_51360,462.27,2023-01-09
inv_95375,sub_50692,737.18,2023-10-30
inv_95376,sub_53722,1396.55,2023-06-27
inv_95377,sub_51024,351.21,2023-01-07
inv_95378,sub_53925,1230.32,2023-12-06
inv_95379,sub_52165,897.06,2023-06-13
inv_95380,sub_50120,1083.91,2024-05-02
inv_95381,sub_52496,1263.12,2024-10-22
inv_95382,sub_51068,980.32,2024-01-30
inv_95383,sub_53822,1236.89,2024-11-23
inv_95384,sub_51786,162.95,2023-09-08
inv_95385,sub_51553,981.07,2024-03-01
inv_95386,sub_50793,474.08,2024-06-18
inv_95387,sub_51482,215.86,2024-07-04
inv_95388,sub_51332,1032.37,2023-05-30
inv_95389,sub_52493,1483.4,2024-06-09
inv_95390,sub_50029,327.27,2024-12-02
inv_95391,sub_50390,1395.99,2023-01-27
inv_95392,sub_50450,356.03,2023-06-22
inv_95393,sub_53040,734.32,2024-09-11
inv_95395,sub_53157,863.16,2024-02-19
inv_95396,sub_51319,954.43,2023-03-21
inv_95397,sub_53031,149.97,2024-05-16
inv_95398,sub_53578,1086.04,2023-01-18
inv_95399,sub_50046,267.73,2023-04-26
inv_95400,sub_53544,100.97,2024-07-30
inv_95401,sub_53947,1457.22,2024-09-11
inv_95402,sub_50087,1210.12,2023-02-25
inv_95403,sub_51547,481.5,2023-05-06
inv_95404,sub_51542,759.13,2023-01-23
inv_95405,sub_50675,1126.14,2023-11-05
inv_95406,sub_52316,295.26,2024-10-03
inv_95407,sub_53104,938.14,2024-04-23
inv_95408,sub_52102,1345.13,2023-10-10
inv_95409,sub_50004,168.73,2024-04-17
inv_95410,sub_51880,1010.8,2023-12-26
inv_95411,sub_52771,39.63,2023-05-05
inv_95412,sub_53313,87.1,2024-07-13
inv_95413,sub_53816,521.02,2023-08-11
inv_95414,sub_50231,957.99,2024-12-05
inv_95415,sub_50005,1297.7,2023-10-06
inv_95416,sub_50806,771.66,2023-06-01
inv_95417,sub_53397,938.22,2023-09-07
inv_95418,sub_51531,1346.11,2024-08-28
inv_95419,sub_53198,1242.19,2023-04-03
inv_95420,sub_52802,980.52,2023-05-01
inv_95421,sub_52101,1258.47,2024-05-10
inv_95422,sub_50584,712.27,2023-06-28
inv_95423,sub_53895,916.71,2023-08-25
inv_95424,sub_53264,142.35,2023-12-19
inv_95426,sub_51768,1477.02,2023-04-29
inv_95427,sub_50466,557.45,2024-01-25
inv_95428,sub_52652,919.74,2023-12-24
inv_95429,sub_52568,553.83,2023-11-08
inv_95430,sub_53711,899.6,2023-03-19
inv_95431,sub_53008,1396.43,2024-07-17
inv_95432,sub_50246,1424.44,2024-07-21
inv_95433,sub_51402,1368.87,2024-05-20
inv_95434,sub_51609,369.18,2023-05-07
inv_95435,sub_53068,1065.41,2023-07-08
inv_95436,sub_51528,349.66,2024-03-13
inv_95437,sub_51089,62.48,2023-06-26
inv_95438,sub_52859,330.71,2023-08-26
inv_95439,sub_52350,341.76,2023-02-25
inv_95440,sub_52948,415.61,2024-12-31
inv_95441,sub_53771,1046.01,2023-10-13
inv_95442,sub_50397,1015.41,2024-09-21
inv_95443,sub_53844,1208.92,2024-03-14
inv_95444,sub_50084,1104.55,2024-12-23
inv_95445,sub_51019,722.48,2024-08-02
inv_95446,sub_53096,61.59,2023-12-10
inv_95447,sub_51061,250.94,2023-08-13
inv_95448,sub_53865,142.86,2024-10-13
inv_95449,sub_50096,1430.79,2024-05-20
inv_95450,sub_51896,1359.39,2023-06-26
inv_95451,sub_50402,1407.65,2024-10-06
inv_95452,sub_53500,1096.04,2024-11-29
inv_95453,sub_51875,1006.99,2024-07-29
inv_95454,sub_52683,1353.37,2024-05-18
inv_95455,sub_52974,248.17,2024-04-09
inv_95457,sub_51393,33.47,2024-10-03
inv_95458,sub_50837,136.55,2023-06-25
inv_95459,sub_53820,329.12,2023-10-18
inv_95460,sub_52101,1479.11,2023-08-25
inv_95461,sub_51781,643.45,2023-11-23
inv_95462,sub_50930,934.18,2024-05-17
inv_95463,sub_50461,833.92,2023-08-04
inv_95464,sub_53936,237.65,2023-08-09
inv_95465,sub_52409,505.7,2023-01-06
inv_95466,sub_50604,124.6,2023-12-11
inv_95467,sub_52332,535.83,2023-06-09
inv_95468,sub_50873,1356.75,2024-08-29
inv_95469,sub_53551,948.25,2023-08-28
inv_95470,sub_53841,176.29,2024-09-03
inv_95471,sub_52897,1450.98,2024-12-03
inv_95472,sub_50325,1443.56,2024-01-01
inv_95473,sub_52855,158.09,2023-12-10
inv_95474,sub_50172,989.3,2024-08-03
inv_95475,sub_51975,1184.53,2023-06-17
inv_95476,sub_52081,1415.96,2023-02-20
inv_95477,sub_53002,845.52,2023-04-25
inv_95478,sub_52285,1047.5,2024-03-30
inv_95479,sub_50033,1334.88,2024-09-06
inv_95480,sub_52288,513.44,2023-02-12
inv_95481,sub_53755,92.91,2024-06-24
inv_95482,sub_52241,1256.2,2024-09-18
inv_95483,sub_50410,170.06,2023-08-15
inv_95484,sub_50526,1341.45,2023-08-26
inv_95485,sub_51635,52.42,2024-02-09
inv_95486,sub_50119,302.95,2024-05-20
inv_95488,sub_53528,125.92,2023-06-22
inv_95489,sub_51646,880.99,2023-01-02
inv_95490,sub_51845,215.81,2024-05-29
inv_95491,sub_50247,1389.38,2024-09-10
inv_95492,sub_51020,1048.06,2023-10-27
inv_95493,sub_53244,1225.58,2024-09-12
inv_95494,sub_51546,918.39,2024-10-16
inv_95495,sub_52371,187.28,2023-06-10
inv_95496,sub_50885,137.38,2023-09-04
inv_95497,sub_51813,880.07,2024-10-14
inv_95498,sub_53066,1099.86,2024-05-31
inv_95499,sub_53780,1227.97,2023-10-05
inv_95500,sub_51098,1288.62,2023-01-03
inv_95501,sub_50022,750.93,2024-08-11
inv_95502,sub_53651,140.02,2024-09-11
inv_95503,sub_53735,393.74,2023-06-24
inv_95504,sub_50883,508.91,2024-12-09
inv_95505,sub_52941,997.31,2023-03-03
inv_95506,sub_50725,738.76,2023-08-04
inv_95507,sub_53886,1007.84,2023-02-25
inv_95508,sub_53235,476.99,2024-08-14
inv_95509,sub_53086,858.95,2024-06-26
inv_95510,sub_53504,70.37,2023-11-27
inv_95511,sub_53149,89.06,2023-11-01
inv_95512,sub_53783,1357.77,2023-08-13
inv_95513,sub_50014,165.6,2023-03-10
inv_95514,sub_52565,1318.72,2024-05-13
inv_95515,sub_50113,1187.42,2023-04-18
inv_95516,sub_50562,1035.27,2023-02-28
inv_95517,sub_51942,483.97,2023-11-26
inv_95519,sub_53933,454.39,2023-06-21
inv_95520,sub_53049,384.24,2024-01-15
inv_95521,sub_52741,331.38,2024-05-05
inv_95522,sub_51424,571.34,2023-09-29
inv_95523,sub_52486,161.93,2024-10-12
inv_95524,sub_52251,285.35,2023-11-14
inv_95525,sub_50751,471.87,2023-03-25
inv_95526,sub_51101,1176.13,2023-12-09
inv_95527,sub_53506,937.96,2023-04-28
inv_95528,sub_52077,930.9,2024-02-20
inv_95529,sub_51320,988.61,2024-06-29
inv_95530,sub_51385,396.39,2024-03-26
inv_95531,sub_50913,1235.61,2024-07-18
inv_95532,sub_53839,860.57,2024-10-26
inv_95533,sub_50062,143.97,2024-03-12
inv_95534,sub_50487,1457.05,2024-04-25
inv_95535,sub_53820,918.59,2023-11-02
inv_95536,sub_50739,579.57,2024-06-11
inv_95537,sub_53485,137.79,2023-11-25
inv_95538,sub_53419,1270.74,2024-04-04
inv_95539,sub_50492,641.6,2024-08-03
inv_95540,sub_53374,207.67,2023-07-31
inv_95541,sub_50593,1165.86,2023-05-01
inv_95542,sub_53664,740.09,2023-03-28
inv_95543,sub_51143,580.7,2024-04-20
inv_95544,sub_51296,329.87,2023-02-03
inv_95545,sub_50373,1420.27,2024-05-13
inv_95546,sub_50232,508.62,2024-04-03
inv_95547,sub_53018,74.01,2023-04-16
inv_95548,sub_51127,382.56,2024-11-05
inv_95550,sub_53415,1072.6,2024-04-08
inv_95551,sub_52678,937.96,2024-08-07
inv_95552,sub_50511,1013.1,2023-05-11
inv_95553,sub_51123,1156.7,2023-10-09
inv_95554,sub_50032,435.16,2023-05-25
inv_95555,sub_52951,807.72,2023-05-12
inv_95556,sub_51037,270.24,2023-01-27
inv_95557,sub_50168,915.92,2023-09-30
inv_95558,sub_50334,77.53,2024-06-04
inv_95559,sub_53283,1362.81,2023-05-10
inv_95560,sub_53213,1478.0,2024-04-24
inv_95561,sub_52480,1043.21,2024-04-30
inv_95562,sub_51604,458.38,2024-02-25
inv_95563,sub_51020,1089.06,2024-12-29
inv_95564,sub_50857,1456.52,2023-07-27
inv_95565,sub_50646,547.97,2023-07-05
inv_95566,sub_50348,1323.44,2024-10-09
inv_95567,sub_51906,426.44,2024-12-05
inv_95568,sub_51272,40.08,2023-12-07
inv_95569,sub_51510,169.55,2024-11-15
inv_95570,sub_53167,210.42,2024-09-11
inv_95571,sub_51918,711.4,2023-06-05
inv_95572,sub_52510,121.81,2023-05-07
inv_95573,sub_52756,1148.15,2024-03-06
inv_95574,sub_52409,346.11,2023-10-13
inv_95575,sub_52356,1245.79,2023-03-31
inv_95576,sub_51887,1318.81,2024-02-10
inv_95577,sub_51032,830.4,2024-10-02
inv_95578,sub_52924,1263.43,2023-07-11
inv_95579,sub_50230,719.37,2024-11-06
inv_95581,sub_53486,241.15,2023-03-02
inv_95582,sub_52042,520.81,2023-01-20
inv_95583,sub_51088,1181.77,2024-01-29
inv_95584,sub_51126,807.91,2023-07-26
inv_95585,sub_53617,1329.89,2024-11-17
inv_95586,sub_53491,703.66,2023-11-22
inv_95587,sub_50861,1141.6,2023-07-17
inv_95588,sub_51993,638.33,2024-11-26
inv_95589,sub_50459,740.67,2023-10-12
inv_95590,sub_53313,768.24,2024-02-23
inv_95591,sub_51877,393.74,2023-04-16
inv_95592,sub_53246,1295.56,2023-05-30
inv_95593,sub_50496,1109.32,2023-07-04
inv_95594,sub_51882,245.0,2024-07-31
inv_95595,sub_53481,639.1,2023-08-17
inv_95596,sub_53984,459.21,2024-05-24
inv_95597,sub_51299,1304.78,2024-10-22
inv_95598,sub_50428,729.03,2024-07-29
inv_95599,sub_51204,1496.74,2023-03-25
inv_95600,sub_53986,1241.02,2024-10-30
inv_95601,sub_51024,702.7,2023-12-13
inv_95602,sub_53020,576.85,2024-09-13
inv_95603,sub_53794,180.16,2024-04-24
inv_95604,sub_52986,1039.97,2023-10-11
inv_95605,sub_50428,572.63,2024-09-21
inv_95606,sub_51756,197.7,2023-09-25
inv_95607,sub_53094,244.72,2023-07-07
inv_95608,sub_50945,426.98,2024-12-17
inv_95609,sub_52241,270.38,2024-09-27
inv_95610,sub_51792,799.56,2024-03-08
inv_95612,sub_52760,502.08,2023-08-24
inv_95613,sub_53503,430.46,2023-07-03
inv_95614,sub_50613,196.55,2024-10-21
inv_95615,sub_50638,1072.18,2024-03-05
inv_95616,sub_53779,812.1,2024-12-11
inv_95617,sub_52399,996.26,2024-05-24
inv_95618,sub_50895,262.86,2024-08-04
inv_95619,sub_53767,850.54,2024-08-25
inv_95620,sub_51589,96.52,2024-08-13
inv_95621,sub_53221,1067.85,2023-09-06
inv_95622,sub_53558,1169.6,2023-10-16
inv_95623,sub_52024,548.06,2024-01-18
inv_95624,sub_52538,770.1,2024-09-12
inv_95625,sub_51002,467.31,2023-09-02
inv_95626,sub_50623,1110.4,2023-02-14
inv_95627,sub_53151,1326.92,2023-04-12
inv_95628,sub_52440,399.09,2023-01-15
inv_95629,sub_52532,437.93,2023-03-17
inv_95630,sub_51798,691.67,2023-01-24
inv_95631,sub_52864,180.66,2023-03-18
inv_95632,sub_51421,1143.63,2024-05-29
inv_95633,sub_52397,407.59,2023-11-24
inv_95634,sub_50221,572.05,2024-12-01
inv_95635,sub_53807,1262.26,2023-05-10
inv_95636,sub_53782,373.45,2024-11-17
inv_95637,sub_50056,673.79,2024-03-02
inv_95638,sub_52275,260.27,2024-03-19
inv_95639,sub_50933,679.04,2024-12-20
inv_95640,sub_50076,584.98,2023-11-30
inv_95641,sub_52334,666.77,2024-02-28
inv_95643,sub_51345,1301.84,2023-05-30
inv_95644,sub_51181,815.91,2023-12-06
inv_95645,sub_51560,1081.84,2023-11-30
inv_95646,sub_53935,435.84,2023-10-16
inv_95647,sub_50879,904.27,2024-06-06
inv_95648,sub_53721,1486.11,2024-08-22
inv_95649,sub_51921,1035.81,2023-08-11
inv_95650,sub_50016,1107.9,2023-01-05
inv_95651,sub_53572,21.02,2024-02-11
inv_95652,sub_51677,637.5,2024-12-11
inv_95653,sub_51481,1028.78,2023-05-17
inv_95654,sub_52866,1386.51,2023-04-15
inv_95655,sub_53405,1395.1,2023-05-20
inv_95656,sub_53313,464.28,2023-04-25
inv_95657,sub_50800,1322.36,2023-01-23
inv_95658,sub_51353,258.18,2024-02-09
inv_95659,sub_51096,1070.45,2024-07-30
inv_95660,sub_50261,937.27,2023-03-23
inv_95661,sub_52972,1146.18,2024-04-06
inv_95662,sub_53025,1485.53,2023-01-15
inv_95663,sub_51631,659.85,2023-08-23
inv_95664,sub_51301,459.24,2024-06-06
inv_95665,sub_52495,177.98,2024-11-01
inv_95666,sub_50094,1300.38,2024-12-30
inv_95667,sub_50357,1276.96,2023-09-29
inv_95668,sub_53000,62.14,2024-08-26
inv_95669,sub_50352,485.15,2024-06-30
inv_95670,sub_50423,613.5,2023-07-18
inv_95671,sub_52142,339.65,2024-09-07
inv_95672,sub_52821,886.46,2024-04-11
inv_95674,sub_52512,1236.93,2023-07-19
inv_95675,sub_51308,623.4,2023-08-31
inv_95676,sub_50755,723.38,2023-02-18
inv_95677,sub_50876,620.41,2024-08-21
inv_95678,sub_50903,241.44,2024-06-01
inv_95679,sub_53303,1225.83,2024-05-19
inv_95680,sub_51398,1324.85,2023-11-21
inv_95681,sub_51918,652.18,2024-07-11
inv_95682,sub_53340,717.63,2024-11-06
inv_95683,sub_50740,620.57,2023-09-13
inv_95684,sub_51792,1389.31,2024-11-26
inv_95685,sub_52035,1383.38,2024-08-29
inv_95686,sub_52014,1106.39,2023-05-21
inv_95687,sub_51377,469.93,2023-04-13
inv_95688,sub_53856,701.39,2024-09-10
inv_95689,sub_53417,1431.43,2023-05-02
inv_95690,sub_51701,798.12,2024-12-29
inv_95691,sub_52479,1300.93,2023-12-07
inv_95692,sub_52329,844.03,2023-06-25
inv_95693,sub_53500,1125.07,2023-08-12
inv_95694,sub_53768,1404.33,2023-11-14
inv_95695,sub_52838,885.57,2024-10-30
inv_95696,sub_51282,1227.61,2023-02-13
inv_95697,sub_51334,1051.14,2024-04-20
inv_95698,sub_51495,1182.24,2024-10-20
inv_95699,sub_53988,1016.85,2024-10-24
inv_95700,sub_51108,853.04,2023-02-26
inv_95701,sub_51128,915.61,2023-12-11
inv_95702,sub_52884,196.52,2023-03-09
inv_95703,sub_52910,397.75,2023-01-11
inv_95705,sub_53004,810.67,2024-04-20
inv_95706,sub_53335,973.67,2024-01-20
inv_95707,sub_52339,1030.98,2023-12-26
inv_95708,sub_53648,933.84,2023-11-11
inv_95709,sub_51841,163.77,2024-05-20
inv_95710,sub_50788,896.04,2024-01-21
inv_95711,sub_53379,1044.13,2024-03-11
inv_95712,sub_53966,891.46,2024-12-03
inv_95713,sub_53513,1084.81,2024-06-05
inv_95714,sub_50291,981.28,2023-07-25
inv_95715,sub_53138,719.0,2023-01-05
inv_95716,sub_50781,877.79,2024-05-22
inv_95717,sub_53024,347.4,2023-04-22
inv_95718,sub_53173,1493.09,2024-10-02
inv_95719,sub_51348,1243.51,2024-09-29
inv_95720,sub_52029,87.62,2023-12-26
inv_95721,sub_50391,456.02,2024-10-04
inv_95722,sub_53265,751.71,2024-05-22
inv_95723,sub_51268,108.86,2023-06-06
inv_95724,sub_52183,620.08,2023-09-14
inv_95725,sub_52994,161.26,2023-01-31
inv_95726,sub_53789,690.96,2023-04-03
inv_95727,sub_52391,1386.78,2024-06-19
inv_95728,sub_51473,87.02,2023-10-04
inv_95729,sub_53673,1393.77,2024-06-28
inv_95730,sub_52296,227.96,2023-12-13
inv_95731,sub_51484,590.46,2024-03-06
inv_95732,sub_50429,293.89,2024-07-07
inv_95733,sub_52575,1403.96,2023-11-01
inv_95734,sub_50201,1262.95,2023-06-02
inv_95736,sub_52997,1420.34,2023-05-16
inv_95737,sub_51809,965.16,2023-10-24
inv_95738,sub_53617,1444.0,2024-01-23
inv_95739,sub_51273,758.55,2023-02-17
inv_95740,sub_52181,798.53,2023-02-04
inv_95741,sub_51044,1476.28,2024-08-09
inv_95742,sub_50334,975.25,2024-11-11
inv_95743,sub_50095,733.39,2023-07-15
inv_95744,sub_53897,45.73,2023-06-04
inv_95745,sub_51963,1050.51,2024-01-07
inv_95746,sub_52629,808.63,2024-08-24
inv_95747,sub_51051,1335.57,2023-05-27
inv_95748,sub_53039,35.59,2023-02-17
inv_95749,sub_50124,1445.05,2024-08-31
inv_95750,sub_53241,1004.88,2024-11-17
inv_95751,sub_50891,596.48,2024-09-03
inv_95752,sub_51754,1121.53,2024-05-15
inv_95753,sub_51381,432.77,2023-12-20
inv_95754,sub_51079,1077.56,2023-07-11
inv_95755,sub_50711,332.93,2024-03-23
inv_95756,sub_50034,636.54,2024-12-17
inv_95757,sub_52426,390.64,2023-11-01
inv_95758,sub_51816,218.15,2024-11-23
inv_95759,sub_51748,877.51,2024-11-08
inv_95760,sub_50896,253.01,2023-04-17
inv_95761,sub_53542,508.51,2024-08-10
inv_95762,sub_52877,876.26,2024-08-10
inv_95763,sub_53561,606.67,2024-04-07
inv_95764,sub_52565,72.06,2024-06-04
inv_95765,sub_52145,550.46,2023-10-02
inv_95767,sub_52292,776.12,2024-03-18
inv_95768,sub_51092,913.51,2024-11-07
inv_95769,sub_52998,953.38,2023-01-15
inv_95770,sub_53782,1024.38,2023-09-14
inv_95771,sub_50345,1060.54,2024-01-15
inv_95772,sub_53640,474.72,2023-05-23
inv_95773,sub_51220,649.4,2023-08-08
inv_95774,sub_50137,1143.41,2023-11-06
inv_95775,sub_51390,816.92,2023-10-20
inv_95776,sub_53406,26.3,2024-11-04
inv_95777,sub_53023,1393.83,2023-07-16
inv_95778,sub_50171,769.4,2023-10-31
inv_95779,sub_51011,966.91,2024-03-22
inv_95780,sub_53536,628.29,2024-12-27
inv_95781,sub_51213,749.68,2024-11-19
inv_95782,sub_50159,512.45,2024-12-03
inv_95783,sub_51936,164.01,2024-08-16
inv_95784,sub_52339,610.74,2023-08-19
inv_95785,sub_53073,1042.9,2024-11-27
inv_95786,sub_52756,1263.51,2023-02-17
inv_95787,sub_51788,902.42,2024-05-07
inv_95788,sub_52839,95.44,2023-05-07
inv_95789,sub_50912,48.05,2024-05-29
inv_95790,sub_50119,1321.26,2024-11-05
inv_95791,sub_52679,772.51,2024-06-27
inv_95792,sub_51311,256.2,2024-12-11
inv_95793,sub_50546,1091.48,2023-11-15
inv_95794,sub_53925,66.23,2024-03-02
inv_95795,sub_52310,519.56,2024-01-15
inv_95796,sub_53699,1071.7,2024-05-25
inv_95798,sub_52269,773.85,2023-05-27
inv_95799,sub_50317,1403.74,2023-05-03
inv_95800,sub_51817,234.99,2024-01-20
inv_95801,sub_52960,124.0,2023-05-09
inv_95802,sub_53639,1245.04,2024-07-11
inv_95803,sub_53409,76.03,2023-02-16
inv_95804,sub_53129,175.23,2023-12-09
inv_95805,sub_52490,1321.27,2023-11-03
inv_95806,sub_53791,26.3,2024-10-15
inv_95807,sub_52830,1440.45,2023-09-16
inv_95808,sub_52543,544.86,2023-08-12
inv_95809,sub_50833,396.15,2024-03-30
inv_95810,sub_50119,564.26,2024-04-04
inv_95811,sub_50825,601.72,2023-10-01
inv_95812,sub_50461,1448.99,2023-03-03
inv_95813,sub_53878,279.24,2024-02-02
inv_95814,sub_52474,535.49,2023-06-29
inv_95815,sub_53048,27.09,2023-10-06
inv_95816,sub_52087,1257.61,2024-12-22
inv_95817,sub_52624,600.7,2024-07-24
inv_95818,sub_50229,239.86,2024-06-06
inv_95819,sub_50609,1202.78,2024-07-30
inv_95820,sub_52055,817.93,2023-10-27
inv_95821,sub_50791,723.39,2023-05-09
inv_95822,sub_53932,173.7,2024-06-07
inv_95823,sub_50837,955.34,2024-10-23
inv_95824,sub_50286,841.22,2024-12-11
inv_95825,sub_51406,1337.55,2024-12-20
inv_95826,sub_51972,483.56,2023-09-04
inv_95827,sub_50136,1456.36,2024-09-28
inv_95829,sub_50073,402.97,2024-12-25
inv_95830,sub_53380,619.73,2024-07-05
inv_95831,sub_50401,830.86,2023-02-24
inv_95832,sub_53140,436.1,2023-03-14
inv_95833,sub_50512,1452.63,2024-09-02
inv_95834,sub_53014,1243.98,2023-12-05
inv_95835,sub_50165,1447.65,2024-08-23
inv_95836,sub_52276,974.46,2023-09-01
inv_95837,sub_50728,114.64,2023-09-19
inv_95838,sub_52876,974.07,2023-10-10
inv_95839,sub_51496,1480.28,2024-10-05
inv_95840,sub_51718,1282.56,2024-10-07
inv_95841,sub_52287,968.48,2024-03-08
inv_95842,sub_53622,338.93,2023-11-13
inv_95843,sub_51677,1428.18,2024-05-14
inv_95844,sub_53140,29.06,2023-03-22
inv_95845,sub_53310,164.23,2023-05-04
inv_95846,sub_51716,1064.84,2024-08-20
inv_95847,sub_51384,484.23,2024-09-16
inv_95848,sub_50556,1158.03,2024-07-02
inv_95849,sub_50404,1273.46,2023-04-21
inv_95850,sub_52782,220.06,2023-10-22
inv_95851,sub_53406,601.72,2024-11-03
inv_95852,sub_52141,1429.07,2024-07-23
inv_95853,sub_50193,686.14,2024-07-05
inv_95854,sub_53561,815.31,2024-10-01
inv_95855,sub_50204,759.2,2024-04-20
inv_95856,sub_52017,367.47,2024-08-14
inv_95857,sub_52300,1404.79,2024-09-25
inv_95858,sub_50681,1393.49,2023-07-01
inv_95860,sub_52601,1436.37,2023-01-07
inv_95861,sub_50565,193.91,2023-12-25
inv_95862,sub_53807,242.29,2023-10-03
inv_95863,sub_52809,1241.62,2023-11-09
inv_95864,sub_53588,200.72,2024-12-28
inv_95865,sub_52881,1458.36,2024-08-02
inv_95866,sub_50966,205.24,2023-06-16
inv_95867,sub_51356,682.51,2023-04-03
inv_95868,sub_51798,690.57,2023-04-06
inv_95869,sub_52109,545.31,2024-02-14
inv_95870,sub_51254,181.77,2024-04-10
inv_95871,sub_52850,756.43,2023-05-14
inv_95872,sub_50098,341.2,2023-01-13
inv_95873,sub_53623,729.74,2023-04-30
inv_95874,sub_53401,450.34,2024-12-26
inv_95875,sub_53941,793.84,2023-02-08
inv_95876,sub_53410,320.99,2024-06-26
inv_95877,sub_52943,411.07,2023-10-12
inv_95878,sub_51530,721.36,2024-02-21
inv_95879,sub_52721,709.92,2024-03-20
inv_95880,sub_52773,337.88,2023-10-17
inv_95881,sub_50492,1060.36,2024-11-21
inv_95882,sub_50411,1074.62,2023-06-26
inv_95883,sub_52528,915.2,2023-08-03
inv_95884,sub_50762,282.72,2023-08-21
inv_95885,sub_52396,463.65,2024-05-19
inv_95886,sub_53191,1005.53,2023-02-06
inv_95887,sub_53374,1186.52,2023-02-20
inv_95888,sub_51443,64.71,2024-03-14
inv_95889,sub_51792,190.29,2024-01-20
inv_95891,sub_52181,1051.37,2024-03-16
inv_95892,sub_52119,798.78,2023-03-05
inv_95893,sub_53249,113.46,2024-08-15
inv_95894,sub_52584,1282.45,2024-09-12
inv_95895,sub_53473,1389.15,2024-05-18
inv_95896,sub_53177,323.71,2024-07-01
inv_95897,sub_52765,294.63,2023-02-18
inv_95898,sub_51135,553.33,2024-01-05
inv_95899,sub_52016,332.32,2024-02-23
inv_95900,sub_52595,606.71,2023-03-02
inv_95901,sub_51468,635.27,2024-12-02
inv_95902,sub_51460,1129.49,2024-03-29
inv_95903,sub_50605,211.97,2023-07-28
inv_95904,sub_51954,55.95,2023-04-07
inv_95905,sub_53893,418.77,2023-06-13
inv_95906,sub_52719,982.29,2024-06-12
inv_95907,sub_51027,1461.43,2024-07-08
inv_95908,sub_53665,332.63,2024-12-01
inv_95909,sub_53124,654.43,2023-10-23
inv_95910,sub_52453,594.06,2024-11-07
inv_95911,sub_53090,78.94,2023-04-22
inv_95912,sub_50768,322.17,2024-05-21
inv_95913,sub_51893,273.48,2024-02-05
inv_95914,sub_53009,223.78,2023-05-31
inv_95915,sub_52069,696.04,2023-02-25
inv_95916,sub_53793,457.72,2023-08-27
inv_95917,sub_53261,1151.8,2024-12-03
inv_95918,sub_50600,1346.96,2024-12-11
inv_95919,sub_52168,227.95,2023-11-06
inv_95920,sub_53696,822.25,2024-11-23
inv_95922,sub_50571,1080.64,2024-04-15
inv_95923,sub_51656,942.97,2024-12-11
inv_95924,sub_52269,574.58,2024-08-22
inv_95925,sub_50787,912.08,2024-05-03
inv_95926,sub_50634,532.39,2023-01-30
inv_95927,sub_52194,905.06,2024-03-23
inv_95928,sub_51217,147.21,2023-06-23
inv_95929,sub_52237,1051.27,2024-07-15
inv_95930,sub_51321,1033.95,2023-04-04
inv_95931,sub_53816,810.49,2024-08-01
inv_95932,sub_51504,987.1,2023-08-24
inv_95933,sub_52449,1237.98,2023-10-15
inv_95934,sub_51418,320.42,2023-12-21
inv_95935,sub_50689,326.89,2024-06-21
inv_95936,sub_53033,561.08,2023-04-23
inv_95937,sub_51200,627.81,2023-05-08
inv_95938,sub_50315,1378.47,2023-03-23
inv_95939,sub_50237,1459.16,2024-01-13
inv_95940,sub_51420,900.22,2024-04-18
inv_95941,sub_53015,861.19,2024-12-31
inv_95942,sub_51151,293.43,2023-09-10
inv_95943,sub_53230,428.39,2023-09-09
inv_95944,sub_50597,473.02,2024-02-28
inv_95945,sub_52830,1367.02,2024-06-04
inv_95946,sub_52517,1106.17,2024-09-09
inv_95947,sub_53046,334.29,2023-11-22
inv_95948,sub_50471,930.55,2024-02-27
inv_95949,sub_51322,1080.85,2024-01-01
inv_95950,sub_52832,1137.64,2023-01-08
inv_95951,sub_50925,536.98,2024-01-27
inv_95953,sub_52358,1099.45,2024-01-21
inv_95954,sub_53309,1443.57,2023-03-07
inv_95955,sub_51960,1407.01,2024-02-09
inv_95956,sub_52690,946.53,2024-11-11
inv_95957,sub_51387,711.81,2023-01-05
inv_95958,sub_51980,684.67,2024-08-31
inv_95959,sub_51087,881.14,2023-06-26
inv_95960,sub_50010,93.76,2023-05-14
inv_95961,sub_51506,1335.16,2024-10-31
inv_95962,sub_51558,576.97,2024-05-10
inv_95963,sub_50127,281.52,2024-02-26
inv_95964,sub_53150,856.74,2024-06-14
inv_95965,sub_51951,60.77,2023-03-08
inv_95966,sub_53706,242.84,2024-12-23
inv_95967,sub_51783,637.91,2024-04-18
inv_95968,sub_50449,1390.65,2024-04-30
inv_95969,sub_50889,839.17,2023-08-09
inv_95970,sub_50840,717.3,2024-05-17
inv_95971,sub_50393,336.21,2023-01-25
inv_95972,sub_53205,1383.48,2023-06-13
inv_95973,sub_52592,1463.21,2023-03-14
inv_95974,sub_52726,543.26,2023-08-10
inv_95975,sub_53582,1426.24,2023-08-12
inv_95976,sub_50597,659.09,2023-02-10
inv_95977,sub_50378,823.9,2024-10-04
inv_95978,sub_50780,1177.63,2023-09-09
inv_95979,sub_52039,575.06,2023-07-03
inv_95980,sub_51973,1157.12,2023-06-14
inv_95981,sub_50194,818.82,2024-02-14
inv_95982,sub_50196,75.58,2023-04-15
inv_95984,sub_52795,464.25,2023-03-21
inv_95985,sub_51655,972.61,2023-10-05
inv_95986,sub_52647,694.88,2024-02-23
inv_95987,sub_53544,790.54,2023-06-10
inv_95988,sub_51048,827.01,2023-09-04
inv_95989,sub_50543,311.33,2023-03-25
inv_95990,sub_51832,1464.61,2023-09-24
inv_95991,sub_53426,818.23,2023-11-05
inv_95992,sub_52796,766.97,2023-09-27
inv_95993,sub_50461,574.72,2023-01-14
inv_95994,sub_53190,328.71,2023-11-03
inv_95995,sub_51903,573.55,2023-11-13
inv_95996,sub_52776,785.65,2024-06-19
inv_95997,sub_50100,1195.84,2023-03-29
inv_95998,sub_53856,717.04,2024-05-16
inv_95999,sub_51005,781.38,2024-02-09
inv_96000,sub_53211,648.26,2023-10-19
inv_96001,sub_51999,186.88,2023-08-03
inv_96002,sub_53712,441.17,2024-09-22
inv_96003,sub_52506,803.75,2024-01-27
inv_96004,sub_53591,455.3,2023-06-08
inv_96005,sub_51452,563.3,2024-03-10
inv_96006,sub_51294,1032.29,2024-12-02
inv_96007,sub_51508,484.75,2023-01-06
inv_96008,sub_53478,524.38,2024-08-24
inv_96009,sub_53088,282.78,2023-07-26
inv_96010,sub_52120,1484.06,2023-05-22
inv_96011,sub_51310,179.04,2024-08-21
inv_96012,sub_50501,1303.13,2024-12-21
inv_96013,sub_52578,1224.86,2023-01-26
inv_96015,sub_50421,1082.79,2024-10-09
inv_96016,sub_50747,899.61,2024-06-21
inv_96017,sub_51403,71.22,2023-09-19
inv_96018,sub_53341,146.85,2023-12-03
inv_96019,sub_52519,74.23,2023-02-16
inv_96020,sub_53527,598.74,2023-03-30
inv_96021,sub_51459,149.28,2023-06-11
inv_96022,sub_53525,560.5,2024-12-21
inv_96023,sub_52909,1154.21,2024-01-29
inv_96024,sub_50744,187.51,2024-05-15
inv_96025,sub_53738,1277.13,2023-02-09
inv_96026,sub_50060,768.38,2024-06-03
inv_96027,sub_50277,307.36,2023-06-28
inv_96028,sub_52507,886.8,2023-03-23
inv_96029,sub_50384,1267.56,2023-04-26
inv_96030,sub_53186,811.86,2024-12-11
inv_96031,sub_50731,1445.27,2024-04-16
inv_96032,sub_52481,825.67,2023-11-08
inv_96033,sub_50251,563.56,2024-05-28
inv_96034,sub_50573,748.17,2023-10-14
inv_96035,sub_53117,563.09,2024-09-16
inv_96036,sub_53950,1338.17,2024-01-29
inv_96037,sub_51452,1069.18,2024-07-15
inv_96038,sub_52391,1465.25,2024-08-20
inv_96039,sub_53789,1330.33,2024-11-19
inv_96040,sub_50237,830.4,2024-06-20
inv_96041,sub_53252,287.55,2023-11-22
inv_96042,sub_53266,511.92,2023-01-15
inv_96043,sub_53743,298.88,2023-04-07
inv_96044,sub_51767,1193.73,2023-02-15
inv_96046,sub_50850,532.39,2024-08-24
inv_96047,sub_52210,498.91,2024-10-02
inv_96048,sub_53454,532.21,2023-05-16
inv_96049,sub_53563,1334.69,2023-06-30
inv_96050,sub_52949,1458.23,2023-07-27
inv_96051,sub_52024,640.16,2024-08-23
inv_96052,sub_53602,783.52,2024-06-18
inv_96053,sub_50585,1339.29,2024-07-17
inv_96054,sub_50595,1014.52,2023-04-03
inv_96055,sub_53440,111.7,2023-10-07
inv_96056,sub_53518,214.07,2024-11-06
inv_96057,sub_51830,155.97,2024-10-23
inv_96058,sub_50160,149.93,2024-10-03
inv_96059,sub_51419,639.98,2023-08-16
inv_96060,sub_52378,165.99,2023-02-12
inv_96061,sub_52586,1165.83,2023-12-23
inv_96062,sub_52870,946.63,2024-01-26
inv_96063,sub_52636,431.26,2024-09-27
inv_96064,sub_50836,1001.28,2023-05-30
inv_96065,sub_53518,873.34,2023-07-20
inv_96066,sub_50770,68.78,2024-05-26
inv_96067,sub_53381,477.61,2023-07-15
inv_96068,sub_50610,833.05,2023-09-08
inv_96069,sub_50364,1164.46,2023-02-10
inv_96070,sub_51272,869.6,2024-07-28
inv_96071,sub_52217,98.09,2024-08-01
inv_96072,sub_51222,420.38,2024-02-22
inv_96073,sub_53933,318.38,2024-04-17
inv_96074,sub_50566,134.54,2024-11-09
inv_96075,sub_50865,659.7,2024-12-29
inv_96077,sub_52480,276.66,2024-07-29
inv_96078,sub_50665,288.1,2024-08-25
inv_96079,sub_51774,383.48,2023-06-15
inv_96080,sub_51502,1221.46,2024-09-06
inv_96081,sub_51806,160.92,2024-09-07
inv_96082,sub_52480,136.35,2023-11-22
inv_96083,sub_51504,1011.84,2023-04-02
inv_96084,sub_50992,340.28,2024-06-10
inv_96085,sub_50443,566.23,2023-03-11
inv_96086,sub_50283,979.87,2023-02-01
inv_96087,sub_50156,138.74,2023-12-07
inv_96088,sub_52260,951.08,2024-09-05
inv_96089,sub_53032,186.38,2023-09-17
inv_96090,sub_53297,398.41,2023-08-14
inv_96091,sub_51225,1139.68,2024-10-17
inv_96092,sub_52954,1438.94,2023-09-15
inv_96093,sub_52357,1001.36,2023-03-11
inv_96094,sub_53846,519.18,2024-02-01
inv_96095,sub_50505,306.03,2024-01-05
inv_96096,sub_53532,476.4,2024-01-29
inv_96097,sub_51543,311.59,2023-01-17
inv_96098,sub_51806,308.89,2024-06-04
inv_96099,sub_51884,517.77,2023-11-18
inv_96100,sub_52770,639.95,2024-07-31
inv_96101,sub_50296,1263.16,2023-06-26
inv_96102,sub_52485,455.98,2024-10-08
inv_96103,sub_52921,873.75,2023-10-31
inv_96104,sub_53065,82.26,2023-05-28
inv_96105,sub_51961,223.14,2023-11-10
inv_96106,sub_52807,186.14,2024-05-20
inv_96108,sub_52279,1330.72,2024-04-13
inv_96109,sub_50811,381.18,2023-03-09
inv_96110,sub_51820,407.69,2023-11-08
inv_96111,sub_52525,814.0,2024-12-18
inv_96112,sub_51449,631.78,2024-04-24
inv_96113,sub_51461,671.97,2024-04-06
inv_96114,sub_52728,706.61,2023-07-21
inv_96115,sub_50688,126.93,2024-06-23
inv_96116,sub_53047,591.69,2023-07-28
inv_96117,sub_50839,1065.28,2023-06-01
inv_96118,sub_51555,487.75,2024-03-18
inv_96119,sub_52801,799.24,2024-04-07
inv_96120,sub_50695,1297.57,2023-03-04
inv_96121,sub_51183,485.62,2024-02-08
inv_96122,sub_53179,566.33,2024-09-18
inv_96123,sub_50262,505.34,2024-04-25
inv_96124,sub_53878,1024.84,2023-05-30
inv_96125,sub_51800,363.21,2024-12-08
inv_96126,sub_53282,1402.09,2023-12-14
inv_96127,sub_50218,297.45,2023-11-10
inv_96128,sub_50670,167.62,2023-05-18
inv_96129,sub_50358,932.61,2024-06-18
inv_96130,sub_53730,905.64,2024-06-18
inv_96131,sub_50532,345.27,2024-03-29
inv_96132,sub_50560,244.88,2023-05-16
inv_96133,sub_52092,230.31,2023-10-28
inv_96134,sub_51052,1112.87,2023-05-26
inv_96135,sub_52547,1027.61,2024-03-25
inv_96136,sub_50494,278.0,2023-05-29
inv_96137,sub_53901,1100.78,2023-02-01
inv_96139,sub_52740,37.69,2023-01-04
inv_96140,sub_53282,1479.83,2023-06-06
inv_96141,sub_50921,1211.21,2023-10-19
inv_96142,sub_53494,829.11,2023-10-08
inv_96143,sub_51102,1326.61,2023-10-12
inv_96144,sub_50246,1366.25,2023-04-14
inv_96145,sub_50810,1000.06,2024-04-03
inv_96146,sub_53564,436.48,2024-07-11
inv_96147,sub_52207,683.04,2024-01-02
inv_96148,sub_51383,397.34,2024-06-25
inv_96149,sub_50049,87.22,2024-04-24
inv_96150,sub_53037,286.07,2023-12-03
inv_96151,sub_53135,247.08,2024-08-11
inv_96152,sub_52657,1275.64,2023-11-10
inv_96153,sub_52522,360.11,2024-08-08
inv_96154,sub_52875,863.03,2024-12-20
inv_96155,sub_50662,1197.15,2023-07-21
inv_96156,sub_53423,1458.31,2023-05-24
inv_96157,sub_53645,149.92,2023-07-31
inv_96158,sub_53715,1005.42,2024-06-14
inv_96159,sub_53565,1305.41,2023-08-10
inv_96160,sub_50997,245.07,2023-02-19
inv_96161,sub_50345,767.92,2024-12-30
inv_96162,sub_50441,1475.89,2024-01-20
inv_96163,sub_50703,605.67,2023-10-21
inv_96164,sub_51438,1491.58,2023-02-25
inv_96165,sub_52401,781.45,2024-04-13
inv_96166,sub_52135,672.95,2024-10-28
inv_96167,sub_50362,1422.13,2023-08-17
inv_96168,sub_52686,1194.27,2024-07-21
inv_96170,sub_53442,110.92,2023-02-25
inv_96171,sub_50745,1236.03,2023-06-21
inv_96172,sub_51999,407.49,2024-09-26
inv_96173,sub_50806,33.62,2023-02-24
inv_96174,sub_53420,1128.39,2023-08-23
inv_96175,sub_52102,1003.35,2024-09-23
inv_96176,sub_53919,1485.27,2024-01-13
inv_96177,sub_53621,564.84,2024-01-26
inv_96178,sub_52665,353.77,2023-12-22
inv_96179,sub_53903,1091.23,2024-04-18
inv_96180,sub_52629,1359.44,2024-04-11
inv_96181,sub_53884,84.09,2023-08-16
inv_96182,sub_52276,1076.89,2023-12-13
inv_96183,sub_51846,673.45,2024-11-02
inv_96184,sub_53983,635.96,2023-07-29
inv_96185,sub_50879,299.23,2024-01-21
inv_96186,sub_53520,1174.14,2024-03-09
inv_96187,sub_50794,530.31,2024-07-31
inv_96188,sub_52569,897.19,2023-01-29
inv_96189,sub_53210,586.65,2024-10-16
inv_96190,sub_53519,41.19,2023-08-14
inv_96191,sub_53069,169.96,2024-04-13
inv_96192,sub_53146,509.38,2024-06-23
inv_96193,sub_50405,44.27,2023-09-08
inv_96194,sub_51353,220.28,2023-04-17
inv_96195,sub_51778,1490.03,2023-07-01
inv_96196,sub_50524,1425.21,2024-02-22
inv_96197,sub_51463,215.34,2023-06-11
inv_96198,sub_50425,1194.0,2024-08-10
inv_96199,sub_52161,1091.09,2023-11-16
inv_96201,sub_50792,1467.21,2023-10-12
inv_96202,sub_50347,788.86,2023-06-13
inv_96203,sub_52456,166.52,2024-12-22
inv_96204,sub_51540,1143.29,2024-02-16
inv_96205,sub_53660,95.21,2024-01-23
inv_96206,sub_50741,501.28,2023-08-08
inv_96207,sub_51708,1199.11,2023-03-15
inv_96208,sub_53459,325.28,2024-06-15
inv_96209,sub_50392,1404.6,2024-06-15
inv_96210,sub_51107,780.72,2024-06-22
inv_96211,sub_53271,1246.04,2024-05-26
inv_96212,sub_53436,715.88,2023-03-17
inv_96213,sub_50304,64.71,2024-08-18
inv_96214,sub_53521,86.27,2024-08-22
inv_96215,sub_50993,1427.89,2024-10-30
inv_96216,sub_53062,1139.29,2023-01-11
inv_96217,sub_53876,1389.7,2024-10-04
inv_96218,sub_51629,1490.66,2024-01-08
inv_96219,sub_53481,732.54,2023-03-30
inv_96220,sub_51581,913.6,2024-03-16
inv_96221,sub_53826,1319.64,2024-07-21
inv_96222,sub_51317,852.93,2024-12-13
inv_96223,sub_50343,1354.48,2024-09-19
inv_96224,sub_50283,550.56,2024-11-01
inv_96225,sub_50617,1187.75,2024-09-27
inv_96226,sub_50376,44.94,2023-01-12
inv_96227,sub_50964,1206.21,2024-03-14
inv_96228,sub_51769,712.11,2023-12-02
inv_96229,sub_53887,813.97,2024-10-11
inv_96230,sub_52221,287.7,2024-05-04
inv_96232,sub_52438,923.65,2024-04-06
inv_96233,sub_53188,1033.33,2024-10-17
inv_96234,sub_53680,933.25,2023-07-29
inv_96235,sub_50288,1061.21,2024-06-17
inv_96236,sub_53568,932.17,2023-07-14
inv_96237,sub_51662,500.11,2023-10-19
inv_96238,sub_52629,785.25,2024-06-08
inv_96239,sub_51656,791.18,2024-07-07
inv_96240,sub_53626,717.27,2023-08-22
inv_96241,sub_52682,293.97,2024-05-02
inv_96242,sub_51209,1318.26,2023-08-24
inv_96243,sub_50911,815.45,2024-04-24
inv_96244,sub_52857,1305.47,2023-07-14
inv_96245,sub_51031,1137.05,2023-09-17
inv_96246,sub_50602,898.44,2024-08-13
inv_96247,sub_52513,1011.39,2023-04-22
inv_96248,sub_50327,867.06,2024-03-07
inv_96249,sub_52990,1174.88,2024-05-28
inv_96250,sub_53963,1077.8,2023-07-10
inv_96251,sub_53595,186.94,2023-09-01
inv_96252,sub_52004,558.96,2024-03-14
inv_96253,sub_51154,760.83,2024-04-07
inv_96254,sub_53067,278.92,2024-01-22
inv_96255,sub_52033,918.05,2024-04-21
inv_96256,sub_52701,268.21,2024-07-29
inv_96257,sub_51152,245.53,2023-03-25
inv_96258,sub_52103,276.31,2024-12-02
inv_96259,sub_52414,977.22,2024-11-19
inv_96260,sub_51183,879.78,2023-01-20
inv_96261,sub_50248,130.19,2023-01-30
inv_96263,sub_53686,40.56,2023-07-03
inv_96264,sub_50390,1437.96,2024-07-30
inv_96265,sub_50552,1346.05,2024-10-09
inv_96266,sub_53811,449.02,2023-08-02
inv_96267,sub_50816,107.43,2024-08-08
inv_96268,sub_51826,357.15,2024-08-08
inv_96269,sub_53253,879.55,2024-08-23
inv_96270,sub_52358,949.59,2023-06-07
inv_96271,sub_53255,745.12,2023-11-09
inv_96272,sub_50191,1368.15,2023-08-21
inv_96273,sub_53275,917.94,2023-03-16
inv_96274,sub_50954,244.26,2023-08-02
inv_96275,sub_53423,919.42,2024-11-21
inv_96276,sub_53643,1276.74,2023-02-13
inv_96277,sub_51680,1053.89,2024-06-28
inv_96278,sub_51070,1227.43,2023-02-28
inv_96279,sub_53072,491.47,2023-12-01
inv_96280,sub_51577,323.0,2023-08-13
inv_96281,sub_51499,203.82,2023-08-31
inv_96282,sub_50005,365.26,2024-09-09
inv_96283,sub_51255,1244.89,2023-05-23
inv_96284,sub_53007,83.11,2023-03-10
inv_96285,sub_50776,1302.87,2023-07-12
inv_96286,sub_52677,94.12,2023-11-14
inv_96287,sub_50612,271.21,2024-08-10
inv_96288,sub_52355,515.35,2023-04-07
inv_96289,sub_52266,999.29,2023-06-17
inv_96290,sub_53375,448.56,2023-05-09
inv_96291,sub_51514,1392.37,2024-01-29
inv_96292,sub_51389,42.42,2024-08-11
inv_96294,sub_51676,1055.92,2023-10-28
inv_96295,sub_53252,1319.76,2024-01-04
inv_96296,sub_51477,643.6,2024-08-28
inv_96297,sub_52923,30.21,2023-07-19
inv_96298,sub_51633,1279.87,2023-10-14
inv_96299,sub_51301,382.8,2024-10-14
inv_96300,sub_51399,727.47,2023-09-09
inv_96301,sub_51231,713.34,2024-05-06
inv_96302,sub_51517,640.09,2024-10-13
inv_96303,sub_51007,249.05,2023-07-28
inv_96304,sub_50807,248.2,2024-08-20
inv_96305,sub_52527,904.55,2024-01-24
inv_96306,sub_50224,431.19,2023-09-04
inv_96307,sub_50707,109.29,2024-03-09
inv_96308,sub_50483,1195.92,2023-06-07
inv_96309,sub_50492,1443.02,2024-04-10
inv_96310,sub_52945,33.41,2023-08-07
inv_96311,sub_51940,869.52,2023-12-25
inv_96312,sub_50105,1420.55,2024-07-25
inv_96313,sub_51154,316.27,2024-04-18
inv_96314,sub_53835,214.71,2023-04-20
inv_96315,sub_52660,1213.2,2023-11-11
inv_96316,sub_52408,84.8,2024-03-27
inv_96317,sub_52253,260.75,2024-02-26
inv_96318,sub_52488,825.07,2024-05-07
inv_96319,sub_52814,1459.08,2024-11-03
inv_96320,sub_51713,444.96,2023-02-25
inv_96321,sub_52681,1090.07,2024-05-12
inv_96322,sub_51034,1492.36,2024-04-24
inv_96323,sub_51292,1028.86,2024-11-18
inv_96325,sub_52010,773.88,2023-11-10
inv_96326,sub_53884,1478.93,2024-01-10
inv_96327,sub_50481,85.4,2024-07-26
inv_96328,sub_50363,660.48,2024-10-28
inv_96329,sub_52061,828.92,2024-07-26
inv_96330,sub_51821,133.46,2024-08-07
inv_96331,sub_51613,1318.68,2024-05-03
inv_96332,sub_51064,1004.43,2024-04-09
inv_96333,sub_51396,1257.18,2023-03-22
inv_96334,sub_51568,238.53,2024-04-23
inv_96335,sub_52512,731.02,2024-03-17
inv_96336,sub_53050,581.97,2024-08-06
inv_96337,sub_52523,901.93,2024-01-14
inv_96338,sub_51437,144.32,2023-10-20
inv_96339,sub_50244,386.25,2023-06-04
inv_96340,sub_52256,937.2,2024-03-21
inv_96341,sub_50613,450.93,2023-12-07
inv_96342,sub_50986,1193.0,2024-02-25
inv_96343,sub_53282,620.8,2024-11-25
inv_96344,sub_53919,31.7,2024-07-24
inv_96345,sub_53853,940.51,2024-02-24
inv_96346,sub_50412,1045.73,2024-01-11
inv_96347,sub_51298,423.6,2023-03-17
inv_96348,sub_53533,186.15,2024-05-13
inv_96349,sub_53144,528.02,2024-08-18
inv_96350,sub_51507,782.76,2024-08-09
inv_96351,sub_52727,1361.71,2023-06-05
inv_96352,sub_50382,1455.62,2024-03-26
inv_96353,sub_50065,896.68,2024-01-05
inv_96354,sub_52615,643.24,2024-01-27
inv_96356,sub_51453,1457.0,2024-03-25
inv_96357,sub_50754,337.6,2023-01-04
inv_96358,sub_52075,504.91,2023-10-10
inv_96359,sub_52647,1450.25,2023-08-14
inv_96360,sub_53006,629.17,2023-11-03
inv_96361,sub_53952,435.31,2023-08-20
inv_96362,sub_51954,472.44,2024-05-10
inv_96363,sub_52369,38.23,2024-07-24
inv_96364,sub_52069,1339.66,2024-12-30
inv_96365,sub_51759,820.58,2023-07-28
inv_96366,sub_52103,1141.35,2024-11-18
inv_96367,sub_53855,1089.0,2023-10-04
inv_96368,sub_53440,881.0,2024-03-15
inv_96369,sub_52379,738.43,2024-01-10
inv_96370,sub_51792,1059.2,2024-02-11
inv_96371,sub_53051,1056.98,2023-05-28
inv_96372,sub_53652,850.4,2024-08-27
inv_96373,sub_51238,843.88,2024-02-12
inv_96374,sub_53100,389.55,2023-08-10
inv_96375,sub_51378,1095.91,2024-12-03
inv_96376,sub_50362,1208.68,2024-06-21
inv_96377,sub_51723,228.98,2024-02-19
inv_96378,sub_53214,402.9,2024-05-16
inv_96379,sub_53334,848.64,2024-07-16
inv_96380,sub_50217,870.1,2023-07-30
inv_96381,sub_52911,1250.9,2024-03-21
inv_96382,sub_53275,694.19,2024-03-03
inv_96383,sub_50426,696.62,2023-06-28
inv_96384,sub_50248,951.2,2023-01-25
inv_96385,sub_50681,356.0,2023-04-25
inv_96387,sub_50659,93.69,2023-04-04
inv_96388,sub_53261,1156.07,2023-10-13
inv_96389,sub_51295,66.37,2024-03-19
inv_96390,sub_50554,437.81,2023-11-01
inv_96391,sub_53472,1413.35,2023-01-01
inv_96392,sub_53268,59.72,2023-02-02
inv_96393,sub_50933,712.46,2023-05-14
inv_96394,sub_51242,698.38,2023-11-06
inv_96395,sub_50615,1224.2,2023-08-18
inv_96396,sub_50218,541.11,2024-08-23
inv_96397,sub_51708,1418.01,2024-11-05
inv_96398,sub_53345,49.19,2024-10-23
inv_96399,sub_52204,111.46,2023-05-26
inv_96400,sub_53317,318.59,2023-03-01
inv_96401,sub_50118,609.73,2024-08-04
inv_96402,sub_52467,275.64,2024-05-29
inv_96403,sub_51168,601.28,2024-08-16
inv_96404,sub_53695,509.13,2023-12-11
inv_96405,sub_51398,586.21,2023-06-26
inv_96406,sub_50593,598.86,2024-11-15
inv_96407,sub_52180,190.03,2024-04-03
inv_96408,sub_53310,569.06,2024-09-07
inv_96409,sub_51891,1060.13,2023-04-30
inv_96410,sub_53370,992.6,2023-04-05
inv_96411,sub_53891,867.15,2024-06-01
inv_96412,sub_50172,1261.68,2023-10-14
inv_96413,sub_53968,696.76,2023-11-03
inv_96414,sub_52378,1154.94,2023-02-14
inv_96415,sub_51454,149.0,2024-01-17
inv_96416,sub_52131,437.73,2024-06-19
inv_96418,sub_52074,1270.86,2024-12-19
inv_96419,sub_50282,1334.9,2023-02-28
inv_96420,sub_53092,983.4,2024-11-01
inv_96421,sub_50764,1429.05,2023-06-17
inv_96422,sub_51339,1213.92,2024-06-03
inv_96423,sub_53709,201.03,2023-03-16
inv_96424,sub_51132,176.88,2024-06-10
inv_96425,sub_52319,523.16,2024-02-17
inv_96426,sub_51433,1344.79,2023-07-14
inv_96427,sub_53565,179.49,2023-06-27
inv_96428,sub_52203,522.89,2023-12-03
inv_96429,sub_51535,224.8,2024-04-21
inv_96430,sub_51085,946.27,2024-06-16
inv_96431,sub_51602,628.5,2024-04-24
inv_96432,sub_50478,973.66,2023-02-15
inv_96433,sub_50711,306.9,2023-07-12
inv_96434,sub_53470,1328.06,2024-01-23
inv_96435,sub_52295,240.42,2024-12-17
inv_96436,sub_51828,804.95,2023-03-05
inv_96437,sub_52241,1065.81,2024-08-04
inv_96438,sub_51883,56.87,2024-10-14
inv_96439,sub_52386,477.68,2023-06-11
inv_96440,sub_53714,99.81,2023-05-17
inv_96441,sub_52431,152.18,2024-05-21
inv_96442,sub_51899,541.12,2023-02-04
inv_96443,sub_52208,591.32,2024-09-26
inv_96444,sub_50589,756.17,2024-02-12
inv_96445,sub_52417,1191.38,2024-10-15
inv_96446,sub_52303,392.86,2023-07-12
inv_96447,sub_50508,180.95,2023-10-21
inv_96449,sub_52938,1226.78,2024-07-09
inv_96450,sub_53044,1289.29,2024-11-18
inv_96451,sub_50023,985.55,2023-09-09
inv_96452,sub_51634,635.66,2024-09-03
inv_96453,sub_52308,499.73,2023-01-20
inv_96454,sub_51163,192.43,2024-06-12
inv_96455,sub_51507,356.23,2024-03-09
inv_96456,sub_51025,205.94,2023-03-16
inv_96457,sub_53420,603.12,2023-09-21
inv_96458,sub_50724,1037.56,2023-05-06
inv_96459,sub_52524,1252.81,2023-09-06
inv_96460,sub_53150,473.05,2024-11-29
inv_96461,sub_53062,136.89,2023-01-10
inv_96462,sub_52770,1008.32,2024-04-02
inv_96463,sub_51308,1034.94,2024-06-17
inv_96464,sub_51615,55.73,2024-07-03
inv_96465,sub_53206,1395.53,2023-08-31
inv_96466,sub_52222,1212.51,2023-06-20
inv_96467,sub_51160,72.36,2024-05-06
inv_96468,sub_52921,1154.23,2024-11-19
inv_96469,sub_53772,886.52,2023-06-06
inv_96470,sub_53560,590.7,2023-05-23
inv_96471,sub_52828,1372.88,2024-11-16
inv_96472,sub_53968,1075.06,2024-06-04
inv_96473,sub_50970,719.19,2023-12-09
inv_96474,sub_50357,608.59,2024-02-08
inv_96475,sub_52893,117.36,2024-10-20
inv_96476,sub_52562,443.77,2024-11-04
inv_96477,sub_50869,1294.27,2023-12-02
inv_96478,sub_50335,889.03,2023-12-25
inv_96480,sub_52533,721.09,2024-02-26
inv_96481,sub_53236,1487.01,2023-05-16
inv_96482,sub_51141,790.04,2023-11-03
inv_96483,sub_52216,304.29,2024-11-03
inv_96484,sub_50349,139.87,2023-11-13
inv_96485,sub_51518,44.59,2024-02-15
inv_96486,sub_51268,486.48,2023-08-07
inv_96487,sub_51226,1062.71,2024-08-31
inv_96488,sub_52947,1368.57,2024-02-22
inv_96489,sub_52409,1489.57,2023-10-10
inv_96490,sub_50052,172.17,2024-06-13
inv_96491,sub_53939,1452.7,2024-12-08
inv_96492,sub_51391,907.97,2024-07-26
inv_96493,sub_53916,661.07,2023-09-27
inv_96494,sub_51721,801.1,2023-10-21
inv_96495,sub_52133,1323.99,2023-01-14
inv_96496,sub_52874,771.29,2024-12-26
inv_96497,sub_51469,1363.27,2023-05-21
inv_96498,sub_53814,1245.64,2024-07-10
inv_96499,sub_53777,265.23,2024-06-10
inv_96500,sub_51969,453.65,2023-07-14
inv_96501,sub_50582,351.7,2023-06-19
inv_96502,sub_53860,985.46,2024-06-03
inv_96503,sub_52636,264.6,2024-09-02
inv_96504,sub_52555,509.86,2023-12-03
inv_96505,sub_50344,162.62,2023-10-10
inv_96506,sub_52897,1342.28,2023-02-02
inv_96507,sub_51540,792.78,2023-10-07
inv_96508,sub_53080,1245.27,2023-01-15
inv_96509,sub_53112,1025.36,2024-02-04
inv_96511,sub_52856,1403.72,2023-04-08
inv_96512,sub_52346,923.17,2023-06-04
inv_96513,sub_50143,1243.12,2023-04-21
inv_96514,sub_50274,1136.63,2024-03-21
inv_96515,sub_52811,1362.32,2023-05-30
inv_96516,sub_53395,792.8,2024-12-08
inv_96517,sub_50192,1108.51,2024-01-16
inv_96518,sub_53026,599.03,2023-04-29
inv_96519,sub_53582,898.9,2024-08-20
inv_96520,sub_52687,27.64,2024-12-20
inv_96521,sub_53018,362.67,2024-11-02
inv_96522,sub_53328,1422.95,2024-11-24
inv_96523,sub_51865,34.23,2024-09-20
inv_96524,sub_51960,1122.49,2023-02-08
inv_96525,sub_53921,462.55,2023-05-25
inv_96526,sub_50711,159.56,2023-12-03
inv_96527,sub_51690,118.4,2023-06-14
inv_96528,sub_50411,903.08,2024-10-12
inv_96529,sub_52305,875.68,2024-12-11
inv_96530,sub_51428,1374.69,2024-01-07
inv_96531,sub_53553,391.04,2024-11-18
inv_96532,sub_50249,671.95,2024-07-07
inv_96533,sub_50863,558.93,2024-08-29
inv_96534,sub_53276,1269.87,2023-10-06
inv_96535,sub_51861,208.98,2024-01-17
inv_96536,sub_50403,1370.72,2024-12-15
inv_96537,sub_53916,199.11,2023-05-16
inv_96538,sub_50083,834.45,2024-02-21
inv_96539,sub_52570,1184.47,2024-12-17
inv_96540,sub_53597,494.24,2024-08-19
inv_96542,sub_50427,932.45,2023-08-05
inv_96543,sub_50015,563.65,2024-07-09
inv_96544,sub_51241,678.85,2024-02-15
inv_96545,sub_50874,1330.05,2023-09-22
inv_96546,sub_50492,491.35,2023-08-24
inv_96547,sub_53896,594.83,2023-04-10
inv_96548,sub_53316,1047.13,2023-11-11
inv_96549,sub_53359,69.05,2024-03-11
inv_96550,sub_53798,1444.02,2023-05-07
inv_96551,sub_53926,296.12,2024-10-25
inv_96552,sub_53456,800.16,2024-04-14
inv_96553,sub_50022,905.06,2023-04-16
inv_96554,sub_52010,650.47,2023-06-18
inv_96555,sub_53757,1397.56,2023-09-14
inv_96556,sub_50037,214.08,2024-02-17
inv_96557,sub_50967,1447.28,2024-12-10
inv_96558,sub_51323,1158.66,2024-07-16
inv_96559,sub_52227,700.14,2024-01-19
inv_96560,sub_51396,254.67,2024-08-23
inv_96561,sub_50386,68.81,2024-02-16
inv_96562,sub_50558,1195.01,2023-03-10
inv_96563,sub_51735,908.15,2024-03-16
inv_96564,sub_51968,1345.81,2024-06-28
inv_96565,sub_50795,230.19,2023-08-24
inv_96566,sub_52223,697.46,2023-05-16
inv_96567,sub_53451,544.05,2024-07-14
inv_96568,sub_50791,1024.81,2023-02-03
inv_96569,sub_53171,1202.3,2023-03-28
inv_96570,sub_53475,714.06,2023-11-14
inv_96571,sub_51836,613.6,2023-02-13
inv_96573,sub_52295,157.38,2023-02-19
inv_96574,sub_51539,58.7,2023-05-25
inv_96575,sub_51677,155.46,2023-07-11
inv_96576,sub_51038,405.92,2023-08-18
inv_96577,sub_53868,685.39,2023-11-12
inv_96578,sub_53452,862.92,2023-12-21
inv_96579,sub_51719,769.24,2024-08-06
inv_96580,sub_51768,1403.86,2023-06-19
inv_96581,sub_51971,1295.18,2023-09-18
inv_96582,sub_51976,83.63,2023-05-23
inv_96583,sub_53511,1473.1,2024-03-19
inv_96584,sub_50747,1472.75,2024-09-28
inv_96585,sub_52464,881.95,2024-08-21
inv_96586,sub_52119,856.48,2024-06-23
inv_96587,sub_53224,641.7,2023-03-02
inv_96588,sub_51379,1260.44,2023-12-09
inv_96589,sub_50127,579.93,2023-05-24
inv_96590,sub_52090,214.46,2024-02-02
inv_96591,sub_50032,793.36,2023-12-12
inv_96592,sub_53915,273.79,2023-08-05
inv_96593,sub_52430,141.2,2024-09-10
inv_96594,sub_53354,1425.04,2024-06-12
inv_96595,sub_53596,638.72,2024-10-29
inv_96596,sub_52799,1416.05,2024-12-25
inv_96597,sub_51965,1175.19,2023-02-01
inv_96598,sub_50564,842.82,2023-09-18
inv_96599,sub_53977,1372.81,2024-07-15
inv_96600,sub_53145,1305.83,2024-08-22
inv_96601,sub_53130,1053.81,2024-07-05
inv_96602,sub_52900,295.76,2023-04-17
inv_96604,sub_53285,884.33,2024-04-14
inv_96605,sub_53587,859.69,2024-12-14
inv_96606,sub_53250,160.35,2023-09-04
inv_96607,sub_50254,663.48,2023-12-25
inv_96608,sub_52930,534.46,2023-07-17
inv_96609,sub_50809,542.36,2024-04-04
inv_96610,sub_53630,1299.05,2024-08-20
inv_96611,sub_51545,1049.61,2024-02-03
inv_96612,sub_52219,477.63,2024-03-16
inv_96613,sub_52011,174.92,2024-09-09
inv_96614,sub_51167,693.85,2023-04-17
inv_96615,sub_51244,1400.14,2023-08-21
inv_96616,sub_52699,998.17,2024-09-16
inv_96617,sub_51524,154.59,2024-03-03
inv_96618,sub_50475,980.77,2024-05-16
inv_96619,sub_50690,414.27,2023-01-05
inv_96620,sub_51294,381.54,2023-09-15
inv_96621,sub_51872,686.4,2024-10-14
inv_96622,sub_50792,1262.52,2023-08-20
inv_96623,sub_50929,1421.96,2023-07-26
inv_96624,sub_51537,166.29,2023-08-10
inv_96625,sub_51186,971.19,2024-03-15
inv_96626,sub_53706,465.78,2024-01-28
inv_96627,sub_52025,133.35,2023-04-06
inv_96628,sub_51394,297.63,2024-01-17
inv_96629,sub_52933,730.6,2023-08-19
inv_96630,sub_52871,41.19,2023-07-29
inv_96631,sub_50855,399.98,2023-03-08
inv_96632,sub_51559,36.86,2024-01-31
inv_96633,sub_50684,882.82,2024-10-07
inv_96635,sub_53484,76.35,2023-10-12
inv_96636,sub_50571,725.7,2024-01-08
inv_96637,sub_52628,1457.33,2023-06-24
inv_96638,sub_51656,366.92,2023-09-25
inv_96639,sub_50221,1169.86,2023-12-07
inv_96640,sub_52039,1199.84,2023-03-26
inv_96641,sub_52974,1118.8,2023-09-12
inv_96642,sub_51682,387.79,2023-09-22
inv_96643,sub_52458,355.1,2024-07-06
inv_96644,sub_52572,992.72,2023-10-07
inv_96645,sub_52873,1426.78,2023-12-04
inv_96646,sub_51894,148.08,2024-08-19
inv_96647,sub_51738,1140.77,2024-12-07
inv_96648,sub_52327,910.46,2023-10-26
inv_96649,sub_52403,832.68,2023-12-16
inv_96650,sub_50235,406.81,2023-03-23
inv_96651,sub_51641,176.91,2023-03-20
inv_96652,sub_50883,290.59,2023-04-26
inv_96653,sub_53739,430.46,2024-05-18
inv_96654,sub_50442,146.08,2023-11-24
inv_96655,sub_51594,376.22,2023-01-16
inv_96656,sub_51717,852.65,2023-02-21
inv_96657,sub_51670,1017.94,2024-12-13
inv_96658,sub_51781,973.16,2023-07-19
inv_96659,sub_50394,287.65,2023-05-12
inv_96660,sub_53540,879.8,2024-06-14
inv_96661,sub_51875,1418.1,2024-03-03
inv_96662,sub_52610,580.93,2024-06-14
inv_96663,sub_50970,497.56,2024-01-24
inv_96664,sub_50325,217.84,2023-07-14
inv_96666,sub_52920,191.49,2024-08-11
inv_96667,sub_50558,601.3,2023-07-30
inv_96668,sub_52432,1143.35,2023-02-08
inv_96669,sub_52380,77.32,2024-03-19
inv_96670,sub_53703,988.04,2024-06-16
inv_96671,sub_52648,229.4,2024-07-28
inv_96672,sub_50939,1290.48,2023-01-05
inv_96673,sub_50026,873.3,2023-10-03
inv_96674,sub_51581,349.47,2024-06-27
inv_96675,sub_50334,839.11,2024-08-19
inv_96676,sub_51470,489.93,2024-10-26
inv_96677,sub_52716,644.42,2023-03-31
inv_96678,sub_53657,666.6,2024-07-19
inv_96679,sub_52806,894.02,2023-03-24
inv_96680,sub_51090,1098.54,2024-08-06
inv_96681,sub_50172,1045.88,2024-07-21
inv_96682,sub_52449,942.32,2023-05-10
inv_96683,sub_50258,273.64,2023-01-28
inv_96684,sub_50824,1120.39,2023-01-13
inv_96685,sub_52271,1062.95,2024-12-02
inv_96686,sub_51882,342.3,2024-03-15
inv_96687,sub_53346,1451.02,2024-11-02
inv_96688,sub_51563,520.59,2024-04-27
inv_96689,sub_52606,573.49,2024-08-24
inv_96690,sub_51568,542.34,2023-09-21
inv_96691,sub_50737,66.71,2023-12-01
inv_96692,sub_52269,1246.51,2023-06-07
inv_96693,sub_50667,685.67,2023-11-22
inv_96694,sub_50030,1351.95,2023-11-07
inv_96695,sub_51176,644.03,2023-11-25
inv_96697,sub_51842,69.75,2024-12-15
inv_96698,sub_51710,1165.44,2024-11-17
inv_96699,sub_52475,1270.95,2024-10-01
inv_96700,sub_53635,835.68,2024-12-27
inv_96701,sub_53278,1074.03,2024-01-01
inv_96702,sub_53642,826.45,2024-09-22
inv_96703,sub_53914,1007.51,2024-02-20
inv_96704,sub_53257,549.23,2023-11-01
inv_96705,sub_52422,113.21,2023-10-15
inv_96706,sub_51188,187.57,2024-06-23
inv_96707,sub_53451,1357.28,2023-01-19
inv_96708,sub_51419,288.39,2024-03-27
inv_96709,sub_50902,971.58,2023-10-09
inv_96710,sub_52477,856.39,2024-06-06
inv_96711,sub_53886,1171.61,2023-01-13
inv_96712,sub_50882,80.51,2023-07-31
inv_96713,sub_52064,942.76,2023-09-24
inv_96714,sub_51103,1226.75,2024-08-17
inv_96715,sub_53025,1479.18,2023-03-02
inv_96716,sub_50034,906.35,2023-03-09
inv_96717,sub_53820,490.49,2023-09-20
inv_96718,sub_50640,261.46,2024-07-26
inv_96719,sub_53294,466.65,2024-12-10
inv_96720,sub_53419,1388.37,2023-08-04
inv_96721,sub_52758,1408.62,2023-01-05
inv_96722,sub_51930,427.31,2024-05-28
inv_96723,sub_51897,446.27,2024-12-24
inv_96724,sub_53250,540.0,2023-10-01
inv_96725,sub_53247,1001.19,2024-10-14
inv_96726,sub_50028,202.37,2024-11-15
inv_96728,sub_52331,951.66,2023-02-18
inv_96729,sub_50602,1108.12,2024-01-17
inv_96730,sub_53709,749.58,2024-12-13
inv_96731,sub_52702,574.97,2024-04-13
inv_96732,sub_52568,261.35,2023-03-02
inv_96733,sub_51237,1338.99,2024-02-24
inv_96734,sub_51816,456.34,2023-10-30
inv_96735,sub_52479,1362.76,2023-05-18
inv_96736,sub_51461,181.12,2023-11-15
inv_96737,sub_53267,897.35,2024-06-07
inv_96738,sub_51979,400.23,2024-05-20
inv_96739,sub_52657,1391.89,2023-03-17
inv_96740,sub_52867,778.13,2024-04-21
inv_96741,sub_53028,252.13,2023-08-18
inv_96742,sub_53565,918.31,2024-05-27
inv_96743,sub_53778,1257.48,2023-12-06
inv_96744,sub_52118,694.84,2024-06-11
inv_96745,sub_50201,1497.87,2024-03-21
inv_96746,sub_51676,548.63,2023-05-31
inv_96747,sub_51087,784.1,2024-01-05
inv_96748,sub_50914,67.4,2023-10-18
inv_96749,sub_51751,835.67,2024-03-13
inv_96750,sub_53348,1039.0,2023-07-31
inv_96751,sub_50100,394.77,2023-02-24
inv_96752,sub_53764,995.68,2023-02-23
inv_96753,sub_52556,569.2,2024-01-20
inv_96754,sub_51425,1237.79,2024-03-22
inv_96755,sub_51925,315.01,2023-07-11
inv_96756,sub_52474,1194.87,2024-02-28
inv_96757,sub_52066,1163.26,2024-05-18
inv_96759,sub_53148,782.18,2024-07-08
inv_96760,sub_51103,422.09,2023-11-15
inv_96761,sub_50520,564.47,2024-10-27
inv_96762,sub_50947,641.53,2023-06-23
inv_96763,sub_53719,836.78,2024-03-19
inv_96764,sub_52467,54.29,2024-07-23
inv_96765,sub_52095,756.89,2023-11-20
inv_96766,sub_53977,1244.42,2024-05-21
inv_96767,sub_52177,1479.14,2023-07-23
inv_96768,sub_53845,572.84,2023-10-04
inv_96769,sub_53212,1214.0,2024-02-25
inv_96770,sub_53330,378.06,2023-10-04
inv_96771,sub_50713,762.2,2024-01-15
inv_96772,sub_53800,360.91,2024-04-27
inv_96773,sub_51264,1176.26,2024-03-12
inv_96774,sub_50639,1409.9,2024-03-12
inv_96775,sub_53658,623.6,2023-06-07
inv_96776,sub_52007,355.26,2025-01-01
inv_96777,sub_52446,981.04,2023-11-28
inv_96778,sub_51458,248.85,2024-08-01
inv_96779,sub_52087,88.48,2023-02-23
inv_96780,sub_50326,1340.56,2024-12-25
inv_96781,sub_51641,881.11,2024-02-04
inv_96782,sub_53876,1331.39,2024-03-14
inv_96783,sub_52578,759.37,2023-05-08
inv_96784,sub_51313,626.0,2024-10-07
inv_96785,sub_50816,1337.77,2024-10-11
inv_96786,sub_53065,669.01,2024-01-09
inv_96787,sub_52348,224.39,2024-04-05
inv_96788,sub_53778,944.51,2024-04-24
inv_96790,sub_53464,849.91,2023-02-04
inv_96791,sub_53261,1207.87,2023-01-20
inv_96792,sub_50696,683.63,2023-04-08
inv_96793,sub_50979,708.39,2024-03-05
inv_96794,sub_53087,511.09,2023-03-14
inv_96795,sub_50551,1454.02,2023-11-17
inv_96796,sub_52297,524.04,2024-09-25
inv_96797,sub_52369,225.91,2024-01-18
inv_96798,sub_53747,213.05,2023-09-28
inv_96799,sub_53899,951.15,2023-07-05
inv_96800,sub_53376,1041.79,2023-05-04
inv_96801,sub_52465,925.65,2023-03-03
inv_96802,sub_51640,443.57,2024-03-13
inv_96803,sub_52558,1188.99,2024-03-25
inv_96804,sub_51875,1116.41,2023-10-19
inv_96805,sub_51052,1267.21,2024-11-06
inv_96806,sub_51907,444.29,2024-08-31
inv_96807,sub_50665,1006.19,2023-02-14
inv_96808,sub_53572,536.74,2023-08-08
inv_96809,sub_50420,848.71,2023-06-28
inv_96810,sub_51976,1302.11,2024-01-22
inv_96811,sub_52370,1138.51,2024-11-15
inv_96812,sub_53826,1355.81,2023-04-19
inv_96813,sub_52489,1115.22,2024-12-07
inv_96814,sub_51758,1085.58,2024-05-05
inv_96815,sub_52921,1114.65,2024-04-19
inv_96816,sub_50339,1186.13,2024-06-20
inv_96817,sub_51624,603.87,2024-08-12
inv_96818,sub_53109,1299.12,2024-04-03
inv_96819,sub_52464,386.22,2024-07-18
inv_96821,sub_52279,311.7,2023-05-24
inv_96822,sub_53665,706.2,2024-07-10
inv_96823,sub_50420,1074.53,2024-06-20
inv_96824,sub_52381,1202.29,2024-11-19
inv_96825,sub_50718,718.56,2024-06-10
inv_96826,sub_51774,1350.6,2024-08-12
inv_96827,sub_50000,964.12,2023-02-01
inv_96828,sub_52596,57.29,2023-12-20
inv_96829,sub_50394,273.58,2024-03-28
inv_96830,sub_53301,931.57,2024-08-31
inv_96831,sub_50417,1383.98,2024-02-29
inv_96832,sub_53024,1432.67,2023-04-06
inv_96833,sub_51590,131.13,2024-05-07
inv_96834,sub_53834,1450.99,2023-04-15
inv_96835,sub_52062,1024.2,2023-05-05
inv_96836,sub_50399,54.21,2024-03-30
inv_96837,sub_50825,1273.29,2023-12-23
inv_96838,sub_53534,271.29,2024-05-20
inv_96839,sub_52105,399.41,2024-12-28
inv_96840,sub_50491,232.15,2024-12-22
inv_96841,sub_50259,23.93,2024-11-05
inv_96842,sub_52879,343.71,2024-05-27
inv_96843,sub_52859,812.51,2023-11-12
inv_96844,sub_53106,929.49,2024-07-10
inv_96845,sub_51827,1449.06,2024-04-20
inv_96846,sub_52234,982.91,2024-09-14
inv_96847,sub_53009,421.83,2023-12-22
inv_96848,sub_53088,592.46,2024-08-29
inv_96849,sub_51816,1029.21,2024-12-02
inv_96850,sub_52120,52.47,2024-03-20
inv_96852,sub_50514,522.89,2024-08-13
inv_96853,sub_52351,614.53,2023-06-19
inv_96854,sub_53078,1169.86,2023-07-21
inv_96855,sub_51253,1463.47,2024-10-27
inv_96856,sub_50298,1045.27,2024-06-07
inv_96857,sub_52332,164.39,2024-05-18
inv_96858,sub_51952,145.17,2024-11-26
inv_96859,sub_52641,252.36,2023-07-31
inv_96860,sub_51988,810.88,2023-09-22
inv_96861,sub_50448,1399.1,2024-07-09
inv_96862,sub_52520,1033.38,2024-04-08
inv_96863,sub_51106,716.8,2024-04-13
inv_96864,sub_52308,866.16,2024-06-23
inv_96865,sub_52172,616.22,2023-09-15
inv_96866,sub_52188,740.11,2024-07-05
inv_96867,sub_51691,1136.67,2024-07-24
inv_96868,sub_50660,419.58,2024-09-02
inv_96869,sub_52239,678.63,2024-10-06
inv_96870,sub_51683,810.1,2023-12-25
inv_96871,sub_50272,1305.14,2023-08-18
inv_96872,sub_50348,261.93,2024-10-10
inv_96873,sub_52785,714.17,2023-03-23
inv_96874,sub_51351,1254.78,2023-05-11
inv_96875,sub_53260,1309.68,2024-07-02
inv_96876,sub_50353,550.07,2023-01-01
inv_96877,sub_51141,1259.12,2024-02-20
inv_96878,sub_52620,159.78,2023-05-24
inv_96879,sub_52431,1247.28,2023-04-18
inv_96880,sub_52911,502.42,2023-05-01
inv_96881,sub_52777,592.38,2024-09-10
inv_96883,sub_50351,1025.06,2024-07-12
inv_96884,sub_51386,1051.33,2024-07-31
inv_96885,sub_50304,306.68,2023-01-05
inv_96886,sub_52055,1416.96,2024-09-05
inv_96887,sub_52116,1274.05,2024-05-24
inv_96888,sub_52544,1475.81,2023-04-14
inv_96889,sub_53215,196.47,2024-12-19
inv_96890,sub_51336,918.67,2024-06-06
inv_96891,sub_51830,232.18,2023-09-27
inv_96892,sub_53941,800.51,2023-08-04
inv_96893,sub_51184,367.59,2023-02-24
inv_96894,sub_53457,1079.13,2024-02-24
inv_96895,sub_51926,1297.49,2023-03-08
inv_96896,sub_51618,1405.84,2023-04-29
inv_96897,sub_50516,368.7,2024-06-20
inv_96898,sub_52247,925.07,2023-08-08
inv_96899,sub_52896,1371.58,2024-10-03
inv_96900,sub_53951,895.81,2024-09-18
inv_96901,sub_51599,806.14,2024-05-08
inv_96902,sub_52096,933.26,2024-05-22
inv_96903,sub_53204,282.0,2023-10-09
inv_96904,sub_50804,1242.98,2023-05-09
inv_96905,sub_51268,1046.39,2024-12-09
inv_96906,sub_53288,333.31,2024-04-22
inv_96907,sub_53749,517.98,2023-07-27
inv_96908,sub_52997,1094.08,2024-03-01
inv_96909,sub_50990,1495.63,2023-04-13
inv_96910,sub_50064,1002.71,2024-12-05
inv_96911,sub_53824,776.88,2024-07-31
inv_96912,sub_53772,1401.56,2023-07-15
inv_96914,sub_53890,131.0,2023-07-18
inv_96915,sub_52603,1372.13,2023-01-10
inv_96916,sub_52180,514.24,2023-10-26
inv_96917,sub_52037,134.1,2024-01-19
inv_96918,sub_53451,358.59,2023-08-04
inv_96919,sub_50183,1463.01,2024-04-11
inv_96920,sub_51842,1160.79,2023-05-03
inv_96921,sub_52104,710.54,2024-01-22
inv_96922,sub_52714,310.31,2023-11-17
inv_96923,sub_53551,1223.88,2024-10-23
inv_96924,sub_53214,740.48,2024-06-09
inv_96925,sub_51087,779.8,2024-08-04
inv_96926,sub_52323,1206.59,2024-04-27
inv_96927,sub_51187,194.31,2024-01-08
inv_96928,sub_50953,200.83,2024-12-30
inv_96929,sub_50533,299.69,2023-09-24
inv_96930,sub_51668,956.65,2023-06-21
inv_96931,sub_53775,1354.41,2024-07-31
inv_96932,sub_52008,1314.64,2023-08-20
inv_96933,sub_51813,1174.09,2023-03-15
inv_96934,sub_50539,434.62,2024-05-16
inv_96935,sub_50489,1387.22,2023-04-05
inv_96936,sub_50194,1442.99,2024-06-05
inv_96937,sub_50990,978.67,2023-08-09
inv_96938,sub_50903,143.69,2023-06-10
inv_96939,sub_52413,1454.66,2024-09-13
inv_96940,sub_51916,975.68,2023-09-19
inv_96941,sub_51390,275.87,2024-10-13
inv_96942,sub_53940,653.62,2024-09-09
inv_96943,sub_51690,1388.28,2024-12-02
inv_96945,sub_50614,772.39,2023-07-27
inv_96946,sub_52000,664.71,2023-08-13
inv_96947,sub_51838,776.69,2023-09-13
inv_96948,sub_50363,349.62,2024-03-15
inv_96949,sub_51724,736.26,2023-05-26
inv_96950,sub_52592,321.45,2024-05-14
inv_96951,sub_52178,626.96,2024-07-31
inv_96952,sub_51026,1318.31,2023-08-18
inv_96953,sub_50822,851.62,2024-03-14
inv_96954,sub_53040,1067.67,2023-09-26
inv_96955,sub_53419,1005.91,2024-11-08
inv_96956,sub_51275,1058.31,2024-07-10
inv_96957,sub_50619,676.84,2024-10-09
inv_96958,sub_52444,555.19,2024-07-16
inv_96959,sub_53393,1010.29,2023-04-12
inv_96960,sub_51698,608.44,2023-10-12
inv_96961,sub_52307,787.69,2024-05-02
inv_96962,sub_53416,1050.21,2023-01-28
inv_96963,sub_52109,1115.16,2023-06-16
inv_96964,sub_52983,935.0,2024-06-01
inv_96965,sub_53852,966.39,2024-09-26
inv_96966,sub_50521,480.7,2023-12-23
inv_96967,sub_52446,109.13,2023-10-02
inv_96968,sub_51923,239.84,2023-12-17
inv_96969,sub_53488,1344.4,2023-12-19
inv_96970,sub_51540,370.82,2024-12-14
inv_96971,sub_51382,238.68,2024-06-05
inv_96972,sub_52920,1032.07,2024-06-10
inv_96973,sub_51497,978.7,2024-06-06
inv_96974,sub_50532,1340.61,2023-05-26
inv_96976,sub_53418,334.86,2023-04-28
inv_96977,sub_51024,52.76,2024-11-11
inv_96978,sub_53281,1260.53,2023-09-14
inv_96979,sub_52533,1288.29,2023-02-18
inv_96980,sub_52443,812.08,2023-08-29
inv_96981,sub_50353,356.48,2023-04-21
inv_96982,sub_52716,1176.69,2024-11-17
inv_96983,sub_51373,1495.6,2024-02-29
inv_96984,sub_53180,1469.44,2024-07-20
inv_96985,sub_50014,889.5,2023-09-04
inv_96986,sub_52683,1182.52,2024-05-29
inv_96987,sub_52477,370.34,2023-12-15
inv_96988,sub_52359,1357.88,2024-01-17
inv_96989,sub_52568,1057.68,2023-12-24
inv_96990,sub_53654,716.01,2023-03-24
inv_96991,sub_53897,1082.67,2024-11-09
inv_96992,sub_51890,265.69,2024-06-05
inv_96993,sub_53404,542.68,2024-08-10
inv_96994,sub_53004,1335.27,2024-06-25
inv_96995,sub_52912,1096.76,2023-09-26
inv_96996,sub_52962,1181.14,2024-12-11
inv_96997,sub_53312,756.73,2024-03-17
inv_96998,sub_51092,198.58,2024-09-07
inv_96999,sub_50568,810.69,2023-10-16
inv_97000,sub_52707,26.51,2024-07-26
inv_97001,sub_53643,1169.91,2023-01-18
inv_97002,sub_50332,993.35,2024-08-20
inv_97003,sub_50111,1323.1,2023-07-09
inv_97004,sub_52982,1019.15,2023-03-26
inv_97005,sub_50113,678.46,2024-03-02
inv_97007,sub_51607,918.98,2023-05-17
inv_97008,sub_50016,515.35,2023-01-14
inv_97009,sub_53957,1459.73,2024-10-08
inv_97010,sub_50802,293.19,2024-06-25
inv_97011,sub_53274,261.7,2023-07-01
inv_97012,sub_52891,545.59,2024-07-27
inv_97013,sub_51424,550.69,2023-01-27
inv_97014,sub_53757,1152.11,2024-08-23
inv_97015,sub_53850,760.13,2023-08-10
inv_97016,sub_51373,1458.44,2024-07-20
inv_97017,sub_52667,389.12,2024-06-15
inv_97018,sub_52174,221.73,2023-12-12
inv_97019,sub_51305,1019.16,2024-10-26
inv_97020,sub_51988,851.22,2024-03-06
inv_97021,sub_51956,932.92,2024-12-29
inv_97022,sub_50821,1099.52,2023-06-13
inv_97023,sub_53843,361.07,2023-12-29
inv_97024,sub_52364,788.75,2024-06-19
inv_97025,sub_52777,1426.47,2023-01-02
inv_97026,sub_50233,101.1,2023-01-20
inv_97027,sub_51147,1003.68,2024-06-12
inv_97028,sub_50829,551.58,2023-05-28
inv_97029,sub_52909,469.59,2023-04-08
inv_97030,sub_52638,522.22,2024-04-12
inv_97031,sub_51716,551.48,2024-12-15
inv_97032,sub_53811,1114.48,2023-08-06
inv_97033,sub_53033,318.16,2024-05-09
inv_97034,sub_50189,1084.88,2024-08-16
inv_97035,sub_50418,640.05,2023-02-18
inv_97036,sub_52307,222.94,2024-06-17
inv_97038,sub_53415,1049.21,2023-04-11
inv_97039,sub_51435,217.59,2023-02-03
inv_97040,sub_50385,990.42,2024-12-14
inv_97041,sub_51981,428.54,2023-04-28
inv_97042,sub_50593,1403.26,2024-03-10
inv_97043,sub_52622,1160.18,2024-03-03
inv_97044,sub_51089,218.75,2024-09-04
inv_97045,sub_52925,1112.59,2023-11-04
inv_97046,sub_53700,747.8,2024-05-19
inv_97047,sub_50347,885.09,2023-05-21
inv_97048,sub_53383,463.05,2024-07-07
inv_97049,sub_53150,1360.1,2023-06-19
inv_97050,sub_50485,1102.47,2023-08-29
inv_97051,sub_52809,226.45,2024-07-12
inv_97052,sub_52138,1170.08,2024-05-26
inv_97053,sub_51657,162.35,2023-05-11
inv_97054,sub_52402,1109.12,2024-05-04
inv_97055,sub_50003,655.8,2024-01-19
inv_97056,sub_53179,1476.09,2023-08-19
inv_97057,sub_52644,588.78,2024-02-10
inv_97058,sub_50431,237.19,2024-12-17
inv_97059,sub_50343,190.38,2023-05-21
inv_97060,sub_50885,1263.87,2024-09-05
inv_97061,sub_50625,763.99,2023-04-03
inv_97062,sub_51086,1039.45,2024-06-19
inv_97063,sub_50194,249.72,2024-09-30
inv_97064,sub_52100,311.37,2023-12-11
inv_97065,sub_53060,778.94,2023-09-28
inv_97066,sub_51862,459.82,2023-10-02
inv_97067,sub_50503,990.2,2023-10-24
inv_97069,sub_51060,296.61,2024-06-24
inv_97070,sub_53905,1113.65,2024-06-11
inv_97071,sub_50960,374.75,2023-12-24
inv_97072,sub_53057,1091.58,2023-03-21
inv_97073,sub_50331,541.41,2024-11-01
inv_97074,sub_53180,273.09,2023-01-09
inv_97075,sub_50642,397.6,2024-12-20
inv_97076,sub_53039,1395.57,2023-06-19
inv_97077,sub_52138,565.88,2023-06-29
inv_97078,sub_50900,448.06,2024-03-06
inv_97079,sub_53284,358.2,2023-08-07
inv_97080,sub_50702,154.74,2023-03-18
inv_97081,sub_52527,1146.6,2024-05-07
inv_97082,sub_50135,119.92,2023-03-14
inv_97083,sub_52026,1306.39,2024-11-03
inv_97084,sub_53703,372.04,2024-08-05
inv_97085,sub_51564,349.58,2024-10-15
inv_97086,sub_50348,1075.75,2024-08-28
inv_97087,sub_52670,44.65,2024-11-28
inv_97088,sub_52736,176.27,2024-12-12
inv_97089,sub_52612,82.37,2024-10-09
inv_97090,sub_51779,246.04,2024-05-18
inv_97091,sub_53671,768.49,2023-12-21
inv_97092,sub_51745,702.75,2023-06-25
inv_97093,sub_50890,984.55,2024-10-11
inv_97094,sub_50188,132.43,2024-05-24
inv_97095,sub_53982,474.01,2023-08-19
inv_97096,sub_50137,246.86,2023-04-17
inv_97097,sub_53090,209.02,2023-01-30
inv_97098,sub_53409,665.15,2023-08-29
inv_97100,sub_53710,365.88,2024-01-16
inv_97101,sub_53913,1432.83,2024-06-17
inv_97102,sub_52550,445.7,2023-09-08
inv_97103,sub_53797,247.75,2024-12-13
inv_97104,sub_51538,459.82,2024-02-26
inv_97105,sub_51108,204.93,2024-02-03
inv_97106,sub_51726,387.34,2023-12-12
inv_97107,sub_52416,629.59,2024-10-21
inv_97108,sub_50900,1169.3,2023-06-18
inv_97109,sub_52148,244.32,2023-08-14
inv_97110,sub_50261,730.51,2024-05-22
inv_97111,sub_53542,361.96,2023-10-30
inv_97112,sub_53074,893.77,2023-09-01
inv_97113,sub_50861,488.39,2023-09-24
inv_97114,sub_51616,834.85,2024-04-29
inv_97115,sub_52632,1087.61,2024-11-01
inv_97116,sub_53456,526.03,2024-09-29
inv_97117,sub_51308,841.56,2024-10-27
inv_97118,sub_52241,89.73,2024-01-22
inv_97119,sub_52074,988.76,2024-01-23
inv_97120,sub_53101,98.92,2024-02-03
inv_97121,sub_52668,1423.03,2023-12-29
inv_97122,sub_53626,1254.81,2024-05-10
inv_97123,sub_51518,595.48,2024-03-05
inv_97124,sub_50859,812.36,2023-06-28
inv_97125,sub_50926,308.83,2024-07-19
inv_97126,sub_51102,132.61,2023-02-16
inv_97127,sub_52715,1443.73,2024-04-23
inv_97128,sub_52339,1404.72,2024-07-02
inv_97129,sub_53411,27.6,2024-12-12
inv_97131,sub_51700,1006.42,2023-02-24
inv_97132,sub_50893,487.92,2024-12-19
inv_97133,sub_50740,1336.35,2024-11-26
inv_97134,sub_52255,56.95,2023-12-14
inv_97135,sub_53182,498.24,2024-05-07
inv_97136,sub_53906,836.77,2024-05-09
inv_97137,sub_52423,443.39,2024-02-18
inv_97138,sub_50791,242.54,2024-09-17
inv_97139,sub_51414,193.21,2023-10-13
inv_97140,sub_52704,626.72,2023-11-13
inv_97141,sub_51863,1374.93,2024-10-29
inv_97142,sub_50615,1467.35,2024-04-22
inv_97143,sub_51490,1425.14,2024-02-16
inv_97144,sub_53593,1019.66,2023-04-21
inv_97145,sub_52539,1379.3,2023-09-14
inv_97146,sub_50752,431.49,2024-10-14
inv_97147,sub_52656,1241.11,2023-05-10
inv_97148,sub_53030,1478.17,2023-11-08
inv_97149,sub_53058,1304.78,2024-03-12
inv_97150,sub_53570,1076.23,2024-05-25
inv_97151,sub_51113,872.98,2023-10-10
inv_97152,sub_52172,1197.58,2024-09-27
inv_97153,sub_51464,1176.41,2024-07-16
inv_97154,sub_50943,855.4,2023-02-14
inv_97155,sub_53226,413.09,2024-06-03
inv_97156,sub_50827,1208.12,2023-04-25
inv_97157,sub_52101,223.28,2023-03-09
inv_97158,sub_53442,177.65,2023-05-05
inv_97159,sub_51221,787.32,2024-01-17
inv_97160,sub_50130,1462.62,2023-04-18
inv_97162,sub_52398,650.73,2023-09-17
inv_97163,sub_52699,1331.12,2023-10-15
inv_97164,sub_50095,623.44,2023-02-08
inv_97165,sub_53010,1282.51,2024-06-21
inv_97166,sub_52296,283.67,2024-04-26
inv_97167,sub_52730,894.08,2023-05-16
inv_97168,sub_52675,228.89,2024-09-20
inv_97169,sub_53630,754.17,2023-07-30
inv_97170,sub_53164,50.59,2024-12-31
inv_97171,sub_52371,1449.69,2023-03-27
inv_97172,sub_51827,1412.73,2023-06-29
inv_97173,sub_52785,288.55,2024-09-19
inv_97174,sub_53342,1356.71,2023-07-26
inv_97175,sub_52978,1141.06,2024-11-23
inv_97176,sub_52396,819.72,2024-12-30
inv_97177,sub_53231,1398.34,2023-03-05
inv_97178,sub_53054,1335.34,2023-12-27
inv_97179,sub_53230,1131.93,2023-08-18
inv_97180,sub_50663,729.29,2024-11-27
inv_97181,sub_51910,721.13,2024-01-01
inv_97182,sub_51525,999.1,2023-02-21
inv_97183,sub_53748,1298.93,2023-08-04
inv_97184,sub_53765,708.17,2024-07-02
inv_97185,sub_50308,1166.59,2024-10-06
inv_97186,sub_52439,585.34,2023-11-12
inv_97187,sub_53671,1048.75,2024-03-13
inv_97188,sub_51671,1029.01,2024-12-25
inv_97189,sub_52416,31.52,2023-07-25
inv_97190,sub_51095,1144.14,2024-10-28
inv_97191,sub_51968,546.24,2024-03-25
inv_97193,sub_50224,179.37,2024-11-22
inv_97194,sub_51460,863.03,2023-09-15
inv_97195,sub_51392,554.18,2023-09-15
inv_97196,sub_51369,1398.73,2024-02-29
inv_97197,sub_50557,336.59,2023-03-13
inv_97198,sub_51865,863.86,2023-10-09
inv_97199,sub_52833,1461.59,2023-01-14
inv_97200,sub_50424,1246.55,2024-10-24
inv_97201,sub_51576,400.8,2023-12-20
inv_97202,sub_52953,714.68,2024-02-21
inv_97203,sub_50311,757.42,2023-05-29
inv_97204,sub_52458,1466.08,2023-07-03
inv_97205,sub_52047,1387.89,2023-02-26
inv_97206,sub_53444,1483.69,2023-05-17
inv_97207,sub_52344,401.12,2023-12-15
inv_97208,sub_52792,446.76,2024-08-13
inv_97209,sub_53069,714.95,2024-03-17
inv_97210,sub_50359,411.19,2023-10-03
inv_97211,sub_51263,789.82,2024-09-24
inv_97212,sub_51045,167.78,2024-04-08
inv_97213,sub_51488,1341.81,2023-06-14
inv_97214,sub_50884,94.6,2024-09-20
inv_97215,sub_51612,119.08,2023-05-23
inv_97216,sub_52625,629.68,2024-08-24
inv_97217,sub_51156,427.04,2024-01-28
inv_97218,sub_51426,1389.52,2024-01-06
inv_97219,sub_50379,708.13,2023-08-10
inv_97220,sub_51934,218.66,2023-10-19
inv_97221,sub_50549,1018.36,2024-06-03
inv_97222,sub_50602,319.33,2024-09-18
inv_97224,sub_52265,393.95,2024-01-25
inv_97225,sub_53362,1309.38,2023-07-22
inv_97226,sub_51974,1065.05,2024-12-18
inv_97227,sub_52048,1186.41,2024-06-24
inv_97228,sub_51934,424.71,2024-10-23
inv_97229,sub_50628,967.72,2023-11-19
inv_97230,sub_53743,925.86,2023-07-23
inv_97231,sub_51966,1364.2,2024-01-14
inv_97232,sub_52327,962.87,2024-06-28
inv_97233,sub_50260,537.74,2024-06-02
inv_97234,sub_50004,1318.47,2023-09-18
inv_97235,sub_52412,1034.65,2024-10-10
inv_97236,sub_52416,1314.41,2024-05-17
inv_97237,sub_51744,950.49,2024-10-04
inv_97238,sub_50662,735.33,2024-07-10
inv_97239,sub_51907,213.55,2024-07-17
inv_97240,sub_52221,621.54,2023-11-24
inv_97241,sub_52733,1280.79,2023-06-01
inv_97242,sub_50743,185.81,2024-02-23
inv_97243,sub_53518,1350.0,2023-08-21
inv_97244,sub_50919,750.25,2024-11-11
inv_97245,sub_53930,965.12,2023-07-12
inv_97246,sub_51663,1364.93,2023-09-30
inv_97247,sub_50833,274.12,2024-02-06
inv_97248,sub_53923,910.2,2024-09-17
inv_97249,sub_51519,342.5,2024-03-08
inv_97250,sub_52097,819.15,2024-12-02
inv_97251,sub_50631,450.71,2024-09-17
inv_97252,sub_53031,1032.48,2024-09-09
inv_97253,sub_53440,1442.66,2024-10-04
inv_97255,sub_53521,261.17,2023-11-27
inv_97256,sub_53040,444.47,2024-04-09
inv_97257,sub_50084,379.49,2024-10-06
inv_97258,sub_52256,1482.24,2024-09-11
inv_97259,sub_52490,1074.64,2023-03-31
inv_97260,sub_52405,1205.62,2024-02-14
inv_97261,sub_52841,476.79,2024-09-08
inv_97262,sub_53876,1081.87,2024-07-20
inv_97263,sub_53092,867.92,2024-05-31
inv_97264,sub_50659,1321.78,2024-04-10
inv_97265,sub_51028,1175.63,2024-09-26
inv_97266,sub_51084,549.92,2024-10-20
inv_97267,sub_52081,1451.15,2024-02-10
inv_97268,sub_51977,339.16,2024-08-09
inv_97269,sub_50512,1115.34,2023-04-20
inv_97270,sub_50572,182.31,2024-02-05
inv_97271,sub_50274,790.38,2023-07-11
inv_97272,sub_53047,1315.66,2023-02-01
inv_97273,sub_50244,127.02,2023-05-21
inv_97274,sub_52454,293.57,2023-04-23
inv_97275,sub_52205,222.62,2024-12-05
inv_97276,sub_52533,1441.86,2024-08-17
inv_97277,sub_53207,470.83,2024-01-26
inv_97278,sub_53064,747.2,2023-01-23
inv_97279,sub_53942,741.17,2023-01-30
inv_97280,sub_53514,1139.97,2023-10-03
inv_97281,sub_51653,1242.93,2024-12-27
inv_97282,sub_50549,1399.69,2023-05-09
inv_97283,sub_51033,748.97,2023-10-14
inv_97284,sub_50332,135.5,2024-05-21
inv_97286,sub_52581,1142.84,2024-03-13
inv_97287,sub_52921,473.41,2023-02-14
inv_97288,sub_51620,758.72,2024-03-18
inv_97289,sub_50329,1432.76,2024-02-20
inv_97290,sub_53132,1046.51,2023-04-11
inv_97291,sub_51861,1171.6,2024-01-25
inv_97292,sub_53762,1097.71,2024-01-23
inv_97293,sub_52390,331.88,2023-03-24
inv_97294,sub_50460,63.76,2024-07-22
inv_97295,sub_53166,962.96,2024-09-02
inv_97296,sub_52833,1351.17,2024-07-11
inv_97297,sub_50803,1042.16,2024-09-15
inv_97298,sub_53502,691.63,2023-07-15
inv_97299,sub_52324,519.01,2024-04-13
inv_97300,sub_50891,1116.2,2024-05-07
inv_97301,sub_51229,161.89,2023-02-16
inv_97302,sub_52924,419.82,2024-01-02
inv_97303,sub_50003,1476.05,2024-04-10
inv_97304,sub_51036,1116.94,2023-05-21
inv_97305,sub_53378,1310.35,2023-09-29
inv_97306,sub_50778,796.21,2024-03-28
inv_97307,sub_53246,1233.65,2024-08-21
inv_97308,sub_50009,1208.59,2023-01-15
inv_97309,sub_53782,744.62,2024-11-06
inv_97310,sub_50858,638.36,2023-11-21
inv_97311,sub_53168,1198.42,2024-08-17
inv_97312,sub_50468,949.62,2023-02-27
inv_97313,sub_53943,659.6,2024-06-22
inv_97314,sub_50836,511.64,2023-12-21
inv_97315,sub_51063,916.09,2024-03-22
inv_97317,sub_51145,713.08,2023-04-26
inv_97318,sub_50012,719.34,2024-10-26
inv_97319,sub_52471,1065.75,2023-06-10
inv_97320,sub_53343,377.87,2024-01-03
inv_97321,sub_52488,515.9,2023-05-02
inv_97322,sub_50209,691.63,2023-12-03
inv_97323,sub_52911,397.09,2024-12-30
inv_97324,sub_51522,692.93,2023-01-08
inv_97325,sub_50683,750.08,2024-07-26
inv_97326,sub_52469,291.86,2024-11-07
inv_97327,sub_52420,234.77,2023-04-26
inv_97328,sub_51261,694.47,2023-05-13
inv_97329,sub_50648,786.45,2024-11-08
inv_97330,sub_52132,864.05,2024-08-24
inv_97331,sub_50767,1037.97,2023-06-28
inv_97332,sub_52282,43.09,2023-04-12
inv_97333,sub_52644,1207.15,2024-12-29
inv_97334,sub_53107,1450.14,2023-10-23
inv_97335,sub_53252,651.09,2023-05-03
inv_97336,sub_51817,535.7,2023-07-02
inv_97337,sub_51711,1452.92,2023-11-18
inv_97338,sub_52331,889.6,2024-06-10
inv_97339,sub_52587,947.41,2024-11-17
inv_97340,sub_51834,967.82,2024-06-07
inv_97341,sub_52190,1206.46,2024-06-18
inv_97342,sub_53694,493.99,2024-07-10
inv_97343,sub_53636,987.03,2024-12-28
inv_97344,sub_50562,829.14,2024-06-14
inv_97345,sub_52279,888.89,2024-01-28
inv_97346,sub_51860,1345.13,2023-06-03
inv_97348,sub_53853,1420.05,2023-01-26
inv_97349,sub_52725,1364.09,2024-05-30
inv_97350,sub_52886,146.41,2024-03-09
inv_97351,sub_51020,1385.42,2024-07-06
inv_97352,sub_50226,830.66,2023-01-16
inv_97353,sub_51490,962.78,2024-08-28
inv_97354,sub_50312,664.51,2023-09-01
inv_97355,sub_52647,894.89,2023-07-04
inv_97356,sub_52627,959.92,2024-07-13
inv_97357,sub_50675,926.18,2023-04-05
inv_97358,sub_50303,800.48,2023-06-25
inv_97359,sub_51096,1069.88,2024-06-28
inv_97360,sub_50088,1052.76,2023-04-08
inv_97361,sub_50380,1076.93,2023-02-21
inv_97362,sub_52915,1033.51,2023-07-19
inv_97363,sub_52955,801.05,2024-02-07
inv_97364,sub_51373,87.51,2023-02-06
inv_97365,sub_51588,960.75,2024-01-24
inv_97366,sub_51656,984.0,2024-10-30
inv_97367,sub_51399,1203.38,2023-12-14
inv_97368,sub_50400,840.24,2023-09-23
inv_97369,sub_52890,1217.19,2023-07-25
inv_97370,sub_52153,1154.85,2023-03-29
inv_97371,sub_51256,932.68,2023-01-15
inv_97372,sub_51649,618.59,2024-02-28
inv_97373,sub_50991,1451.73,2024-12-29
inv_97374,sub_50565,212.68,2024-07-10
inv_97375,sub_50448,1298.25,2023-01-05
inv_97376,sub_53116,1398.92,2023-06-03
inv_97377,sub_50848,1295.57,2024-12-28
inv_97379,sub_51081,542.5,2023-03-01
inv_97380,sub_53872,557.21,2023-09-19
inv_97381,sub_53689,1046.13,2024-08-26
inv_97382,sub_51447,266.56,2023-06-06
inv_97383,sub_50538,394.57,2024-08-10
inv_97384,sub_52256,1315.43,2024-02-02
inv_97385,sub_53952,705.06,2024-09-24
inv_97386,sub_52663,480.32,2023-05-25
inv_97387,sub_50046,554.91,2024-06-01
inv_97388,sub_51411,1493.12,2023-06-22
inv_97389,sub_53218,747.67,2023-12-24
inv_97390,sub_53622,1169.88,2023-05-03
inv_97391,sub_50950,29.0,2024-08-29
inv_97392,sub_52721,376.92,2024-05-11
inv_97393,sub_53918,360.71,2024-08-01
inv_97394,sub_51934,1193.43,2023-06-20
inv_97395,sub_52317,1215.89,2024-12-30
inv_97396,sub_53719,462.3,2023-07-06
inv_97397,sub_52735,241.2,2024-06-03
inv_97398,sub_50128,818.53,2023-10-23
inv_97399,sub_53291,609.66,2023-09-10
inv_97400,sub_53916,1393.05,2023-12-04
inv_97401,sub_53172,45.53,2024-02-10
inv_97402,sub_52663,1320.06,2024-03-11
inv_97403,sub_52561,1268.82,2023-11-21
inv_97404,sub_51160,88.88,2024-05-09
inv_97405,sub_52410,190.91,2024-11-03
inv_97406,sub_53396,703.06,2023-01-28
inv_97407,sub_51371,715.47,2023-04-23
inv_97408,sub_50493,1173.45,2023-08-25
inv_97410,sub_52666,1488.22,2023-06-20
inv_97411,sub_53579,366.27,2024-03-10
inv_97412,sub_53767,629.16,2024-10-08
inv_97413,sub_51335,701.97,2023-08-06
inv_97414,sub_50759,1112.27,2024-01-24
inv_97415,sub_52163,444.42,2023-12-24
inv_97416,sub_53282,1463.2,2023-11-30
inv_97417,sub_51330,250.64,2023-04-11
inv_97418,sub_50800,314.42,2023-01-03
inv_97419,sub_51496,744.62,2023-07-28
inv_97420,sub_53992,712.97,2024-12-16
inv_97421,sub_53365,873.67,2023-10-14
inv_97422,sub_50165,277.0,2023-02-02
inv_97423,sub_53584,747.55,2023-07-02
inv_97424,sub_51968,1254.49,2024-04-27
inv_97425,sub_52032,1480.84,2024-09-28
inv_97426,sub_50361,105.32,2024-03-14
inv_97427,sub_51038,983.23,2023-02-13
inv_97428,sub_52165,229.92,2024-11-04
inv_97429,sub_52202,225.72,2023-04-25
inv_97430,sub_52764,1181.81,2023-06-22
inv_97431,sub_51822,226.6,2024-02-05
inv_97432,sub_51445,997.4,2024-04-16
inv_97433,sub_51375,1185.79,2024-01-08
inv_97434,sub_50708,922.66,2024-10-17
inv_97435,sub_53068,1246.06,2024-05-16
inv_97436,sub_51765,751.29,2023-07-31
inv_97437,sub_52581,79.19,2023-06-29
inv_97438,sub_52325,300.86,2023-01-01
inv_97439,sub_52257,448.52,2024-07-07
inv_97441,sub_52798,1462.26,2023-03-24
inv_97442,sub_51649,62.92,2024-06-12
inv_97443,sub_53031,788.16,2024-10-23
inv_97444,sub_53574,210.9,2023-04-29
inv_97445,sub_51777,449.9,2023-10-11
inv_97446,sub_53140,280.81,2023-05-26
inv_97447,sub_51823,1264.37,2023-03-14
inv_97448,sub_52090,1041.14,2023-07-11
inv_97449,sub_51329,279.49,2023-11-08
inv_97450,sub_52196,1333.83,2023-12-22
inv_97451,sub_50833,1456.19,2024-05-26
inv_97452,sub_53614,285.9,2024-07-20
inv_97453,sub_50540,1432.54,2023-03-25
inv_97454,sub_51435,974.8,2024-12-13
inv_97455,sub_51362,625.49,2024-11-01
inv_97456,sub_50359,878.37,2023-05-17
inv_97457,sub_53805,35.58,2023-07-05
inv_97458,sub_51066,760.43,2023-11-11
inv_97459,sub_53491,472.68,2024-03-29
inv_97460,sub_50261,1388.8,2023-12-27
inv_97461,sub_51174,467.01,2023-07-12
inv_97462,sub_53498,887.21,2023-03-09
inv_97463,sub_52190,896.43,2024-05-15
inv_97464,sub_52875,827.12,2023-03-10
inv_97465,sub_51284,249.44,2023-09-17
inv_97466,sub_52310,900.91,2023-07-20
inv_97467,sub_52805,975.5,2024-05-16
inv_97468,sub_52945,226.39,2024-08-26
inv_97469,sub_52459,565.88,2024-08-14
inv_97470,sub_52690,1260.07,2023-05-05
inv_97472,sub_51364,794.56,2023-08-07
inv_97473,sub_53124,1279.97,2023-09-26
inv_97474,sub_53240,1486.36,2024-06-27
inv_97475,sub_51490,782.61,2023-09-26
inv_97476,sub_52145,284.9,2024-10-05
inv_97477,sub_51889,607.75,2023-10-21
inv_97478,sub_50603,1412.13,2024-11-03
inv_97479,sub_50783,623.53,2023-07-30
inv_97480,sub_52304,25.87,2024-09-07
inv_97481,sub_50463,462.47,2024-04-21
inv_97482,sub_50732,55.67,2024-07-27
inv_97483,sub_53458,83.7,2023-03-22
inv_97484,sub_50560,559.66,2023-08-22
inv_97485,sub_52035,960.19,2023-06-23
inv_97486,sub_50488,87.37,2024-02-20
inv_97487,sub_51881,1091.17,2024-12-11
inv_97488,sub_50951,332.29,2024-06-09
inv_97489,sub_53676,67.97,2024-01-29
inv_97490,sub_51359,205.11,2024-02-26
inv_97491,sub_53029,716.94,2023-12-18
inv_97492,sub_53060,1255.37,2023-07-27
inv_97493,sub_51206,307.17,2023-09-07
inv_97494,sub_51484,609.75,2023-03-03
inv_97495,sub_50570,1140.55,2024-05-10
inv_97496,sub_50334,491.07,2023-10-09
inv_97497,sub_52969,485.07,2024-05-07
inv_97498,sub_53218,1348.08,2023-10-05
inv_97499,sub_50028,456.32,2023-09-18
inv_97500,sub_52367,934.97,2024-05-07
inv_97501,sub_50340,119.52,2024-11-06
inv_97503,sub_52318,112.23,2024-04-08
inv_97504,sub_52355,1030.57,2024-07-26
inv_97505,sub_50155,409.05,2023-03-09
inv_97506,sub_52713,1144.53,2024-02-24
inv_97507,sub_51492,653.69,2023-07-25
inv_97508,sub_52244,1464.13,2024-03-16
inv_97509,sub_53452,1119.32,2024-11-12
inv_97510,sub_53941,789.59,2023-02-27
inv_97511,sub_52980,56.02,2023-05-01
inv_97512,sub_52733,227.25,2023-09-05
inv_97513,sub_52506,1368.01,2023-02-05
inv_97514,sub_51400,1318.7,2023-08-12
inv_97515,sub_50765,1324.78,2023-04-23
inv_97516,sub_53609,546.62,2024-09-03
inv_97517,sub_53276,586.86,2024-03-01
inv_97518,sub_50117,1196.24,2023-01-01
inv_97519,sub_52838,1076.16,2023-10-20
inv_97520,sub_53899,534.9,2023-03-29
inv_97521,sub_53439,733.45,2023-03-28
inv_97522,sub_52426,1413.38,2024-08-06
inv_97523,sub_51125,1426.12,2023-11-22
inv_97524,sub_50538,763.01,2023-08-30
inv_97525,sub_53066,1367.07,2023-12-04
inv_97526,sub_50937,1328.73,2024-05-29
inv_97527,sub_52435,628.65,2023-04-18
inv_97528,sub_52742,67.87,2023-06-27
inv_97529,sub_52251,205.39,2024-03-26
inv_97530,sub_52724,497.99,2023-10-10
inv_97531,sub_53287,858.26,2023-11-29
inv_97532,sub_53374,786.71,2024-05-09
inv_97534,sub_52928,1277.05,2024-11-09
inv_97535,sub_51263,965.11,2024-02-17
inv_97536,sub_53946,327.89,2023-07-04
inv_97537,sub_53302,495.81,2023-01-23
inv_97538,sub_50919,233.78,2023-10-24
inv_97539,sub_53913,606.8,2024-05-04
inv_97540,sub_52098,1362.85,2023-05-08
inv_97541,sub_52047,950.98,2023-08-19
inv_97542,sub_52894,206.2,2024-02-12
inv_97543,sub_51507,725.32,2023-03-23
inv_97544,sub_51211,135.72,2024-05-10
inv_97545,sub_50852,1237.75,2024-12-05
inv_97546,sub_52026,1479.06,2024-04-22
inv_97547,sub_52110,474.21,2024-01-25
inv_97548,sub_51288,878.61,2024-09-08
inv_97549,sub_52127,1309.17,2023-11-13
inv_97550,sub_50929,580.89,2023-06-30
inv_97551,sub_50140,122.1,2023-04-11
inv_97552,sub_52756,1358.44,2023-03-18
inv_97553,sub_53584,399.49,2023-09-11
inv_97554,sub_50234,1120.33,2024-07-26
inv_97555,sub_50284,843.84,2024-10-25
inv_97556,sub_51844,235.22,2024-01-25
inv_97557,sub_50246,1123.07,2023-08-28
inv_97558,sub_52952,468.61,2023-07-21
inv_97559,sub_53838,1176.4,2023-05-07
inv_97560,sub_51855,782.12,2023-01-03
inv_97561,sub_50743,386.74,2024-05-17
inv_97562,sub_50992,955.75,2024-03-10
inv_97563,sub_53284,348.52,2024-08-16
inv_97565,sub_52962,672.86,2024-04-05
inv_97566,sub_53040,73.57,2023-04-15
inv_97567,sub_53632,696.88,2023-09-30
inv_97568,sub_51363,319.6,2024-06-27
inv_97569,sub_50996,215.19,2023-04-06
inv_97570,sub_52545,721.08,2023-11-13
inv_97571,sub_50000,247.93,2023-05-30
inv_97572,sub_50999,133.57,2023-10-02
inv_97573,sub_51015,61.41,2023-12-27
inv_97574,sub_53894,1047.78,2023-03-02
inv_97575,sub_50319,834.45,2024-06-09
inv_97576,sub_50300,1450.44,2023-06-12
inv_97577,sub_53871,204.09,2023-02-21
inv_97578,sub_51431,109.29,2023-07-06
inv_97579,sub_51312,1338.59,2024-07-22
inv_97580,sub_50287,264.36,2024-12-12
inv_97581,sub_50036,1269.07,2023-10-20
inv_97582,sub_51707,945.97,2024-03-24
inv_97583,sub_53320,1415.86,2023-12-30
inv_97584,sub_53423,1242.89,2023-12-03
inv_97585,sub_52530,384.36,2024-02-11
inv_97586,sub_52852,995.47,2023-12-11
inv_97587,sub_51065,1330.83,2023-11-27
inv_97588,sub_53665,1173.78,2023-03-11
inv_97589,sub_53430,804.23,2023-01-10
inv_97590,sub_52240,1076.28,2023-11-18
inv_97591,sub_53638,878.22,2023-10-30
inv_97592,sub_53362,412.78,2024-03-20
inv_97593,sub_50966,460.99,2024-05-10
inv_97594,sub_50258,778.66,2023-07-05
inv_97596,sub_51610,996.59,2024-06-29
inv_97597,sub_52879,178.38,2023-02-18
inv_97598,sub_53991,929.96,2024-05-28
inv_97599,sub_51274,1231.15,2023-11-30
inv_97600,sub_50720,1343.25,2024-12-13
inv_97601,sub_51955,633.52,2024-09-10
inv_97602,sub_53033,1061.1,2024-07-08
inv_97603,sub_52899,1246.65,2023-01-10
inv_97604,sub_50711,408.53,2023-06-08
inv_97605,sub_53753,734.24,2023-08-07
inv_97606,sub_51122,136.04,2024-06-22
inv_97607,sub_53522,412.52,2023-10-02
inv_97608,sub_50893,1398.52,2023-01-20
inv_97609,sub_53248,402.05,2023-04-24
inv_97610,sub_53603,1263.29,2023-10-26
inv_97611,sub_52228,538.37,2024-09-05
inv_97612,sub_52800,607.42,2024-06-05
inv_97613,sub_50810,141.44,2024-01-10
inv_97614,sub_52422,270.67,2023-10-14
inv_97615,sub_52528,962.0,2023-10-13
inv_97616,sub_51906,349.59,2024-05-13
inv_97617,sub_50537,492.79,2024-04-05
inv_97618,sub_51818,310.87,2024-03-23
inv_97619,sub_50952,835.34,2024-01-07
inv_97620,sub_52607,1077.05,2023-03-11
inv_97621,sub_52751,889.69,2023-02-11
inv_97622,sub_52211,104.49,2023-08-29
inv_97623,sub_52589,473.7,2024-12-29
inv_97624,sub_51403,831.27,2024-09-11
inv_97625,sub_51920,669.56,2024-01-21
inv_97627,sub_51702,249.83,2024-08-04
inv_97628,sub_53757,1388.31,2024-05-28
inv_97629,sub_50665,1403.57,2024-06-09
inv_97630,sub_52482,1225.01,2024-07-17
inv_97631,sub_50563,1344.09,2023-11-27
inv_97632,sub_53863,1426.37,2024-01-07
inv_97633,sub_50930,1078.05,2024-03-30
inv_97634,sub_50703,435.93,2023-06-07
inv_97635,sub_50159,1418.42,2024-09-15
inv_97636,sub_50672,1438.07,2024-12-30
inv_97637,sub_52451,906.59,2024-02-28
inv_97638,sub_52590,973.6,2024-09-13
inv_97639,sub_51412,250.67,2023-01-07
inv_97640,sub_52046,1427.25,2024-05-09
inv_97641,sub_52977,1001.58,2024-04-14
inv_97642,sub_50282,790.6,2023-04-05
inv_97643,sub_51395,804.14,2024-07-10
inv_97644,sub_52901,1039.01,2023-06-18
inv_97645,sub_50605,1444.37,2024-08-24
inv_97646,sub_52863,324.89,2024-02-12
inv_97647,sub_50586,1451.67,2024-01-02
inv_97648,sub_52418,158.15,2023-12-06
inv_97649,sub_51267,303.4,2024-09-19
inv_97650,sub_52995,1340.18,2024-04-18
inv_97651,sub_53829,105.29,2024-11-08
inv_97652,sub_52010,359.25,2024-09-14
inv_97653,sub_50841,955.46,2023-04-08
inv_97654,sub_52738,155.85,2023-06-04
inv_97655,sub_53298,777.21,2023-04-17
inv_97656,sub_50079,182.94,2023-02-02
inv_97658,sub_52097,969.47,2023-02-11
inv_97659,sub_51482,970.53,2023-01-16
inv_97660,sub_51702,306.67,2024-05-22
inv_97661,sub_50565,996.71,2023-10-06
inv_97662,sub_51013,454.56,2023-02-02
inv_97663,sub_51036,1286.42,2024-07-03
inv_97664,sub_52304,64.33,2023-04-02
inv_97665,sub_51843,1254.68,2024-03-31
inv_97666,sub_50721,108.34,2023-10-17
inv_97667,sub_53518,463.38,2023-05-14
inv_97668,sub_53506,990.74,2023-05-24
inv_97669,sub_51941,663.85,2023-09-22
inv_97670,sub_51015,867.55,2023-04-25
inv_97671,sub_51934,287.08,2024-07-28
inv_97672,sub_50949,1154.7,2024-04-01
inv_97673,sub_51335,197.09,2024-07-01
inv_97674,sub_52862,1062.76,2023-05-18
inv_97675,sub_53387,963.91,2024-11-02
inv_97676,sub_53845,965.89,2024-04-06
inv_97677,sub_50032,1163.03,2023-09-18
inv_97678,sub_52165,505.24,2023-12-22
inv_97679,sub_52487,314.54,2024-07-31
inv_97680,sub_52039,836.26,2024-05-03
inv_97681,sub_50619,1378.2,2024-01-20
inv_97682,sub_50430,920.42,2024-03-19
inv_97683,sub_53712,878.64,2024-05-10
inv_97684,sub_53037,1480.59,2024-02-14
inv_97685,sub_52165,1354.8,2024-12-20
inv_97686,sub_52032,1317.83,2023-09-29
inv_97687,sub_53892,1177.69,2023-05-02
inv_97689,sub_51623,267.19,2024-03-29
inv_97690,sub_52686,403.59,2023-09-15
inv_97691,sub_52559,683.07,2024-09-17
inv_97692,sub_50380,621.24,2023-04-30
inv_97693,sub_51978,1203.02,2023-01-01
inv_97694,sub_50732,1055.81,2024-03-24
inv_97695,sub_51760,1453.09,2024-10-23
inv_97696,sub_51006,1357.79,2023-01-16
inv_97697,sub_52417,1215.64,2023-04-25
inv_97698,sub_53123,1173.49,2024-10-06
inv_97699,sub_53182,550.99,2023-08-20
inv_97700,sub_52991,35.03,2024-01-03
inv_97701,sub_50606,297.9,2023-03-26
inv_97702,sub_52412,168.0,2023-09-20
inv_97703,sub_52713,330.77,2024-05-13
inv_97704,sub_51284,1229.6,2024-05-10
inv_97705,sub_51187,626.31,2024-05-16
inv_97706,sub_53399,575.25,2023-11-23
inv_97707,sub_53819,1215.06,2023-05-30
inv_97708,sub_50250,1332.29,2024-07-01
inv_97709,sub_51635,579.11,2023-10-19
inv_97710,sub_51409,1439.46,2023-03-03
inv_97711,sub_51799,73.59,2023-07-21
inv_97712,sub_50464,1469.5,2023-03-06
inv_97713,sub_51255,416.82,2023-06-16
inv_97714,sub_50293,58.51,2024-11-19
inv_97715,sub_50001,891.27,2023-02-08
inv_97716,sub_53985,1466.74,2023-04-03
inv_97717,sub_51623,720.44,2023-11-10
inv_97718,sub_50858,583.38,2023-04-02
inv_97720,sub_52139,497.15,2023-05-11
inv_97721,sub_51211,39.09,2024-06-16
inv_97722,sub_51397,841.38,2024-07-29
inv_97723,sub_52368,984.63,2024-12-09
inv_97724,sub_53440,1453.32,2023-04-02
inv_97725,sub_52792,319.4,2023-05-24
inv_97726,sub_53315,1155.09,2024-02-15
inv_97727,sub_50753,1041.53,2024-03-26
inv_97728,sub_53682,80.4,2023-03-10
inv_97729,sub_52769,732.29,2024-04-04
inv_97730,sub_50237,210.15,2023-07-27
inv_97731,sub_52232,1495.76,2024-12-17
inv_97732,sub_50980,1025.81,2024-08-17
inv_97733,sub_52038,1165.84,2024-08-29
inv_97734,sub_50409,1274.78,2023-01-18
inv_97735,sub_52448,912.63,2023-07-04
inv_97736,sub_52710,1449.43,2023-05-16
inv_97737,sub_53485,1477.05,2024-07-28
inv_97738,sub_52465,603.74,2024-01-09
inv_97739,sub_52079,1195.53,2023-06-15
inv_97740,sub_53551,951.06,2023-03-06
inv_97741,sub_51932,1061.83,2024-09-28
inv_97742,sub_50428,413.47,2024-01-10
inv_97743,sub_52337,1186.92,2023-06-23
inv_97744,sub_51462,303.03,2023-11-02
inv_97745,sub_51706,34.03,2024-07-08
inv_97746,sub_52970,1439.93,2024-11-08
inv_97747,sub_50405,159.83,2024-08-28
inv_97748,sub_51287,225.1,2024-02-26
inv_97749,sub_50443,371.89,2024-03-25
inv_97751,sub_51054,540.57,2024-09-20
inv_97752,sub_53144,142.35,2024-01-01
inv_97753,sub_53249,1387.6,2024-12-31
inv_97754,sub_51554,810.04,2024-07-14
inv_97755,sub_53738,646.29,2023-10-02
inv_97756,sub_53313,1445.91,2023-07-17
inv_97757,sub_50468,196.06,2024-01-18
inv_97758,sub_53242,1142.67,2023-08-12
inv_97759,sub_52362,1046.95,2024-12-23
inv_97760,sub_52808,106.05,2024-10-06
inv_97761,sub_53549,753.23,2023-03-05
inv_97762,sub_52160,1199.01,2024-09-06
inv_97763,sub_51492,1264.07,2023-10-10
inv_97764,sub_50024,658.9,2023-11-27
inv_97765,sub_50399,575.35,2024-09-29
inv_97766,sub_52080,1375.55,2023-04-04
inv_97767,sub_52607,1231.33,2024-01-09
inv_97768,sub_52828,395.17,2024-07-25
inv_97769,sub_50775,97.47,2023-07-21
inv_97770,sub_52211,665.24,2024-03-09
inv_97771,sub_51329,1059.32,2023-03-31
inv_97772,sub_50582,812.83,2023-05-15
inv_97773,sub_50283,1433.11,2024-06-24
inv_97774,sub_51113,105.33,2024-02-02
inv_97775,sub_51660,752.28,2024-12-20
inv_97776,sub_53757,863.19,2023-10-27
inv_97777,sub_52342,1374.9,2024-04-03
inv_97778,sub_52241,1340.37,2023-07-01
inv_97779,sub_51250,344.73,2024-02-16
inv_97780,sub_53963,1234.58,2024-02-17
inv_97782,sub_50255,1481.87,2023-06-28
inv_97783,sub_51480,837.16,2023-09-01
inv_97784,sub_53753,594.24,2024-01-27
inv_97785,sub_53237,833.54,2023-06-03
inv_97786,sub_52755,441.03,2024-01-31
inv_97787,sub_53862,1151.8,2023-08-03
inv_97788,sub_53025,786.47,2023-08-26
inv_97789,sub_53389,442.87,2024-03-20
inv_97790,sub_53951,647.4,2023-04-21
inv_97791,sub_52004,444.22,2024-09-30
inv_97792,sub_53430,554.47,2024-06-21
inv_97793,sub_53718,673.84,2024-04-17
inv_97794,sub_52331,794.05,2024-08-31
inv_97795,sub_51847,953.21,2023-11-07
inv_97796,sub_51160,326.41,2023-04-01
inv_97797,sub_52879,265.81,2023-10-10
inv_97798,sub_52002,1018.35,2024-01-25
inv_97799,sub_50072,836.56,2023-01-22
inv_97800,sub_51857,933.88,2024-11-27
inv_97801,sub_51925,605.97,2023-07-05
inv_97802,sub_51162,201.82,2024-10-02
inv_97803,sub_50296,934.63,2023-04-18
inv_97804,sub_52996,100.6,2023-05-31
inv_97805,sub_51287,45.16,2024-07-02
inv_97806,sub_53216,494.42,2024-03-25
inv_97807,sub_50879,1075.03,2024-10-10
inv_97808,sub_50976,502.46,2023-07-06
inv_97809,sub_53145,38.79,2024-05-03
inv_97810,sub_52960,1107.87,2023-06-06
inv_97811,sub_53414,317.73,2024-07-14
inv_97813,sub_52166,175.49,2024-03-01
inv_97814,sub_52445,593.79,2024-05-15
inv_97815,sub_51545,714.69,2023-11-02
inv_97816,sub_52325,799.1,2024-07-18
inv_97817,sub_51627,474.79,2024-07-18
inv_97818,sub_52238,1275.24,2024-04-29
inv_97819,sub_52132,1039.87,2024-10-21
inv_97820,sub_53908,770.38,2024-10-21
inv_97821,sub_51973,1065.28,2023-07-20
inv_97822,sub_52074,115.68,2023-06-09
inv_97823,sub_52321,414.65,2024-01-12
inv_97824,sub_53677,745.58,2024-03-02
inv_97825,sub_53799,997.71,2024-10-22
inv_97826,sub_53336,220.77,2024-08-27
inv_97827,sub_50389,1436.77,2023-11-12
inv_97828,sub_51673,857.55,2023-01-23
inv_97829,sub_50670,562.36,2024-11-08
inv_97830,sub_51561,1155.43,2023-03-31
inv_97831,sub_51778,649.99,2023-01-10
inv_97832,sub_50330,740.75,2024-07-14
inv_97833,sub_52402,105.04,2024-08-30
inv_97834,sub_52866,80.81,2024-12-28
inv_97835,sub_50896,55.28,2023-07-08
inv_97836,sub_53833,847.89,2024-12-07
inv_97837,sub_53608,773.34,2023-08-20
inv_97838,sub_53773,310.91,2024-10-23
inv_97839,sub_50251,1203.05,2024-10-26
inv_97840,sub_53951,994.24,2024-12-21
inv_97841,sub_53750,148.28,2024-03-12
inv_97842,sub_53571,1150.45,2024-05-06
inv_97844,sub_53130,158.18,2024-06-07
inv_97845,sub_51681,1155.85,2023-03-28
inv_97846,sub_52812,388.05,2023-05-26
inv_97847,sub_50500,434.12,2024-05-21
inv_97848,sub_53004,526.22,2023-06-19
inv_97849,sub_51416,288.63,2024-06-08
inv_97850,sub_51239,1306.13,2024-07-04
inv_97851,sub_51748,308.92,2023-07-09
inv_97852,sub_53519,1328.84,2023-06-21
inv_97853,sub_53924,125.04,2024-05-08
inv_97854,sub_50236,1010.99,2023-02-19
inv_97855,sub_51810,1423.26,2024-04-16
inv_97856,sub_52992,838.11,2023-10-01
inv_97857,sub_51977,1237.91,2024-10-20
inv_97858,sub_53602,895.58,2023-03-08
inv_97859,sub_50650,1168.86,2023-10-01
inv_97860,sub_50523,844.19,2024-06-18
inv_97861,sub_51797,859.28,2023-02-22
inv_97862,sub_51504,1113.49,2023-08-30
inv_97863,sub_50587,642.58,2024-06-10
inv_97864,sub_53157,1301.07,2024-02-29
inv_97865,sub_51902,903.76,2023-04-23
inv_97866,sub_51697,783.98,2024-12-14
inv_97867,sub_51582,1042.53,2024-07-10
inv_97868,sub_50408,1064.86,2024-04-24
inv_97869,sub_53657,581.77,2023-05-22
inv_97870,sub_50554,268.67,2023-09-24
inv_97871,sub_53128,1332.1,2024-04-09
inv_97872,sub_52757,136.69,2024-08-12
inv_97873,sub_51466,211.23,2024-02-11
inv_97875,sub_51607,1229.86,2024-04-08
inv_97876,sub_53158,344.02,2023-11-27
inv_97877,sub_53698,440.84,2024-05-02
inv_97878,sub_53049,511.56,2024-03-09
inv_97879,sub_52115,1013.86,2023-12-02
inv_97880,sub_53488,1385.52,2023-06-11
inv_97881,sub_51918,1012.7,2024-05-11
inv_97882,sub_53556,1381.24,2024-07-29
inv_97883,sub_53119,514.45,2023-11-17
inv_97884,sub_50318,657.66,2024-11-18
inv_97885,sub_51912,1499.95,2023-02-11
inv_97886,sub_50065,114.17,2024-07-23
inv_97887,sub_51119,827.28,2024-01-02
inv_97888,sub_51762,454.38,2024-10-02
inv_97889,sub_52114,1045.57,2023-08-18
inv_97890,sub_51513,617.48,2024-03-10
inv_97891,sub_50473,129.42,2024-03-02
inv_97892,sub_51165,1320.34,2023-11-21
inv_97893,sub_52203,748.48,2023-11-15
inv_97894,sub_50732,260.17,2023-07-04
inv_97895,sub_51471,1404.15,2024-07-02
inv_97896,sub_51602,1387.54,2023-04-28
inv_97897,sub_52743,804.5,2024-03-31
inv_97898,sub_53148,384.7,2023-09-15
inv_97899,sub_53701,356.12,2024-09-26
inv_97900,sub_53363,1167.12,2023-02-05
inv_97901,sub_52983,277.2,2024-02-15
inv_97902,sub_52089,132.89,2023-08-10
inv_97903,sub_51752,912.84,2023-05-13
inv_97904,sub_51025,787.91,2024-11-22
inv_97906,sub_51003,1149.58,2023-08-08
inv_97907,sub_52299,824.25,2024-05-16
inv_97908,sub_52831,247.42,2024-10-03
inv_97909,sub_50187,1139.45,2023-02-02
inv_97910,sub_53230,224.03,2023-09-05
inv_97911,sub_50634,400.43,2023-12-18
inv_97912,sub_50149,1039.62,2023-09-30
inv_97913,sub_52357,147.86,2023-09-13
inv_97914,sub_53239,807.98,2024-07-09
inv_97915,sub_53903,126.19,2024-07-23
inv_97916,sub_50324,363.61,2024-04-29
inv_97917,sub_53917,866.29,2024-04-22
inv_97918,sub_52792,1496.81,2023-06-03
inv_97919,sub_53850,435.55,2024-10-04
inv_97920,sub_53260,1335.75,2024-04-04
inv_97921,sub_51042,290.36,2023-05-13
inv_97922,sub_52720,1298.79,2023-11-21
inv_97923,sub_51035,848.23,2023-12-18
inv_97924,sub_50463,1279.08,2023-04-20
inv_97925,sub_50004,1325.52,2023-03-06
inv_97926,sub_53079,982.66,2023-04-27
inv_97927,sub_53254,346.33,2023-07-27
inv_97928,sub_51101,1434.53,2024-04-06
inv_97929,sub_52071,113.47,2023-07-03
inv_97930,sub_51759,1016.24,2024-02-11
inv_97931,sub_51013,274.42,2024-05-18
inv_97932,sub_51286,858.74,2023-09-28
inv_97933,sub_52101,721.28,2024-01-09
inv_97934,sub_52790,374.4,2023-11-30
inv_97935,sub_52719,527.73,2024-09-24
inv_97937,sub_52587,1045.99,2024-08-18
inv_97938,sub_52395,664.94,2023-06-12
inv_97939,sub_53667,367.54,2024-03-23
inv_97940,sub_51747,1291.09,2023-06-26
inv_97941,sub_52339,1453.39,2024-11-09
inv_97942,sub_53595,406.13,2023-06-09
inv_97943,sub_53870,249.26,2023-11-15
inv_97944,sub_50367,1299.25,2024-03-30
inv_97945,sub_53986,538.25,2024-09-03
inv_97946,sub_52851,1200.62,2024-03-10
inv_97947,sub_53495,734.28,2024-01-06
inv_97948,sub_50899,630.87,2023-05-22
inv_97949,sub_53510,196.37,2023-01-08
inv_97950,sub_50580,1485.44,2024-05-11
inv_97951,sub_50933,1125.65,2024-07-18
inv_97952,sub_53014,113.4,2024-03-27
inv_97953,sub_53299,1046.14,2023-03-03
inv_97954,sub_50612,454.19,2024-01-14
inv_97955,sub_51675,726.25,2024-10-04
inv_97956,sub_53211,28.14,2024-12-17
inv_97957,sub_51921,1313.79,2024-05-10
inv_97958,sub_50148,293.77,2023-03-11
inv_97959,sub_51076,733.14,2023-09-23
inv_97960,sub_53095,554.03,2023-11-20
inv_97961,sub_53452,70.77,2023-03-24
inv_97962,sub_52659,423.51,2024-07-20
inv_97963,sub_52599,1175.25,2023-07-30
inv_97964,sub_53280,427.16,2024-04-02
inv_97965,sub_53131,917.89,2023-08-18
inv_97966,sub_50503,809.71,2023-12-08
inv_97968,sub_51157,298.68,2024-04-03
inv_97969,sub_50229,1421.55,2024-05-22
inv_97970,sub_53240,842.52,2024-01-31
inv_97971,sub_51987,1278.05,2024-03-11
inv_97972,sub_53609,45.02,2024-02-06
inv_97973,sub_52342,654.81,2024-04-11
inv_97974,sub_52354,932.4,2023-05-09
inv_97975,sub_53195,784.79,2023-09-05
inv_97976,sub_52919,95.67,2023-06-25
inv_97977,sub_51318,1174.31,2023-08-15
inv_97978,sub_52648,938.43,2023-02-06
inv_97979,sub_50076,539.58,2023-08-15
inv_97980,sub_50259,579.25,2024-10-27
inv_97981,sub_51822,1042.81,2023-01-08
inv_97982,sub_51103,94.16,2024-07-30
inv_97983,sub_50585,266.01,2023-06-18
inv_97984,sub_51034,90.75,2024-11-04
inv_97985,sub_53259,1288.9,2024-03-22
inv_97986,sub_53461,1402.89,2024-12-31
inv_97987,sub_51721,50.29,2024-02-19
inv_97988,sub_51035,86.47,2024-01-21
inv_97989,sub_51080,587.0,2024-04-22
inv_97990,sub_52158,840.73,2024-12-28
inv_97991,sub_51741,622.48,2024-06-12
inv_97992,sub_50044,26.59,2023-07-20
inv_97993,sub_50425,305.61,2024-04-27
inv_97994,sub_51504,806.24,2024-04-13
inv_97995,sub_52065,90.5,2024-04-08
inv_97996,sub_51586,677.96,2024-11-11
inv_97997,sub_51441,819.03,2023-04-23
inv_97999,sub_50378,233.73,2024-05-15
inv_98000,sub_52090,555.18,2023-12-10
inv_98001,sub_50624,874.91,2023-09-28
inv_98002,sub_52150,1007.37,2024-10-26
inv_98003,sub_50890,891.69,2024-06-01
inv_98004,sub_53259,1037.56,2024-10-02
inv_98005,sub_53573,623.99,2023-05-08
inv_98006,sub_53583,1066.11,2023-07-29
inv_98007,sub_52412,549.0,2023-10-06
inv_98008,sub_50942,444.29,2023-11-29
inv_98009,sub_51096,1325.84,2024-11-20
inv_98010,sub_50322,615.12,2024-11-06
inv_98011,sub_50756,500.08,2024-01-04
inv_98012,sub_52908,838.86,2024-06-08
inv_98013,sub_53531,1393.15,2024-05-22
inv_98014,sub_53455,1055.33,2024-02-15
inv_98015,sub_52446,738.41,2024-11-22
inv_98016,sub_50611,1138.0,2024-06-30
inv_98017,sub_53978,1420.37,2023-08-19
inv_98018,sub_51769,60.95,2023-04-18
inv_98019,sub_53160,133.63,2024-11-21
inv_98020,sub_50821,543.55,2023-08-05
inv_98021,sub_51460,852.03,2023-08-30
inv_98022,sub_53875,1482.51,2024-09-21
inv_98023,sub_51341,217.43,2024-05-28
inv_98024,sub_50250,97.45,2024-08-03
inv_98025,sub_51773,306.34,2024-06-22
inv_98026,sub_50168,1176.15,2023-02-02
inv_98027,sub_52346,806.69,2024-10-12
inv_98028,sub_51655,379.87,2023-03-21
inv_98030,sub_52537,352.97,2024-04-08
inv_98031,sub_50893,1202.81,2023-11-22
inv_98032,sub_50206,155.17,2023-08-03
inv_98033,sub_52127,82.12,2024-02-13
inv_98034,sub_50389,1042.53,2023-12-10
inv_98035,sub_52051,1146.23,2024-04-30
inv_98036,sub_50816,30.8,2024-09-08
inv_98037,sub_50738,1241.66,2024-11-06
inv_98038,sub_51137,1310.27,2024-07-25
inv_98039,sub_52530,251.84,2023-10-13
inv_98040,sub_52182,274.5,2023-06-27
inv_98041,sub_51213,703.23,2023-12-23
inv_98042,sub_52680,1494.59,2024-12-18
inv_98043,sub_50489,491.73,2023-12-12
inv_98044,sub_53629,956.65,2024-06-09
inv_98045,sub_53558,553.37,2024-07-25
inv_98046,sub_53122,878.17,2023-12-30
inv_98047,sub_52527,793.51,2023-04-06
inv_98048,sub_50364,941.23,2024-02-24
inv_98049,sub_52594,1421.65,2023-02-01
inv_98050,sub_50516,193.52,2023-08-13
inv_98051,sub_52139,646.18,2024-02-10
inv_98052,sub_53296,1363.29,2024-10-11
inv_98053,sub_53618,975.51,2024-12-13
inv_98054,sub_52224,366.71,2023-11-10
inv_98055,sub_52960,943.43,2023-11-25
inv_98056,sub_50595,1115.95,2024-11-23
inv_98057,sub_50409,233.53,2024-11-22
inv_98058,sub_53936,1481.62,2023-01-09
inv_98059,sub_51149,253.87,2023-01-18
inv_98061,sub_51166,585.64,2024-09-17
inv_98062,sub_52166,200.7,2023-11-15
inv_98063,sub_51218,366.21,2024-10-16
inv_98064,sub_51940,318.72,2024-09-13
inv_98065,sub_50205,69.39,2023-02-02
inv_98066,sub_51637,277.52,2024-09-05
inv_98067,sub_53901,1093.26,2023-03-27
inv_98068,sub_53527,1103.19,2024-09-15
inv_98069,sub_50192,403.82,2023-01-14
inv_98070,sub_52642,1341.83,2023-02-24
inv_98071,sub_51599,363.42,2023-04-26
inv_98072,sub_51149,710.25,2024-02-08
inv_98073,sub_52035,319.84,2023-02-20
inv_98074,sub_52952,926.73,2024-02-20
inv_98075,sub_51191,1406.92,2023-03-18
inv_98076,sub_53528,932.89,2023-03-18
inv_98077,sub_51283,851.11,2023-12-31
inv_98078,sub_50867,1338.34,2024-06-15
inv_98079,sub_52548,639.67,2024-04-21
inv_98080,sub_51028,598.96,2023-03-21
inv_98081,sub_53292,1424.99,2024-08-12
inv_98082,sub_51194,528.21,2023-06-09
inv_98083,sub_53348,975.84,2023-07-24
inv_98084,sub_52975,654.04,2023-04-18
inv_98085,sub_52488,33.07,2024-02-24
inv_98086,sub_50305,1080.52,2023-12-09
inv_98087,sub_51100,352.08,2023-10-31
inv_98088,sub_51038,198.04,2024-10-24
inv_98089,sub_50528,664.49,2023-06-16
inv_98090,sub_52640,1168.3,2024-03-04
inv_98092,sub_53972,1156.19,2024-03-02
inv_98093,sub_50839,418.66,2024-07-30
inv_98094,sub_51595,1234.44,2024-03-19
inv_98095,sub_50837,1343.22,2024-10-04
inv_98096,sub_52903,1458.52,2024-11-28
inv_98097,sub_50848,512.35,2023-05-09
inv_98098,sub_52878,1252.19,2023-06-21
inv_98099,sub_51872,1060.45,2023-09-26
inv_98100,sub_53574,799.31,2023-02-08
inv_98101,sub_51985,649.99,2024-02-27
inv_98102,sub_53713,1154.54,2023-02-17
inv_98103,sub_53797,1329.97,2024-08-02
inv_98104,sub_53081,622.72,2023-11-23
inv_98105,sub_53589,473.31,2024-12-27
inv_98106,sub_52996,1120.73,2024-10-05
inv_98107,sub_52347,265.65,2024-10-02
inv_98108,sub_51303,414.58,2024-08-12
inv_98109,sub_51382,1112.46,2023-03-12
inv_98110,sub_51855,1498.8,2023-11-01
inv_98111,sub_50681,1411.0,2024-08-25
inv_98112,sub_50985,290.4,2023-09-03
inv_98113,sub_52265,400.26,2024-07-12
inv_98114,sub_53300,722.04,2023-03-18
inv_98115,sub_50026,1298.16,2024-11-04
inv_98116,sub_53758,487.63,2023-09-14
inv_98117,sub_53427,816.19,2023-05-26
inv_98118,sub_53892,1333.76,2024-04-29
inv_98119,sub_53811,81.52,2024-03-04
inv_98120,sub_52445,1439.33,2024-07-20
inv_98121,sub_51879,986.22,2023-08-06
inv_98123,sub_50639,1362.59,2024-06-06
inv_98124,sub_51413,778.32,2023-02-25
inv_98125,sub_50623,1236.04,2023-01-01
inv_98126,sub_52128,254.57,2024-12-10
inv_98127,sub_52700,1008.58,2023-10-27
inv_98128,sub_51585,1391.76,2023-05-13
inv_98129,sub_52159,1352.54,2024-11-27
inv_98130,sub_52579,310.45,2024-06-13
inv_98131,sub_51477,737.2,2024-02-25
inv_98132,sub_50154,1092.66,2023-12-21
inv_98133,sub_53353,1136.95,2023-01-09
inv_98134,sub_51048,381.53,2023-08-09
inv_98135,sub_53075,922.86,2024-06-29
inv_98136,sub_53763,834.53,2023-03-27
inv_98137,sub_52672,1467.76,2024-03-16
inv_98138,sub_53795,876.07,2024-04-26
inv_98139,sub_51367,1233.82,2023-11-02
inv_98140,sub_51227,643.77,2023-10-04
inv_98141,sub_52591,1037.83,2024-12-27
inv_98142,sub_50210,750.64,2023-07-06
inv_98143,sub_53872,89.4,2024-04-23
inv_98144,sub_52712,778.41,2023-07-11
inv_98145,sub_52232,1427.96,2024-12-14
inv_98146,sub_51881,1112.02,2024-08-03
inv_98147,sub_52181,87.89,2024-09-18
inv_98148,sub_53701,1151.42,2024-06-07
inv_98149,sub_53134,1011.25,2024-08-14
inv_98150,sub_51361,353.79,2024-04-13
inv_98151,sub_51266,681.0,2024-02-04
inv_98152,sub_52556,326.6,2023-10-23
inv_98154,sub_51390,1232.44,2023-02-07
inv_98155,sub_52913,556.45,2024-12-31
inv_98156,sub_50888,740.49,2023-11-14
inv_98157,sub_52459,1424.34,2024-06-09
inv_98158,sub_51757,80.28,2024-01-19
inv_98159,sub_53582,1371.97,2023-05-23
inv_98160,sub_51473,125.49,2024-06-09
inv_98161,sub_51782,980.04,2024-09-18
inv_98162,sub_50207,1212.91,2023-12-25
inv_98163,sub_51436,46.01,2024-04-27
inv_98164,sub_52088,818.76,2023-08-21
inv_98165,sub_52376,866.92,2024-01-14
inv_98166,sub_52683,1148.18,2023-01-23
inv_98167,sub_53014,1135.44,2024-09-12
inv_98168,sub_53612,1399.78,2023-04-14
inv_98169,sub_52181,137.96,2024-09-19
inv_98170,sub_52996,1076.74,2024-06-25
inv_98171,sub_53657,995.38,2023-12-04
inv_98172,sub_53973,85.81,2023-06-23
inv_98173,sub_51738,1157.96,2023-06-08
inv_98174,sub_53613,804.17,2024-05-05
inv_98175,sub_52343,1365.81,2023-02-06
inv_98176,sub_53590,494.83,2024-09-19
inv_98177,sub_51836,348.68,2024-11-16
inv_98178,sub_53744,1051.63,2024-03-28
inv_98179,sub_51997,1448.07,2023-04-23
inv_98180,sub_50197,807.52,2024-07-17
inv_98181,sub_50436,382.35,2024-01-16
inv_98182,sub_51797,523.96,2023-10-04
inv_98183,sub_50411,49.43,2023-07-26
inv_98185,sub_52480,1491.34,2023-06-09
inv_98186,sub_50315,1387.7,2023-07-29
inv_98187,sub_52348,280.45,2024-06-28
inv_98188,sub_53681,197.47,2024-01-06
inv_98189,sub_50346,403.54,2023-05-16
inv_98190,sub_52585,391.63,2023-05-31
inv_98191,sub_52478,427.11,2023-06-13
inv_98192,sub_52610,937.27,2024-06-19
inv_98193,sub_52829,1168.01,2023-01-10
inv_98194,sub_51743,453.69,2023-07-30
inv_98195,sub_50957,827.78,2024-01-04
inv_98196,sub_50664,1444.76,2024-04-05
inv_98197,sub_52967,1444.37,2024-09-18
inv_98198,sub_53750,967.11,2023-09-26
inv_98199,sub_50437,912.6,2023-07-27
inv_98200,sub_51365,1399.77,2023-04-21
inv_98201,sub_52197,824.6,2023-07-04
inv_98202,sub_53725,787.83,2023-07-30
inv_98203,sub_50960,1232.08,2023-07-26
inv_98204,sub_53135,1186.97,2023-04-15
inv_98205,sub_53897,923.07,2023-05-06
inv_98206,sub_50646,165.54,2024-12-12
inv_98207,sub_51350,418.9,2024-10-12
inv_98208,sub_52175,1379.49,2024-07-08
inv_98209,sub_52690,918.34,2023-02-13
inv_98210,sub_52148,678.09,2024-01-30
inv_98211,sub_51998,1496.0,2023-03-02
inv_98212,sub_53459,937.46,2024-11-24
inv_98213,sub_51556,180.94,2023-10-02
inv_98214,sub_50886,488.87,2024-01-24
inv_98216,sub_53856,56.99,2023-06-06
inv_98217,sub_50965,290.11,2023-03-14
inv_98218,sub_50448,200.12,2023-12-08
inv_98219,sub_50062,788.01,2023-07-11
inv_98220,sub_53151,1355.83,2023-10-30
inv_98221,sub_52788,978.23,2024-06-06
inv_98222,sub_51718,976.16,2024-10-12
inv_98223,sub_50403,459.51,2024-02-24
inv_98224,sub_50891,551.34,2023-12-19
inv_98225,sub_51983,765.59,2023-10-06
inv_98226,sub_53841,148.72,2023-12-22
inv_98227,sub_53332,1196.63,2024-04-12
inv_98228,sub_51172,729.08,2023-12-19
inv_98229,sub_51410,849.74,2024-04-12
inv_98230,sub_52166,973.9,2023-11-24
inv_98231,sub_52042,591.04,2023-03-21
inv_98232,sub_51582,1220.03,2023-08-19
inv_98233,sub_51242,1329.56,2023-10-01
inv_98234,sub_52046,699.75,2024-07-21
inv_98235,sub_51831,367.8,2023-03-26
inv_98236,sub_53150,1140.15,2024-08-10
inv_98237,sub_51802,1326.22,2024-04-04
inv_98238,sub_53597,1317.36,2023-09-13
inv_98239,sub_50255,1421.19,2024-12-31
inv_98240,sub_51201,1248.8,2023-07-24
inv_98241,sub_51911,1249.28,2024-05-25
inv_98242,sub_51108,1362.16,2024-11-18
inv_98243,sub_52037,1312.92,2023-08-06
inv_98244,sub_50310,395.29,2023-08-11
inv_98245,sub_53816,876.38,2024-08-04
inv_98247,sub_52324,998.17,2024-06-22
inv_98248,sub_53757,1159.46,2024-11-27
inv_98249,sub_52705,1378.82,2024-10-11
inv_98250,sub_52471,1325.54,2023-08-26
inv_98251,sub_50154,674.01,2024-01-15
inv_98252,sub_50185,406.8,2023-12-08
inv_98253,sub_51910,1091.03,2024-08-01
inv_98254,sub_52617,669.05,2024-12-01
inv_98255,sub_53296,1264.2,2023-09-26
inv_98256,sub_53489,203.99,2023-11-12
inv_98257,sub_53661,500.21,2023-04-10
inv_98258,sub_52758,1241.96,2024-11-07
inv_98259,sub_52997,1032.89,2024-12-04
inv_98260,sub_51364,908.02,2024-09-19
inv_98261,sub_53494,386.62,2024-07-16
inv_98262,sub_51521,734.56,2024-12-11
inv_98263,sub_50298,901.65,2024-03-30
inv_98264,sub_51309,1227.57,2024-02-16
inv_98265,sub_51092,393.42,2024-04-02
inv_98266,sub_52176,502.94,2024-07-14
inv_98267,sub_52344,468.88,2023-09-18
inv_98268,sub_53818,310.64,2024-04-18
inv_98269,sub_53099,1262.34,2023-06-10
inv_98270,sub_53530,143.46,2023-01-23
inv_98271,sub_52106,858.63,2024-12-14
inv_98272,sub_53223,1483.24,2024-05-14
inv_98273,sub_53653,407.3,2023-12-30
inv_98274,sub_53017,1445.42,2023-11-14
inv_98275,sub_53609,1453.18,2023-02-15
inv_98276,sub_52049,1091.9,2023-11-02
inv_98278,sub_52799,196.33,2024-08-09
inv_98279,sub_52869,1386.69,2023-12-08
inv_98280,sub_50444,1355.28,2023-01-13
inv_98281,sub_51151,746.14,2023-05-06
inv_98282,sub_52093,660.32,2024-05-01
inv_98283,sub_50928,26.51,2024-01-03
inv_98284,sub_53050,1473.74,2024-01-31
inv_98285,sub_50718,580.19,2023-08-19
inv_98286,sub_52523,965.37,2023-10-01
inv_98287,sub_50354,1416.12,2023-04-01
inv_98288,sub_50988,1217.25,2024-11-17
inv_98289,sub_50168,143.3,2023-10-08
inv_98290,sub_52483,1006.59,2024-04-18
inv_98291,sub_50418,322.5,2024-12-18
inv_98292,sub_51773,403.6,2023-05-12
inv_98293,sub_51314,1472.68,2023-10-03
inv_98294,sub_50483,789.1,2023-12-16
inv_98295,sub_50074,793.32,2023-04-26
inv_98296,sub_52783,1077.2,2023-10-04
inv_98297,sub_52263,730.47,2024-04-29
inv_98298,sub_50826,1325.3,2024-05-02
inv_98299,sub_52609,850.76,2024-01-25
inv_98300,sub_51287,170.93,2024-08-11
inv_98301,sub_50852,1409.34,2024-10-22
inv_98302,sub_51451,1393.29,2024-12-14
inv_98303,sub_50569,556.83,2024-11-27
inv_98304,sub_51884,1227.7,2024-12-03
inv_98305,sub_51855,35.84,2023-10-15
inv_98306,sub_53114,581.97,2024-04-07
inv_98307,sub_50371,962.28,2023-08-19
inv_98309,sub_51806,1425.61,2024-10-11
inv_98310,sub_53754,1022.43,2024-01-04
inv_98311,sub_53285,691.27,2024-07-01
inv_98312,sub_52630,674.8,2024-08-06
inv_98313,sub_52766,363.32,2024-02-05
inv_98314,sub_50018,1230.46,2024-07-05
inv_98315,sub_53260,1344.2,2024-12-30
inv_98316,sub_52275,1174.84,2024-09-20
inv_98317,sub_50726,45.86,2023-07-14
inv_98318,sub_52070,270.06,2024-03-08
inv_98319,sub_50851,1228.58,2023-11-17
inv_98320,sub_53098,1059.66,2023-08-26
inv_98321,sub_50698,1177.79,2023-12-08
inv_98322,sub_52059,737.0,2024-07-14
inv_98323,sub_53716,793.03,2024-05-23
inv_98324,sub_50060,1354.23,2023-05-21
inv_98325,sub_50546,119.04,2024-10-10
inv_98326,sub_53856,412.32,2023-09-19
inv_98327,sub_53286,630.31,2023-11-15
inv_98328,sub_50421,1107.69,2023-04-24
inv_98329,sub_52695,582.92,2024-09-26
inv_98330,sub_52686,999.88,2023-12-13
inv_98331,sub_52328,481.8,2023-08-02
inv_98332,sub_53103,1094.59,2024-05-03
inv_98333,sub_51124,151.47,2024-08-20
inv_98334,sub_52405,1256.57,2024-12-07
inv_98335,sub_51208,1036.99,2023-09-23
inv_98336,sub_52848,1147.03,2023-05-30
inv_98337,sub_53999,774.6,2024-04-27
inv_98338,sub_51087,332.06,2023-09-21
inv_98340,sub_52423,648.81,2023-03-15
inv_98341,sub_53689,1351.73,2024-11-13
inv_98342,sub_51802,196.41,2023-09-01
inv_98343,sub_52513,598.26,2024-07-21
inv_98344,sub_50795,1311.56,2024-08-28
inv_98345,sub_50520,121.21,2024-03-14
inv_98346,sub_52987,248.59,2023-05-13
inv_98347,sub_52931,1238.0,2023-10-12
inv_98348,sub_50297,1456.33,2024-01-26
inv_98349,sub_51520,620.18,2024-05-01
inv_98350,sub_50811,1430.4,2024-11-09
inv_98351,sub_52799,655.11,2025-01-01
inv_98352,sub_50048,503.29,2023-03-10
inv_98353,sub_50033,1432.14,2023-06-18
inv_98354,sub_50510,701.47,2023-12-04
inv_98355,sub_51715,294.97,2024-09-06
inv_98356,sub_50603,325.61,2024-07-26
inv_98357,sub_50897,1102.51,2023-09-10
inv_98358,sub_50268,239.12,2024-03-04
inv_98359,sub_52984,735.15,2024-01-20
inv_98360,sub_53429,757.83,2024-05-24
inv_98361,sub_52996,1172.05,2024-03-24
inv_98362,sub_52357,1299.49,2024-07-20
inv_98363,sub_52423,49.51,2023-01-03
inv_98364,sub_52724,1325.8,2023-11-08
inv_98365,sub_52905,975.53,2024-06-09
inv_98366,sub_53726,431.94,2024-01-18
inv_98367,sub_50481,565.5,2024-09-15
inv_98368,sub_51546,899.54,2024-07-18
inv_98369,sub_53671,172.42,2023-05-15
inv_98371,sub_51167,862.34,2023-10-08
inv_98372,sub_50798,1394.21,2023-06-19
inv_98373,sub_52389,860.05,2023-07-12
inv_98374,sub_50625,514.32,2024-03-06
inv_98375,sub_50441,481.34,2023-08-16
inv_98376,sub_53446,794.2,2023-01-09
inv_98377,sub_51410,124.83,2023-11-26
inv_98378,sub_53905,766.85,2023-12-05
inv_98379,sub_53152,1009.38,2023-07-06
inv_98380,sub_51836,732.54,2023-08-14
inv_98381,sub_53114,452.39,2023-10-22
inv_98382,sub_53496,1054.96,2024-03-04
inv_98383,sub_51440,103.42,2024-03-20
inv_98384,sub_53377,1421.0,2023-09-09
inv_98385,sub_52105,277.75,2024-06-26
inv_98386,sub_50728,359.78,2024-02-27
inv_98387,sub_51703,813.83,2024-07-15
inv_98388,sub_51551,599.41,2024-12-09
inv_98389,sub_50336,548.92,2024-10-17
inv_98390,sub_51991,165.1,2024-03-30
inv_98391,sub_51810,630.35,2023-10-22
inv_98392,sub_51772,1452.54,2023-06-22
inv_98393,sub_53314,1046.03,2023-02-09
inv_98394,sub_53587,304.35,2024-02-25
inv_98395,sub_52825,581.28,2024-08-01
inv_98396,sub_51081,424.11,2024-01-27
inv_98397,sub_52507,747.83,2024-08-18
inv_98398,sub_51515,1204.65,2023-02-20
inv_98399,sub_50204,398.1,2024-05-02
inv_98400,sub_52549,631.31,2023-06-05
inv_98402,sub_52163,1424.11,2024-09-23
inv_98403,sub_51992,622.29,2024-10-17
inv_98404,sub_51539,975.23,2023-05-30
inv_98405,sub_52330,620.52,2024-09-19
inv_98406,sub_53546,1334.07,2024-07-24
inv_98407,sub_53259,133.6,2024-07-31
inv_98408,sub_53679,1413.66,2024-07-11
inv_98409,sub_50273,24.72,2024-04-05
inv_98410,sub_53530,178.72,2024-10-09
inv_98411,sub_51625,993.85,2023-06-07
inv_98412,sub_53628,191.17,2023-12-24
inv_98413,sub_51620,1238.17,2023-11-25
inv_98414,sub_52095,830.39,2024-07-17
inv_98415,sub_50083,252.08,2024-03-10
inv_98416,sub_50935,433.6,2023-04-19
inv_98417,sub_53777,1464.68,2024-11-05
inv_98418,sub_50467,1088.15,2024-11-05
inv_98419,sub_50957,604.63,2023-03-23
inv_98420,sub_52765,748.98,2024-03-18
inv_98421,sub_50739,1364.29,2024-02-01
inv_98422,sub_50020,162.32,2024-06-17
inv_98423,sub_50943,552.13,2024-05-02
inv_98424,sub_53949,1216.92,2023-10-10
inv_98425,sub_53929,203.88,2024-04-14
inv_98426,sub_50065,1094.43,2024-07-05
inv_98427,sub_51972,111.78,2023-09-23
inv_98428,sub_51497,32.44,2024-02-24
inv_98429,sub_53554,1335.11,2024-07-25
inv_98430,sub_53745,27.7,2024-02-09
inv_98431,sub_53399,856.72,2024-04-29
inv_98433,sub_51302,1374.83,2024-01-24
inv_98434,sub_52848,666.85,2024-02-10
inv_98435,sub_51042,1050.45,2023-12-02
inv_98436,sub_53573,1409.28,2024-01-03
inv_98437,sub_51874,42.02,2024-08-31
inv_98438,sub_52544,123.18,2023-02-22
inv_98439,sub_53419,1463.08,2024-09-13
inv_98440,sub_52297,1135.77,2023-12-22
inv_98441,sub_52605,134.53,2023-09-30
inv_98442,sub_53804,1009.79,2023-08-03
inv_98443,sub_53780,793.29,2024-12-22
inv_98444,sub_50311,1141.25,2024-12-11
inv_98445,sub_50125,393.96,2023-02-15
inv_98446,sub_53218,38.51,2023-12-05
inv_98447,sub_51636,1175.41,2024-11-19
inv_98448,sub_53269,1293.24,2024-07-30
inv_98449,sub_51219,1213.29,2024-12-29
inv_98450,sub_51358,348.18,2024-10-30
inv_98451,sub_50644,1220.73,2024-05-20
inv_98452,sub_53429,999.25,2023-09-22
inv_98453,sub_53486,151.76,2023-03-30
inv_98454,sub_52667,1411.61,2024-02-26
inv_98455,sub_53570,1270.64,2024-05-15
inv_98456,sub_53427,1479.75,2024-08-06
inv_98457,sub_51760,1359.58,2023-03-29
inv_98458,sub_52704,324.56,2023-10-09
inv_98459,sub_50822,1048.67,2024-08-16
inv_98460,sub_53665,606.46,2023-07-09
inv_98461,sub_53967,177.44,2024-09-12
inv_98462,sub_53800,748.83,2023-09-27
inv_98464,sub_50599,711.95,2023-05-09
inv_98465,sub_51807,1050.7,2024-01-19
inv_98466,sub_53212,117.93,2023-05-31
inv_98467,sub_50389,1272.26,2023-12-03
inv_98468,sub_51174,671.18,2023-03-07
inv_98469,sub_51743,1449.55,2024-08-29
inv_98470,sub_53009,614.32,2023-12-31
inv_98471,sub_51432,237.94,2024-07-04
inv_98472,sub_51613,284.02,2024-04-04
inv_98473,sub_51557,661.63,2023-10-03
inv_98474,sub_50550,1402.57,2024-04-01
inv_98475,sub_50122,36.95,2023-02-23
inv_98476,sub_50384,1190.12,2024-06-26
inv_98477,sub_53513,857.37,2023-10-08
inv_98478,sub_51891,1060.65,2023-12-20
inv_98479,sub_51844,1383.93,2024-02-11
inv_98480,sub_50665,113.26,2024-11-02
inv_98481,sub_50098,803.19,2024-10-17
inv_98482,sub_51674,373.11,2024-02-07
inv_98483,sub_50153,273.38,2024-08-10
inv_98484,sub_52946,625.68,2024-07-16
inv_98485,sub_51730,839.69,2024-12-25
inv_98486,sub_51753,94.05,2023-09-20
inv_98487,sub_53375,425.26,2024-09-08
inv_98488,sub_52725,907.49,2024-08-24
inv_98489,sub_53926,1366.75,2024-05-23
inv_98490,sub_51433,1259.13,2024-04-06
inv_98491,sub_53603,1244.83,2024-03-19
inv_98492,sub_50478,1483.09,2024-07-27
inv_98493,sub_51535,162.97,2024-06-06
inv_98495,sub_50718,89.88,2023-08-06
inv_98496,sub_52616,689.35,2024-06-11
inv_98497,sub_53237,153.37,2024-11-06
inv_98498,sub_53282,488.55,2023-04-07
inv_98499,sub_51209,115.98,2023-01-20
inv_98500,sub_52207,1048.75,2023-07-10
inv_98501,sub_53895,595.0,2023-11-25
inv_98502,sub_50581,1108.21,2024-01-06
inv_98503,sub_51825,550.51,2024-03-09
inv_98504,sub_52444,72.97,2024-07-17
inv_98505,sub_52757,272.7,2024-08-06
inv_98506,sub_53059,411.96,2024-06-26
inv_98507,sub_52813,90.25,2023-09-20
inv_98508,sub_52173,729.02,2023-10-07
inv_98509,sub_50047,486.21,2024-04-11
inv_98510,sub_50275,708.55,2024-12-26
inv_98511,sub_52144,1237.4,2024-04-10
inv_98512,sub_51400,1103.53,2024-08-26
inv_98513,sub_53586,405.87,2023-07-24
inv_98514,sub_51175,309.65,2024-01-13
inv_98515,sub_50734,35.28,2024-07-15
inv_98516,sub_52636,296.03,2024-06-05
inv_98517,sub_50204,970.17,2023-05-15
inv_98518,sub_53979,1315.3,2024-07-21
inv_98519,sub_50575,510.05,2024-03-05
inv_98520,sub_53885,1124.84,2023-06-21
inv_98521,sub_52191,142.52,2024-02-08
inv_98522,sub_51864,1102.12,2023-07-10
inv_98523,sub_53036,1012.35,2024-09-26
inv_98524,sub_53865,576.46,2024-02-13
inv_98526,sub_53359,28.1,2023-02-20
inv_98527,sub_50295,218.35,2023-08-27
inv_98528,sub_52899,411.84,2024-09-25
inv_98529,sub_53848,264.66,2024-11-07
inv_98530,sub_51992,950.7,2023-03-10
inv_98531,sub_53887,54.34,2023-08-11
inv_98532,sub_52843,737.8,2023-01-21
inv_98533,sub_53887,1111.27,2024-09-19
inv_98534,sub_53535,29.8,2023-08-01
inv_98535,sub_52029,750.07,2024-08-13
inv_98536,sub_52881,809.65,2023-03-08
inv_98537,sub_52499,1307.39,2024-01-03
inv_98538,sub_50624,819.17,2023-11-14
inv_98539,sub_51356,446.77,2023-03-04
inv_98540,sub_51566,425.6,2024-09-18
inv_98541,sub_52001,1319.0,2024-03-22
inv_98542,sub_52216,920.84,2024-08-26
inv_98543,sub_53540,1462.82,2023-03-01
inv_98544,sub_50870,238.34,2023-08-14
inv_98545,sub_53819,1059.12,2023-11-02
inv_98546,sub_52290,190.19,2023-11-29
inv_98547,sub_53568,41.79,2023-01-10
inv_98548,sub_50405,1160.4,2024-12-15
inv_98549,sub_52641,861.63,2024-12-12
inv_98550,sub_51588,903.01,2023-08-01
inv_98551,sub_52772,542.85,2023-03-27
inv_98552,sub_52403,769.71,2023-08-03
inv_98553,sub_50716,1383.16,2024-09-06
inv_98554,sub_52283,1365.89,2024-09-01
inv_98555,sub_51012,651.02,2023-11-28
inv_98557,sub_50958,576.24,2023-06-26
inv_98558,sub_51666,1075.0,2023-07-24
inv_98559,sub_51836,1292.31,2024-04-08
inv_98560,sub_53469,1277.74,2023-11-21
inv_98561,sub_53898,1454.39,2024-12-12
inv_98562,sub_53092,812.75,2024-08-06
inv_98563,sub_50944,755.0,2023-02-17
inv_98564,sub_50798,1272.74,2024-05-03
inv_98565,sub_50574,1306.8,2023-05-18
inv_98566,sub_53048,203.27,2024-05-31
inv_98567,sub_52131,1396.38,2024-09-11
inv_98568,sub_53849,325.75,2023-03-18
inv_98569,sub_53283,1397.61,2023-11-12
inv_98570,sub_52291,1391.48,2024-12-12
inv_98571,sub_53971,1120.19,2024-09-12
inv_98572,sub_51276,712.37,2024-02-04
inv_98573,sub_52457,995.38,2023-09-03
inv_98574,sub_53457,228.25,2024-04-26
inv_98575,sub_50746,580.34,2023-10-17
inv_98576,sub_53671,440.92,2024-09-16
inv_98577,sub_53396,65.19,2023-05-19
inv_98578,sub_51440,1017.59,2024-10-26
inv_98579,sub_50518,801.34,2023-08-23
inv_98580,sub_52398,1117.74,2023-02-05
inv_98581,sub_52325,850.5,2023-01-02
inv_98582,sub_50636,526.28,2023-08-29
inv_98583,sub_53753,563.46,2023-09-13
inv_98584,sub_51262,1395.17,2023-10-19
inv_98585,sub_51812,1398.94,2024-11-17
inv_98586,sub_50403,236.89,2023-11-06
inv_98588,sub_52209,755.69,2023-06-30
inv_98589,sub_51772,779.17,2024-02-25
inv_98590,sub_51295,1453.48,2024-01-09
inv_98591,sub_53370,1111.21,2023-01-15
inv_98592,sub_53873,551.29,2023-05-17
inv_98593,sub_52124,433.97,2023-01-10
inv_98594,sub_51227,1343.76,2023-09-07
inv_98595,sub_52672,1235.06,2023-06-03
inv_98596,sub_51127,639.56,2024-01-04
inv_98597,sub_50650,253.53,2023-08-22
inv_98598,sub_52508,446.65,2023-02-12
inv_98599,sub_53925,542.5,2023-09-12
inv_98600,sub_53208,1103.25,2023-04-15
inv_98601,sub_52667,1339.74,2024-07-02
inv_98602,sub_51533,455.6,2023-09-06
inv_98603,sub_53234,746.02,2023-07-09
inv_98604,sub_53418,964.59,2024-10-16
inv_98605,sub_50701,494.08,2024-10-26
inv_98606,sub_52312,464.53,2023-12-17
inv_98607,sub_52180,1342.91,2024-11-14
inv_98608,sub_50776,816.79,2024-10-03
inv_98609,sub_52644,1415.42,2023-07-10
inv_98610,sub_50363,457.79,2023-12-25
inv_98611,sub_51870,1050.19,2024-09-30
inv_98612,sub_51367,725.89,2024-02-07
inv_98613,sub_52020,610.61,2023-06-27
inv_98614,sub_53152,1357.03,2023-10-18
inv_98615,sub_51153,94.61,2023-03-20
inv_98616,sub_50439,1356.9,2023-10-23
inv_98617,sub_50794,285.14,2023-02-19
inv_98619,sub_52154,780.39,2023-08-18
inv_98620,sub_53659,726.1,2023-04-18
inv_98621,sub_52015,1204.05,2024-06-17
inv_98622,sub_53463,668.77,2023-11-15
inv_98623,sub_51217,134.01,2023-12-26
inv_98624,sub_53357,1087.07,2024-01-10
inv_98625,sub_51644,845.47,2023-05-22
inv_98626,sub_52280,1442.46,2024-02-05
inv_98627,sub_53855,1095.98,2023-02-23
inv_98628,sub_51947,392.04,2023-12-06
inv_98629,sub_53308,297.27,2024-06-06
inv_98630,sub_51538,701.62,2024-01-11
inv_98631,sub_51366,442.4,2023-06-12
inv_98632,sub_52825,821.5,2024-08-03
inv_98633,sub_50698,477.9,2023-07-09
inv_98634,sub_53859,1249.78,2024-10-09
inv_98635,sub_52812,50.9,2024-06-29
inv_98636,sub_50373,711.9,2024-05-22
inv_98637,sub_53476,562.76,2023-12-24
inv_98638,sub_53128,220.61,2024-06-02
inv_98639,sub_52306,349.7,2023-11-14
inv_98640,sub_50706,528.52,2024-01-31
inv_98641,sub_50748,1158.4,2024-04-02
inv_98642,sub_51200,172.21,2024-12-05
inv_98643,sub_50347,1018.07,2023-07-05
inv_98644,sub_53892,180.81,2024-08-03
inv_98645,sub_51303,1284.88,2023-04-30
inv_98646,sub_50446,612.71,2023-07-26
inv_98647,sub_51810,407.01,2024-11-13
inv_98648,sub_53360,914.13,2024-03-17
inv_98650,sub_52656,273.28,2023-06-29
inv_98651,sub_50388,511.45,2023-11-09
inv_98652,sub_50528,378.51,2024-09-18
inv_98653,sub_52489,366.71,2024-10-19
inv_98654,sub_51093,1478.35,2024-03-30
inv_98655,sub_51358,818.35,2023-07-30
inv_98656,sub_51907,433.58,2023-05-09
inv_98657,sub_52626,741.84,2024-07-11
inv_98658,sub_53550,44.36,2024-10-13
inv_98659,sub_50518,1120.17,2023-01-22
inv_98660,sub_52459,1195.26,2023-06-18
inv_98661,sub_51804,518.37,2024-01-06
inv_98662,sub_52279,942.39,2024-10-25
inv_98663,sub_53618,551.35,2023-08-12
inv_98664,sub_50219,402.99,2024-11-22
inv_98665,sub_52684,1466.47,2023-04-22
inv_98666,sub_52848,392.41,2023-11-03
inv_98667,sub_51658,866.66,2023-08-02
inv_98668,sub_51964,162.24,2024-08-16
inv_98669,sub_53335,886.06,2024-09-16
inv_98670,sub_51640,423.02,2023-04-03
inv_98671,sub_50686,399.91,2024-01-09
inv_98672,sub_51591,1188.96,2024-07-03
inv_98673,sub_52809,1210.68,2024-09-02
inv_98674,sub_53647,113.96,2023-04-20
inv_98675,sub_53192,227.92,2023-03-21
inv_98676,sub_52420,685.6,2023-09-30
inv_98677,sub_53573,234.87,2024-09-23
inv_98678,sub_51107,190.46,2023-03-14
inv_98679,sub_53170,1477.9,2024-04-07
inv_98681,sub_52683,646.55,2023-01-17
inv_98682,sub_50955,790.72,2024-08-04
inv_98683,sub_50117,201.06,2023-04-13
inv_98684,sub_52026,176.59,2024-05-04
inv_98685,sub_50368,805.44,2023-08-25
inv_98686,sub_51703,1217.62,2023-03-18
inv_98687,sub_50920,1072.01,2024-04-04
inv_98688,sub_52484,246.21,2024-08-08
inv_98689,sub_50176,346.98,2023-05-29
inv_98690,sub_53060,784.72,2024-05-19
inv_98691,sub_53193,955.52,2024-05-07
inv_98692,sub_53476,1482.78,2024-06-08
inv_98693,sub_51280,595.9,2024-01-25
inv_98694,sub_53835,1079.57,2023-04-28
inv_98695,sub_51124,807.88,2024-10-14
inv_98696,sub_53536,1409.44,2024-06-20
inv_98697,sub_50273,559.88,2024-12-21
inv_98698,sub_50953,291.83,2024-12-18
inv_98699,sub_50417,63.64,2024-04-25
inv_98700,sub_52781,359.46,2024-11-21
inv_98701,sub_51485,1315.42,2024-06-10
inv_98702,sub_50800,1312.24,2023-03-20
inv_98703,sub_53677,1223.2,2024-03-22
inv_98704,sub_50615,1326.82,2023-06-14
inv_98705,sub_52100,1228.6,2024-09-01
inv_98706,sub_52724,186.48,2024-08-28
inv_98707,sub_51225,73.59,2024-08-07
inv_98708,sub_53987,576.17,2024-02-28
inv_98709,sub_51362,1193.55,2023-01-24
inv_98710,sub_52213,1060.3,2024-05-27
inv_98712,sub_50847,165.11,2023-04-29
inv_98713,sub_52256,644.14,2024-09-10
inv_98714,sub_50253,879.63,2023-04-26
inv_98715,sub_51655,597.16,2024-01-31
inv_98716,sub_51775,525.68,2024-10-18
inv_98717,sub_50226,1266.45,2024-01-10
inv_98718,sub_51656,1322.91,2023-09-16
inv_98719,sub_51341,1436.68,2023-12-11
inv_98720,sub_50805,786.0,2023-03-31
inv_98721,sub_52793,95.97,2023-02-07
inv_98722,sub_51094,246.99,2024-06-03
inv_98723,sub_51485,607.89,2024-07-16
inv_98724,sub_51475,159.8,2023-09-08
inv_98725,sub_53622,720.56,2024-09-22
inv_98726,sub_51984,1218.52,2024-05-16
inv_98727,sub_51327,1259.25,2023-12-30
inv_98728,sub_52148,1251.03,2023-10-17
inv_98729,sub_50941,29.32,2023-05-30
inv_98730,sub_50789,1154.64,2023-10-21
inv_98731,sub_51429,920.69,2024-08-29
inv_98732,sub_52329,1336.29,2023-06-09
inv_98733,sub_51987,423.37,2024-02-16
inv_98734,sub_52724,1283.25,2024-03-08
inv_98735,sub_50702,1008.42,2024-02-24
inv_98736,sub_53267,1049.11,2024-06-30
inv_98737,sub_51298,1489.98,2023-12-04
inv_98738,sub_53106,680.61,2024-03-03
inv_98739,sub_50023,508.41,2024-04-29
inv_98740,sub_52265,1347.22,2023-04-29
inv_98741,sub_51855,594.27,2024-09-12
inv_98743,sub_51127,69.79,2024-06-11
inv_98744,sub_50517,160.09,2023-10-14
inv_98745,sub_52346,566.91,2024-07-01
inv_98746,sub_53140,1193.97,2023-02-08
inv_98747,sub_51652,419.37,2023-12-09
inv_98748,sub_52445,1238.63,2024-08-21
inv_98749,sub_51752,363.02,2024-06-30
inv_98750,sub_53983,796.37,2024-10-16
inv_98751,sub_50469,946.5,2024-04-29
inv_98752,sub_52441,1442.4,2024-06-07
inv_98753,sub_53850,977.17,2023-07-15
inv_98754,sub_53641,534.5,2024-08-25
inv_98755,sub_51789,1448.5,2023-01-21
inv_98756,sub_53234,862.51,2024-06-02
inv_98757,sub_51590,1360.86,2023-12-07
inv_98758,sub_53564,1018.24,2023-12-08
inv_98759,sub_51451,766.51,2023-11-03
inv_98760,sub_52712,695.97,2024-10-25
inv_98761,sub_52787,173.94,2023-07-08
inv_98762,sub_51513,189.85,2024-05-03
inv_98763,sub_51395,341.8,2023-02-12
inv_98764,sub_53693,885.6,2024-01-04
inv_98765,sub_52210,1042.81,2023-10-04
inv_98766,sub_52329,111.64,2023-05-16
inv_98767,sub_52160,893.21,2023-04-08
inv_98768,sub_53063,109.98,2023-04-13
inv_98769,sub_52972,1154.87,2023-02-17
inv_98770,sub_52453,708.11,2024-11-15
inv_98771,sub_53242,1006.07,2023-06-24
inv_98772,sub_52406,312.43,2024-02-07
inv_98774,sub_51226,1344.26,2023-02-02
inv_98775,sub_52930,452.47,2024-08-17
inv_98776,sub_50830,1250.47,2024-03-26
inv_98777,sub_50840,1461.67,2023-06-28
inv_98778,sub_51569,69.68,2023-01-11
inv_98779,sub_52081,281.27,2024-03-28
inv_98780,sub_53825,287.71,2023-07-26
inv_98781,sub_52195,843.48,2024-02-17
inv_98782,sub_53166,1028.01,2023-12-04
inv_98783,sub_51653,640.79,2023-10-31
inv_98784,sub_52767,805.0,2023-05-22
inv_98785,sub_50243,211.39,2024-11-03
inv_98786,sub_51555,341.69,2024-01-24
inv_98787,sub_53082,917.26,2024-06-14
inv_98788,sub_50160,37.83,2024-10-19
inv_98789,sub_53552,394.02,2024-11-08
inv_98790,sub_52452,1245.73,2024-02-21
inv_98791,sub_52285,1276.16,2024-07-18
inv_98792,sub_52746,1056.33,2023-03-06
inv_98793,sub_53849,635.25,2024-10-29
inv_98794,sub_53713,191.38,2024-03-19
inv_98795,sub_53800,1296.82,2024-11-08
inv_98796,sub_50803,939.22,2024-09-27
inv_98797,sub_50825,170.37,2024-04-20
inv_98798,sub_51005,1401.42,2023-08-20
inv_98799,sub_50197,1313.54,2024-12-29
inv_98800,sub_52714,769.98,2024-06-05
inv_98801,sub_52529,377.44,2024-05-09
inv_98802,sub_52019,674.24,2023-02-22
inv_98803,sub_51228,1232.47,2023-12-25
inv_98805,sub_50498,860.85,2023-12-17
inv_98806,sub_50714,884.5,2023-09-01
inv_98807,sub_50111,637.47,2024-09-13
inv_98808,sub_53710,559.98,2024-09-19
inv_98809,sub_51215,1052.69,2024-09-06
inv_98810,sub_52020,471.56,2024-10-18
inv_98811,sub_53831,187.67,2023-11-28
inv_98812,sub_50433,803.4,2023-08-12
inv_98813,sub_51618,558.76,2024-01-18
inv_98814,sub_53537,1459.64,2023-12-22
inv_98815,sub_53278,440.05,2023-09-02
inv_98816,sub_51195,518.28,2023-07-01
inv_98817,sub_50054,247.83,2025-01-01
inv_98818,sub_53550,176.93,2023-10-28
inv_98819,sub_53591,844.33,2023-02-26
inv_98820,sub_50708,434.83,2023-08-12
inv_98821,sub_50809,760.88,2023-09-01
inv_98822,sub_50740,780.11,2023-07-07
inv_98823,sub_52262,951.56,2024-11-29
inv_98824,sub_50869,498.73,2024-11-02
inv_98825,sub_52461,398.87,2023-04-19
inv_98826,sub_51811,368.3,2024-03-26
inv_98827,sub_53421,129.07,2024-07-11
inv_98828,sub_51250,554.52,2024-05-16
inv_98829,sub_53505,528.06,2024-01-28
inv_98830,sub_52661,281.92,2024-07-23
inv_98831,sub_51342,722.19,2023-10-05
inv_98832,sub_50798,332.11,2023-04-24
inv_98833,sub_51699,433.99,2024-07-02
inv_98834,sub_52427,611.13,2023-03-11
inv_98836,sub_53562,51.37,2024-05-15
inv_98837,sub_51163,1066.71,2023-09-01
inv_98838,sub_52365,822.54,2024-08-01
inv_98839,sub_53575,810.4,2023-02-08
inv_98840,sub_52530,27.99,2023-12-20
inv_98841,sub_50198,462.85,2023-09-01
inv_98842,sub_52981,349.84,2024-01-10
inv_98843,sub_53045,860.19,2024-08-10
inv_98844,sub_52553,835.06,2024-10-28
inv_98845,sub_52049,1184.93,2023-01-07
inv_98846,sub_51089,621.08,2024-06-30
inv_98847,sub_50273,507.98,2023-09-13
inv_98848,sub_53923,335.27,2024-01-22
inv_98849,sub_52066,765.31,2024-12-16
inv_98850,sub_50897,87.36,2024-11-17
inv_98851,sub_50443,1484.36,2024-02-25
inv_98852,sub_53040,31.1,2024-02-28
inv_98853,sub_51145,143.46,2024-02-01
inv_98854,sub_52089,1192.96,2024-11-10
inv_98855,sub_52951,384.32,2024-05-15
inv_98856,sub_52760,653.71,2023-09-02
inv_98857,sub_53300,125.94,2023-04-27
inv_98858,sub_52326,1166.83,2024-08-26
inv_98859,sub_50696,1084.66,2023-05-03
inv_98860,sub_52062,385.95,2023-03-30
inv_98861,sub_52852,622.58,2024-06-04
inv_98862,sub_52198,709.77,2024-01-04
inv_98863,sub_53313,377.27,2023-03-27
inv_98864,sub_52141,1474.9,2024-04-06
inv_98865,sub_52264,1435.2,2023-08-08
inv_98867,sub_51170,1146.35,2024-04-17
inv_98868,sub_52904,225.48,2024-11-26
inv_98869,sub_51647,689.38,2023-12-20
inv_98870,sub_53484,85.12,2023-11-25
inv_98871,sub_53816,530.59,2024-06-09
inv_98872,sub_52295,938.84,2023-02-12
inv_98873,sub_52635,520.02,2023-07-19
inv_98874,sub_50665,491.8,2024-05-22
inv_98875,sub_51423,921.58,2024-05-06
inv_98876,sub_52721,481.32,2024-07-13
inv_98877,sub_53507,1007.58,2024-07-11
inv_98878,sub_51988,1227.62,2024-09-07
inv_98879,sub_51817,1338.72,2023-11-10
inv_98880,sub_50751,284.71,2023-02-10
inv_98881,sub_50656,468.93,2023-12-09
inv_98882,sub_52715,793.28,2023-02-25
inv_98883,sub_50701,1079.79,2025-01-01
inv_98884,sub_53863,746.91,2023-02-04
inv_98885,sub_52897,1352.87,2023-10-03
inv_98886,sub_50124,234.64,2023-09-23
inv_98887,sub_52654,1463.25,2024-06-04
inv_98888,sub_51978,868.44,2024-05-10
inv_98889,sub_52068,501.22,2023-06-05
inv_98890,sub_53701,1320.07,2024-12-16
inv_98891,sub_52987,1366.02,2024-02-04
inv_98892,sub_52285,1334.33,2024-05-20
inv_98893,sub_53158,1033.17,2023-09-18
inv_98894,sub_53819,870.24,2024-03-17
inv_98895,sub_52398,603.9,2024-12-15
inv_98896,sub_53482,42.64,2024-01-08
inv_98898,sub_52287,502.88,2023-01-04
inv_98899,sub_53960,124.28,2023-04-15
inv_98900,sub_52187,1490.24,2023-10-05
inv_98901,sub_52757,240.54,2024-10-06
inv_98902,sub_50756,647.56,2023-01-20
inv_98903,sub_51289,1268.4,2024-05-11
inv_98904,sub_52517,512.39,2024-07-30
inv_98905,sub_50554,122.67,2023-04-14
inv_98906,sub_52585,722.37,2024-08-15
inv_98907,sub_51467,239.61,2023-04-21
inv_98908,sub_51153,1370.81,2023-06-04
inv_98909,sub_53340,96.12,2024-05-24
inv_98910,sub_53427,527.83,2024-10-08
inv_98911,sub_53116,914.26,2024-03-31
inv_98912,sub_53429,725.25,2024-03-06
inv_98913,sub_51273,1370.28,2023-02-08
inv_98914,sub_50212,677.62,2023-02-01
inv_98915,sub_50856,1440.36,2024-12-22
inv_98916,sub_53109,245.92,2024-07-05
inv_98917,sub_53498,1071.44,2024-04-02
inv_98918,sub_53668,1453.99,2024-12-31
inv_98919,sub_52178,252.03,2023-11-24
inv_98920,sub_52677,931.8,2023-04-16
inv_98921,sub_50577,190.41,2024-04-25
inv_98922,sub_52175,541.93,2023-02-22
inv_98923,sub_52614,471.55,2024-02-08
inv_98924,sub_52248,97.92,2024-09-23
inv_98925,sub_52233,692.28,2024-12-22
inv_98926,sub_51394,55.61,2023-10-25
inv_98927,sub_50538,1050.68,2024-01-30
inv_98929,sub_50292,694.83,2024-01-30
inv_98930,sub_51852,1235.87,2024-03-26
inv_98931,sub_52009,143.51,2024-05-10
inv_98932,sub_51347,911.6,2023-08-31
inv_98933,sub_50133,1267.01,2023-01-29
inv_98934,sub_51565,197.78,2024-04-11
inv_98935,sub_52038,813.95,2024-09-16
inv_98936,sub_53427,435.67,2023-09-19
inv_98937,sub_51510,1316.74,2023-03-31
inv_98938,sub_52715,1300.35,2024-10-21
inv_98939,sub_51972,1164.78,2023-02-07
inv_98940,sub_50899,110.51,2024-02-04
inv_98941,sub_52979,1082.37,2024-05-12
inv_98942,sub_50913,1467.85,2023-09-08
inv_98943,sub_53334,903.01,2023-04-20
inv_98944,sub_51361,841.38,2023-09-16
inv_98945,sub_50832,1295.78,2023-02-14
inv_98946,sub_50467,361.59,2023-03-06
inv_98947,sub_50999,433.97,2024-07-20
inv_98948,sub_51955,1321.8,2023-07-04
inv_98949,sub_50535,1453.44,2023-10-06
inv_98950,sub_53137,883.98,2024-09-14
inv_98951,sub_53377,338.9,2023-05-29
inv_98952,sub_51232,1061.02,2023-10-25
inv_98953,sub_50932,892.14,2023-10-05
inv_98954,sub_50078,192.34,2023-11-09
inv_98955,sub_53790,1019.38,2024-06-17
inv_98956,sub_50041,689.19,2023-10-03
inv_98957,sub_52171,760.38,2023-04-25
inv_98958,sub_52504,285.41,2024-04-16
inv_98960,sub_52579,764.17,2023-06-26
inv_98961,sub_53645,838.21,2024-12-29
inv_98962,sub_50640,1141.65,2023-01-30
inv_98963,sub_52602,924.08,2024-09-20
inv_98964,sub_53608,1448.01,2023-11-02
inv_98965,sub_50561,421.47,2024-11-28
inv_98966,sub_53997,122.71,2023-12-30
inv_98967,sub_50744,1444.23,2024-08-20
inv_98968,sub_53623,1307.15,2024-08-06
inv_98969,sub_52408,1027.16,2024-10-04
inv_98970,sub_53909,883.72,2023-09-18
inv_98971,sub_50769,1450.34,2023-01-08
inv_98972,sub_53191,109.48,2024-10-31
inv_98973,sub_50126,623.31,2024-06-18
inv_98974,sub_52943,828.11,2024-10-31
inv_98975,sub_52419,1038.3,2024-06-01
inv_98976,sub_53989,476.21,2023-11-25
inv_98977,sub_52356,526.07,2024-06-08
inv_98978,sub_51613,522.17,2024-01-23
inv_98979,sub_50449,393.57,2023-07-13
inv_98980,sub_53160,502.88,2024-10-27
inv_98981,sub_51077,57.01,2024-02-19
inv_98982,sub_53546,60.54,2023-12-11
inv_98983,sub_50870,291.85,2024-07-24
inv_98984,sub_53127,1397.19,2024-08-28
inv_98985,sub_53603,1414.42,2023-10-31
inv_98986,sub_52197,1197.68,2024-09-30
inv_98987,sub_52023,121.51,2023-03-16
inv_98988,sub_50030,638.36,2024-06-25
inv_98989,sub_53413,331.57,2024-04-21
inv_98991,sub_53675,841.13,2023-08-04
inv_98992,sub_52574,403.89,2023-07-10
inv_98993,sub_53492,954.02,2023-02-23
inv_98994,sub_52130,951.92,2023-10-27
inv_98995,sub_51449,725.96,2023-08-06
inv_98996,sub_50029,682.69,2023-04-17
inv_98997,sub_50238,1434.0,2023-12-02
inv_98998,sub_53006,1055.94,2023-05-29
inv_98999,sub_52755,905.68,2023-12-18
inv_99000,sub_51842,1012.7,2024-07-28
inv_99001,sub_51833,365.38,2024-11-21
inv_99002,sub_50800,1422.94,2023-03-16
inv_99003,sub_53263,684.64,2024-12-01
inv_99004,sub_50637,1118.73,2024-12-30
inv_99005,sub_50037,543.05,2023-09-18
inv_99006,sub_52960,1413.91,2024-01-25
inv_99007,sub_51492,675.22,2023-10-07
inv_99008,sub_51582,600.8,2024-01-23
inv_99009,sub_50589,1173.29,2023-04-16
inv_99010,sub_50838,114.29,2024-12-19
inv_99011,sub_51153,90.15,2023-08-23
inv_99012,sub_53338,1100.67,2024-02-11
inv_99013,sub_51410,382.98,2023-08-30
inv_99014,sub_53804,354.69,2024-08-01
inv_99015,sub_53513,684.85,2024-01-12
inv_99016,sub_50208,387.15,2024-03-25
inv_99017,sub_53650,556.11,2023-09-05
inv_99018,sub_50999,537.28,2024-11-02
inv_99019,sub_51073,944.96,2024-11-06
inv_99020,sub_50755,81.5,2024-01-25
inv_99022,sub_50480,918.06,2023-07-20
inv_99023,sub_52614,1159.38,2023-11-07
inv_99024,sub_51245,338.77,2024-03-16
inv_99025,sub_51516,1041.58,2023-04-25
inv_99026,sub_53092,501.27,2023-06-10
inv_99027,sub_52035,643.64,2023-07-28
inv_99028,sub_52590,931.02,2024-03-23
inv_99029,sub_52797,783.77,2023-03-21
inv_99030,sub_51116,982.93,2023-08-07
inv_99031,sub_51976,1174.5,2023-10-10
inv_99032,sub_53044,764.43,2024-01-14
inv_99033,sub_50413,301.85,2023-08-16
inv_99034,sub_53598,803.35,2023-09-20
inv_99035,sub_53962,347.39,2024-12-26
inv_99036,sub_53779,624.91,2023-03-17
inv_99037,sub_53538,1236.32,2023-07-19
inv_99038,sub_51473,1043.14,2024-12-30
inv_99039,sub_53102,1319.57,2024-07-11
inv_99040,sub_52258,424.69,2024-05-20
inv_99041,sub_53760,709.71,2024-11-19
inv_99042,sub_51311,56.86,2023-06-19
inv_99043,sub_52579,899.23,2023-12-26
inv_99044,sub_52737,1166.22,2024-09-22
inv_99045,sub_52552,826.63,2024-09-08
inv_99046,sub_50030,1171.78,2023-03-05
inv_99047,sub_50315,188.28,2024-07-03
inv_99048,sub_50420,865.95,2023-01-30
inv_99049,sub_51482,273.19,2023-12-10
inv_99050,sub_53801,847.26,2024-08-24
inv_99051,sub_50937,1088.35,2023-02-14
inv_99053,sub_51792,872.44,2024-12-01
inv_99054,sub_50164,768.87,2024-05-04
inv_99055,sub_53653,750.94,2024-07-20
inv_99056,sub_53803,83.37,2024-05-26
inv_99057,sub_51217,518.05,2023-09-07
inv_99058,sub_51125,714.0,2024-10-14
inv_99059,sub_53465,372.81,2023-06-21
inv_99060,sub_53024,1446.61,2023-09-03
inv_99061,sub_50249,74.3,2023-08-04
inv_99062,sub_53089,75.71,2023-08-09
inv_99063,sub_50942,845.61,2024-10-05
inv_99064,sub_50427,655.17,2023-06-08
inv_99065,sub_50630,236.91,2023-10-06
inv_99066,sub_52728,248.1,2023-04-01
inv_99067,sub_51937,839.22,2024-11-12
inv_99068,sub_50748,1050.08,2024-03-28
inv_99069,sub_53841,127.97,2023-02-28
inv_99070,sub_53113,546.49,2023-01-27
inv_99071,sub_53438,993.03,2024-12-22
inv_99072,sub_52721,842.72,2023-08-25
inv_99073,sub_50692,544.12,2023-11-20
inv_99074,sub_50371,245.4,2023-07-29
inv_99075,sub_52943,1024.24,2023-08-09
inv_99076,sub_53973,90.57,2023-09-12
inv_99077,sub_50921,940.25,2023-07-18
inv_99078,sub_50879,1399.27,2024-03-18
inv_99079,sub_50590,275.75,2023-09-15
inv_99080,sub_50580,394.38,2023-02-04
inv_99081,sub_53101,1050.97,2024-05-10
inv_99082,sub_51143,1218.66,2024-01-06
inv_99084,sub_51072,1458.73,2023-09-02
inv_99085,sub_52249,316.77,2023-08-16
inv_99086,sub_53626,1297.75,2024-02-14
inv_99087,sub_51948,1340.15,2024-04-01
inv_99088,sub_51746,259.97,2024-06-13
inv_99089,sub_50073,1029.44,2024-08-31
inv_99090,sub_52791,878.45,2024-02-22
inv_99091,sub_50077,525.49,2023-11-13
inv_99092,sub_53951,958.56,2023-01-11
inv_99093,sub_52299,955.37,2024-05-24
inv_99094,sub_53394,1149.45,2024-12-15
inv_99095,sub_50445,46.25,2023-05-27
inv_99096,sub_51821,523.99,2024-05-22
inv_99097,sub_52285,916.04,2024-02-28
inv_99098,sub_53777,819.74,2024-11-22
inv_99099,sub_52035,826.8,2023-05-04
inv_99100,sub_51776,436.02,2023-02-20
inv_99101,sub_50514,1435.12,2023-11-09
inv_99102,sub_53263,1276.42,2023-07-17
inv_99103,sub_53041,774.43,2024-08-05
inv_99104,sub_51785,1310.41,2023-12-07
inv_99105,sub_50787,973.89,2024-10-31
inv_99106,sub_51934,1367.64,2024-02-14
inv_99107,sub_50881,93.49,2023-06-18
inv_99108,sub_52924,822.5,2023-05-13
inv_99109,sub_51906,1140.18,2023-12-30
inv_99110,sub_53435,693.26,2023-08-10
inv_99111,sub_50436,1194.42,2024-07-24
inv_99112,sub_53545,283.31,2024-09-25
inv_99113,sub_50438,1293.44,2023-07-23
inv_99115,sub_52287,581.36,2023-03-03
inv_99116,sub_51839,861.67,2024-05-14
inv_99117,sub_51160,1443.28,2023-05-22
inv_99118,sub_50651,1480.85,2023-06-18
inv_99119,sub_50554,504.41,2023-11-05
inv_99120,sub_51537,1355.22,2024-10-27
inv_99121,sub_53362,385.02,2024-02-17
inv_99122,sub_53573,992.06,2024-11-17
inv_99123,sub_53767,932.24,2023-05-20
inv_99124,sub_51553,628.56,2023-04-16
inv_99125,sub_52461,733.89,2024-08-05
inv_99126,sub_51610,311.56,2023-07-20
inv_99127,sub_50013,289.33,2023-10-22
inv_99128,sub_50377,484.78,2024-12-14
inv_99129,sub_52542,849.87,2023-10-04
inv_99130,sub_52413,660.17,2024-12-07
inv_99131,sub_52407,401.28,2024-11-08
inv_99132,sub_53339,1186.51,2024-04-08
inv_99133,sub_50436,1339.0,2024-02-16
inv_99134,sub_52036,570.58,2024-02-01
inv_99135,sub_52344,1003.42,2024-06-06
inv_99136,sub_51485,964.54,2023-11-10
inv_99137,sub_52661,1469.48,2023-09-13
inv_99138,sub_53240,1467.2,2023-01-20
inv_99139,sub_52433,1191.53,2024-05-30
inv_99140,sub_52457,1133.11,2024-07-17
inv_99141,sub_50333,502.79,2023-02-23
inv_99142,sub_52721,581.51,2023-10-28
inv_99143,sub_50241,1227.05,2023-08-09
inv_99144,sub_52705,1087.91,2023-12-30
inv_99146,sub_51751,1435.19,2023-10-16
inv_99147,sub_52779,971.41,2024-06-29
inv_99148,sub_51444,1060.02,2024-08-06
inv_99149,sub_51392,1430.61,2023-11-23
inv_99150,sub_50370,462.56,2024-09-06
inv_99151,sub_51501,693.36,2024-10-16
inv_99152,sub_52808,255.14,2023-04-13
inv_99153,sub_51550,1477.29,2023-11-29
inv_99154,sub_52542,1263.75,2023-02-16
inv_99155,sub_51328,226.32,2024-04-03
inv_99156,sub_50325,1328.44,2024-08-28
inv_99157,sub_51887,698.11,2023-03-14
inv_99158,sub_52441,755.58,2024-04-11
inv_99159,sub_52982,1315.99,2023-08-14
inv_99160,sub_50498,470.83,2023-04-05
inv_99161,sub_50638,411.87,2024-05-15
inv_99162,sub_53806,1477.31,2024-08-28
inv_99163,sub_51527,1332.86,2024-03-12
inv_99164,sub_50165,499.97,2023-01-19
inv_99165,sub_52831,248.78,2023-02-17
inv_99166,sub_51623,1391.81,2023-03-06
inv_99167,sub_51291,689.69,2023-05-23
inv_99168,sub_53298,57.16,2023-09-15
inv_99169,sub_52649,1019.77,2024-09-29
inv_99170,sub_53159,60.4,2023-08-08
inv_99171,sub_51546,242.95,2023-07-27
inv_99172,sub_52428,1185.8,2023-09-12
inv_99173,sub_52284,501.84,2024-03-16
inv_99174,sub_52462,84.4,2024-10-22
inv_99175,sub_50865,578.92,2023-12-20
inv_99177,sub_51152,792.3,2023-04-18
inv_99178,sub_52404,1260.88,2023-02-25
inv_99179,sub_50446,1184.99,2023-04-21
inv_99180,sub_51961,92.78,2024-04-29
inv_99181,sub_52178,1354.54,2024-11-20
inv_99182,sub_50429,1409.0,2024-05-03
inv_99183,sub_51721,424.6,2024-11-09
inv_99184,sub_53068,1245.83,2024-08-25
inv_99185,sub_52429,662.08,2024-02-10
inv_99186,sub_51918,548.48,2023-09-28
inv_99187,sub_51902,1043.44,2024-01-06
inv_99188,sub_50084,731.35,2024-10-28
inv_99189,sub_50287,278.33,2024-04-01
inv_99190,sub_52693,1250.47,2023-12-29
inv_99191,sub_52227,1111.44,2024-05-02
inv_99192,sub_50438,378.9,2024-10-28
inv_99193,sub_53288,277.32,2024-06-10
inv_99194,sub_51941,543.25,2023-06-04
inv_99195,sub_52669,783.94,2024-08-17
inv_99196,sub_50108,53.76,2024-02-09
inv_99197,sub_51919,468.25,2024-06-15
inv_99198,sub_53910,231.29,2024-07-30
inv_99199,sub_51225,1002.81,2023-02-10
inv_99200,sub_51340,75.19,2023-10-05
inv_99201,sub_52212,321.53,2023-03-08
inv_99202,sub_51929,1327.43,2023-02-15
inv_99203,sub_50089,848.32,2023-11-28
inv_99204,sub_52775,1329.76,2024-07-13
inv_99205,sub_51900,874.41,2023-02-24
inv_99206,sub_51144,163.22,2023-11-20
inv_99208,sub_52555,872.44,2023-07-30
inv_99209,sub_50605,132.44,2024-09-13
inv_99210,sub_51724,640.34,2024-10-17
inv_99211,sub_52199,236.11,2023-07-07
inv_99212,sub_53072,735.61,2023-02-22
inv_99213,sub_52583,1315.6,2024-05-09
inv_99214,sub_51020,1109.22,2024-09-25
inv_99215,sub_53406,374.58,2024-04-04
inv_99216,sub_53841,66.7,2024-05-10
inv_99217,sub_50861,437.6,2023-11-28
inv_99218,sub_53217,1149.47,2024-03-04
inv_99219,sub_51976,511.1,2023-11-11
inv_99220,sub_53825,982.35,2024-08-31
inv_99221,sub_50014,965.4,2024-12-28
inv_99222,sub_52747,895.26,2023-09-20
inv_99223,sub_52420,894.69,2024-03-27
inv_99224,sub_51415,681.98,2024-08-01
inv_99225,sub_50638,748.0,2023-02-28
inv_99226,sub_52919,768.54,2024-01-13
inv_99227,sub_50781,1110.63,2024-01-25
inv_99228,sub_51614,1193.32,2023-12-23
inv_99229,sub_50231,450.75,2023-08-23
inv_99230,sub_51220,1265.78,2024-07-06
inv_99231,sub_51190,613.03,2023-04-24
inv_99232,sub_52593,178.96,2024-03-31
inv_99233,sub_53302,702.39,2024-02-22
inv_99234,sub_50620,370.32,2023-07-07
inv_99235,sub_53202,435.94,2023-06-08
inv_99236,sub_53706,1410.0,2024-05-29
inv_99237,sub_53259,1385.48,2023-04-06
inv_99239,sub_50180,210.05,2024-05-20
inv_99240,sub_50601,1353.69,2024-01-01
inv_99241,sub_51966,517.79,2023-07-05
inv_99242,sub_51672,1405.66,2023-11-17
inv_99243,sub_51297,457.31,2023-08-17
inv_99244,sub_50484,488.53,2023-06-27
inv_99245,sub_52930,226.72,2023-08-09
inv_99246,sub_50153,1310.75,2023-04-23
inv_99247,sub_50392,743.11,2024-01-28
inv_99248,sub_52194,1159.59,2023-04-09
inv_99249,sub_53502,462.85,2023-03-03
inv_99250,sub_53013,1301.82,2024-01-01
inv_99251,sub_51082,942.33,2023-03-21
inv_99252,sub_50573,1394.63,2023-10-24
inv_99253,sub_53039,830.57,2024-03-19
inv_99254,sub_52295,1344.47,2024-12-05
inv_99255,sub_50238,181.61,2024-02-14
inv_99256,sub_50968,190.63,2023-08-05
inv_99257,sub_51891,703.33,2024-11-16
inv_99258,sub_50420,474.69,2024-06-09
inv_99259,sub_52427,254.16,2023-01-15
inv_99260,sub_52944,468.27,2023-10-30
inv_99261,sub_51652,320.34,2024-07-02
inv_99262,sub_51364,209.19,2023-04-02
inv_99263,sub_53707,97.23,2024-05-21
inv_99264,sub_53481,1331.4,2024-12-25
inv_99265,sub_52401,1289.91,2023-02-26
inv_99266,sub_51880,728.55,2023-12-26
inv_99267,sub_53453,743.59,2023-06-01
inv_99268,sub_52545,714.48,2023-07-16
inv_99270,sub_51356,641.47,2024-04-07
inv_99271,sub_50799,1261.77,2024-08-25
inv_99272,sub_51250,597.34,2023-05-05
inv_99273,sub_50613,1103.65,2024-06-09
inv_99274,sub_53392,1321.35,2024-12-05
inv_99275,sub_53308,405.33,2023-07-09
inv_99276,sub_53901,1131.31,2024-02-04
inv_99277,sub_52871,881.28,2024-10-11
inv_99278,sub_50946,355.05,2024-09-20
inv_99279,sub_51074,757.97,2023-07-04
inv_99280,sub_53920,651.45,2024-05-05
inv_99281,sub_50202,721.01,2024-12-29
inv_99282,sub_50744,1171.99,2024-04-14
inv_99283,sub_52552,35.57,2024-05-11
inv_99284,sub_50988,323.61,2024-12-31
inv_99285,sub_50768,811.11,2023-03-27
inv_99286,sub_52926,576.51,2024-05-03
inv_99287,sub_52777,548.77,2024-04-03
inv_99288,sub_52297,358.76,2024-06-10
inv_99289,sub_52157,638.84,2023-12-20
inv_99290,sub_53740,534.84,2024-09-13
inv_99291,sub_52545,1139.9,2024-10-06
inv_99292,sub_50840,1266.88,2023-11-03
inv_99293,sub_51630,1065.64,2024-10-21
inv_99294,sub_51408,1370.52,2023-05-23
inv_99295,sub_52128,859.92,2023-12-17
inv_99296,sub_53717,351.67,2023-09-11
inv_99297,sub_52506,1213.31,2024-02-18
inv_99298,sub_52298,842.41,2023-03-05
inv_99299,sub_50273,89.42,2023-06-17
inv_99301,sub_52761,982.85,2024-08-30
inv_99302,sub_52155,266.89,2024-08-25
inv_99303,sub_53025,669.17,2024-03-09
inv_99304,sub_53068,1428.05,2024-09-14
inv_99305,sub_53473,676.75,2023-04-02
inv_99306,sub_51160,662.06,2024-08-10
inv_99307,sub_52190,922.99,2024-10-10
inv_99308,sub_50805,1465.23,2024-04-22
inv_99309,sub_51894,518.99,2023-10-05
inv_99310,sub_53840,44.08,2023-12-03
inv_99311,sub_51510,550.7,2023-02-10
inv_99312,sub_53288,825.78,2023-07-18
inv_99313,sub_53086,407.69,2024-07-16
inv_99314,sub_51128,24.2,2024-02-10
inv_99315,sub_53279,207.92,2024-09-04
inv_99316,sub_52536,501.2,2023-10-17
inv_99317,sub_51272,1333.3,2024-05-09
inv_99318,sub_52317,1250.31,2024-06-28
inv_99319,sub_52967,905.6,2023-01-07
inv_99320,sub_52365,268.26,2024-02-18
inv_99321,sub_52138,859.11,2024-06-25
inv_99322,sub_53864,204.61,2024-11-08
inv_99323,sub_50369,168.42,2024-07-06
inv_99324,sub_51298,849.0,2024-07-01
inv_99325,sub_51365,343.89,2023-07-30
inv_99326,sub_52465,959.01,2024-12-09
inv_99327,sub_53768,1431.49,2023-06-17
inv_99328,sub_53454,899.07,2024-03-24
inv_99329,sub_52815,820.86,2024-01-31
inv_99330,sub_53411,1068.06,2023-01-19
inv_99332,sub_52704,976.25,2023-11-23
inv_99333,sub_53684,602.39,2023-08-06
inv_99334,sub_50246,1281.73,2023-01-06
inv_99335,sub_50202,1363.54,2023-02-07
inv_99336,sub_50975,1042.03,2023-04-23
inv_99337,sub_50103,1160.41,2024-04-08
inv_99338,sub_51117,1357.59,2023-06-28
inv_99339,sub_51775,985.46,2023-02-19
inv_99340,sub_50037,1230.39,2023-04-02
inv_99341,sub_50217,350.7,2023-05-23
inv_99342,sub_52156,88.8,2024-11-14
inv_99343,sub_52567,230.4,2024-12-25
inv_99344,sub_53285,923.28,2023-11-07
inv_99345,sub_53308,985.62,2023-10-16
inv_99346,sub_53083,688.31,2024-01-27
inv_99347,sub_53891,1173.41,2023-07-01
inv_99348,sub_51661,1497.59,2024-09-27
inv_99349,sub_51584,441.07,2024-05-25
inv_99350,sub_51579,378.72,2024-07-12
inv_99351,sub_51595,350.0,2023-03-31
inv_99352,sub_52092,612.42,2023-08-21
inv_99353,sub_51045,516.09,2024-01-08
inv_99354,sub_51286,1158.24,2024-04-27
inv_99355,sub_50049,635.53,2023-02-05
inv_99356,sub_52588,751.46,2023-02-25
inv_99357,sub_51499,479.99,2024-03-28
inv_99358,sub_50461,1412.45,2024-08-28
inv_99359,sub_53777,793.61,2024-08-31
inv_99360,sub_53144,1395.37,2024-08-03
inv_99361,sub_50035,181.82,2024-05-17
inv_99363,sub_53686,516.53,2024-05-28
inv_99364,sub_52104,714.22,2023-03-27
inv_99365,sub_51130,494.11,2023-02-11
inv_99366,sub_52702,1324.24,2023-09-12
inv_99367,sub_50447,568.34,2023-08-04
inv_99368,sub_51492,270.53,2024-12-30
inv_99369,sub_51326,310.89,2023-07-05
inv_99370,sub_50606,71.09,2024-10-07
inv_99371,sub_52760,155.32,2024-11-30
inv_99372,sub_52037,1362.86,2023-11-16
inv_99373,sub_52483,900.56,2024-08-31
inv_99374,sub_50321,1194.17,2023-02-23
inv_99375,sub_53883,30.25,2023-04-10
inv_99376,sub_53869,157.51,2024-06-08
inv_99377,sub_51101,1133.85,2023-04-11
inv_99378,sub_53333,1091.02,2023-05-24
inv_99379,sub_53508,349.09,2024-12-21
inv_99380,sub_51066,601.81,2024-05-25
inv_99381,sub_51993,953.91,2024-12-17
inv_99382,sub_52573,1167.63,2024-10-26
inv_99383,sub_51496,262.4,2024-02-12
inv_99384,sub_52251,1250.16,2024-08-25
inv_99385,sub_53853,1313.31,2023-02-14
inv_99386,sub_52179,1356.18,2023-06-10
inv_99387,sub_53632,617.22,2024-06-07
inv_99388,sub_50349,1217.93,2023-11-22
inv_99389,sub_51077,244.83,2024-07-09
inv_99390,sub_50736,881.79,2024-08-28
inv_99391,sub_51706,920.78,2024-06-04
inv_99392,sub_52244,82.31,2023-10-14
inv_99394,sub_52440,831.75,2023-03-10
inv_99395,sub_51981,1491.79,2023-01-04
inv_99396,sub_52661,45.65,2024-01-19
inv_99397,sub_52478,188.95,2024-08-11
inv_99398,sub_52957,708.8,2023-01-09
inv_99399,sub_53192,686.74,2023-10-05
inv_99400,sub_50917,1426.77,2024-11-14
inv_99401,sub_53982,403.95,2024-04-29
inv_99402,sub_52571,1107.17,2023-05-26
inv_99403,sub_50354,1233.61,2024-04-22
inv_99404,sub_52765,1100.22,2024-07-23
inv_99405,sub_53242,857.52,2023-10-18
inv_99406,sub_51487,561.7,2023-12-28
inv_99407,sub_51682,968.81,2023-11-14
inv_99408,sub_52626,1398.2,2024-11-15
inv_99409,sub_52560,256.84,2023-05-17
inv_99410,sub_51145,417.31,2023-11-08
inv_99411,sub_53761,1151.14,2024-06-19
inv_99412,sub_53058,1356.25,2024-08-17
inv_99413,sub_53378,567.3,2024-12-22
inv_99414,sub_51392,264.78,2024-11-25
inv_99415,sub_52363,295.95,2023-10-21
inv_99416,sub_53993,222.22,2023-02-23
inv_99417,sub_53216,967.13,2024-08-02
inv_99418,sub_50046,448.67,2024-11-10
inv_99419,sub_52607,534.9,2024-12-29
inv_99420,sub_53401,451.82,2023-06-30
inv_99421,sub_52609,907.66,2023-04-03
inv_99422,sub_50768,1087.68,2024-05-04
inv_99423,sub_53539,841.01,2024-05-06
inv_99425,sub_51026,181.71,2023-10-14
inv_99426,sub_53113,610.25,2023-08-15
inv_99427,sub_50770,291.32,2024-04-20
inv_99428,sub_52125,839.76,2024-12-22
inv_99429,sub_53864,1113.09,2023-10-17
inv_99430,sub_51313,1198.69,2023-08-13
inv_99431,sub_50102,504.1,2024-03-23
inv_99432,sub_52504,998.72,2024-07-21
inv_99433,sub_51996,574.02,2023-11-20
inv_99434,sub_50616,1422.55,2024-05-15
inv_99435,sub_53932,267.54,2024-09-01
inv_99436,sub_50636,1163.61,2024-08-01
inv_99437,sub_53880,766.0,2024-03-03
inv_99438,sub_51084,1470.6,2023-02-14
inv_99439,sub_53092,1059.03,2024-08-09
inv_99440,sub_51742,399.28,2024-09-20
inv_99441,sub_50101,188.29,2024-02-23
inv_99442,sub_51205,428.34,2023-05-21
inv_99443,sub_52946,367.32,2024-04-08
inv_99444,sub_50039,137.45,2024-10-25
inv_99445,sub_51190,122.96,2024-01-10
inv_99446,sub_50269,1107.05,2023-12-23
inv_99447,sub_53199,1425.65,2024-03-27
inv_99448,sub_51997,1417.51,2024-04-26
inv_99449,sub_53847,1286.53,2024-01-22
inv_99450,sub_50340,980.3,2023-09-01
inv_99451,sub_53362,571.3,2024-10-21
inv_99452,sub_52801,760.79,2024-04-08
inv_99453,sub_51551,586.35,2024-02-08
inv_99454,sub_52509,94.07,2024-08-21
inv_99456,sub_53683,658.31,2023-06-18
inv_99457,sub_50955,594.18,2023-06-12
inv_99458,sub_51530,298.79,2024-06-20
inv_99459,sub_51778,334.53,2024-04-08
inv_99460,sub_50249,197.58,2024-10-02
inv_99461,sub_50863,1175.11,2023-05-07
inv_99462,sub_52762,1136.28,2024-02-06
inv_99463,sub_53065,844.84,2024-09-13
inv_99464,sub_51826,800.29,2023-09-08
inv_99465,sub_51018,999.98,2023-05-18
inv_99466,sub_50945,166.04,2023-11-10
inv_99467,sub_52341,1396.74,2024-06-30
inv_99468,sub_51644,397.87,2024-08-10
inv_99469,sub_50318,1233.22,2024-05-20
inv_99470,sub_50150,496.38,2023-01-16
inv_99471,sub_50881,1325.36,2023-02-26
inv_99472,sub_51978,1193.06,2023-10-25
inv_99473,sub_53587,1311.52,2023-02-11
inv_99474,sub_50460,73.8,2024-09-20
inv_99475,sub_51423,780.79,2023-06-21
inv_99476,sub_51094,459.16,2023-03-31
inv_99477,sub_52574,137.52,2023-09-06
inv_99478,sub_53879,867.51,2023-08-26
inv_99479,sub_50045,1369.94,2023-08-05
inv_99480,sub_53340,1353.59,2023-03-05
inv_99481,sub_51513,1283.27,2024-08-13
inv_99482,sub_51578,1142.31,2023-03-27
inv_99483,sub_53193,479.92,2024-03-15
inv_99484,sub_53101,884.03,2024-12-10
inv_99485,sub_53545,188.65,2024-03-31
inv_99487,sub_51077,370.9,2023-06-01
inv_99488,sub_51646,1263.05,2023-04-18
inv_99489,sub_51161,294.96,2023-08-14
inv_99490,sub_53678,816.69,2024-10-10
inv_99491,sub_50608,401.47,2023-10-10
inv_99492,sub_53536,297.32,2023-12-10
inv_99493,sub_50430,1454.77,2024-01-19
inv_99494,sub_50984,828.62,2023-04-08
inv_99495,sub_50171,1174.23,2023-06-30
inv_99496,sub_51276,64.39,2024-05-07
inv_99497,sub_51283,291.76,2024-02-09
inv_99498,sub_50106,1040.52,2024-02-25
inv_99499,sub_53970,565.8,2023-10-03
inv_99500,sub_53025,1359.4,2023-05-07
inv_99501,sub_53607,167.12,2024-10-16
inv_99502,sub_52890,1161.15,2024-09-29
inv_99503,sub_51679,1385.02,2024-03-27
inv_99504,sub_51964,455.8,2024-11-13
inv_99505,sub_52566,1288.33,2023-03-26
inv_99506,sub_52489,1146.07,2023-06-26
inv_99507,sub_53896,257.8,2024-01-02
inv_99508,sub_50535,277.37,2023-11-15
inv_99509,sub_53216,317.08,2024-12-25
inv_99510,sub_50034,962.7,2024-02-02
inv_99511,sub_53633,277.12,2023-03-03
inv_99512,sub_53861,490.48,2023-10-03
inv_99513,sub_53707,670.58,2023-05-23
inv_99514,sub_53862,715.09,2023-07-20
inv_99515,sub_51257,1116.99,2024-04-19
inv_99516,sub_52878,1432.59,2023-07-25
inv_99518,sub_52752,488.26,2024-03-19
inv_99519,sub_51969,1117.12,2024-11-18
inv_99520,sub_51279,936.19,2024-07-19
inv_99521,sub_52116,378.83,2023-12-13
inv_99522,sub_52964,1107.27,2024-09-28
inv_99523,sub_52460,204.73,2024-03-28
inv_99524,sub_53794,385.44,2024-03-17
inv_99525,sub_51661,40.64,2023-06-19
inv_99526,sub_51511,903.17,2024-04-14
inv_99527,sub_52013,256.8,2023-11-23
inv_99528,sub_51841,1226.24,2023-09-28
inv_99529,sub_53596,193.68,2023-12-25
inv_99530,sub_50860,928.53,2024-02-10
inv_99531,sub_53697,68.97,2024-02-24
inv_99532,sub_50180,1181.09,2024-06-06
inv_99533,sub_52446,871.69,2023-01-06
inv_99534,sub_52608,132.92,2024-01-11
inv_99535,sub_50360,1303.05,2023-10-28
inv_99536,sub_53195,876.66,2024-07-13
inv_99537,sub_51883,307.91,2024-02-07
inv_99538,sub_52224,1248.78,2024-12-20
inv_99539,sub_52483,458.96,2024-01-27
inv_99540,sub_50355,784.1,2024-11-15
inv_99541,sub_53668,115.25,2023-08-29
inv_99542,sub_51169,936.34,2023-07-22
inv_99543,sub_52916,156.78,2024-01-27
inv_99544,sub_53580,717.25,2023-11-28
inv_99545,sub_52856,64.87,2023-08-02
inv_99546,sub_53654,1156.94,2023-04-20
inv_99547,sub_53798,21.2,2023-07-24
inv_99549,sub_50748,934.96,2024-01-23
inv_99550,sub_50784,693.69,2024-04-29
inv_99551,sub_50933,1126.16,2024-02-13
inv_99552,sub_53091,1471.67,2024-06-26
inv_99553,sub_52328,1007.92,2024-07-25
inv_99554,sub_53143,49.99,2023-04-09
inv_99555,sub_52399,1405.53,2023-06-17
inv_99556,sub_50706,320.99,2023-09-27
inv_99557,sub_50531,1467.57,2023-04-16
inv_99558,sub_50407,1492.47,2023-07-01
inv_99559,sub_53723,509.07,2023-10-05
inv_99560,sub_53618,35.3,2023-09-25
inv_99561,sub_51109,955.57,2023-01-01
inv_99562,sub_53456,697.69,2023-05-13
inv_99563,sub_53102,151.39,2023-03-16
inv_99564,sub_53482,1232.24,2023-05-07
inv_99565,sub_53932,279.75,2024-08-23
inv_99566,sub_51549,1340.66,2024-02-11
inv_99567,sub_53766,1396.67,2024-04-08
inv_99568,sub_53524,869.54,2024-12-23
inv_99569,sub_51445,628.0,2023-05-07
inv_99570,sub_50866,923.52,2025-01-01
inv_99571,sub_51438,375.11,2023-03-14
inv_99572,sub_52384,340.69,2024-02-17
inv_99573,sub_53755,1420.63,2023-08-08
inv_99574,sub_52372,513.58,2024-05-13
inv_99575,sub_53845,1132.03,2024-05-02
inv_99576,sub_51942,765.58,2024-05-10
inv_99577,sub_53201,1030.57,2024-01-31
inv_99578,sub_50416,268.97,2024-03-05
inv_99580,sub_52836,901.55,2023-11-15
inv_99581,sub_52986,1222.61,2023-04-21
inv_99582,sub_50029,109.32,2024-08-12
inv_99583,sub_51678,913.95,2023-01-20
inv_99584,sub_53399,422.68,2024-06-08
inv_99585,sub_53986,120.27,2024-10-09
inv_99586,sub_50986,631.22,2023-05-28
inv_99587,sub_50144,626.26,2024-03-12
inv_99588,sub_50356,30.39,2023-06-23
inv_99589,sub_53100,78.31,2023-04-05
inv_99590,sub_52871,687.49,2024-01-10
inv_99591,sub_50464,1017.05,2024-06-01
inv_99592,sub_52644,806.18,2024-08-22
inv_99593,sub_51004,410.46,2024-04-14
inv_99594,sub_50906,124.27,2023-04-19
inv_99595,sub_50323,1098.63,2024-02-20
inv_99596,sub_50209,24.21,2023-01-07
inv_99597,sub_53070,1482.84,2023-12-08
inv_99598,sub_52393,720.78,2024-05-09
inv_99599,sub_50179,595.61,2023-06-29
inv_99600,sub_53435,432.02,2024-01-12
inv_99601,sub_51444,191.99,2024-01-11
inv_99602,sub_53742,114.96,2023-05-11
inv_99603,sub_50664,975.79,2024-03-07
inv_99604,sub_51771,1483.83,2023-12-08
inv_99605,sub_50175,911.03,2024-07-07
inv_99606,sub_50106,199.34,2024-10-11
inv_99607,sub_53406,1085.27,2023-02-24
inv_99608,sub_53337,946.71,2023-12-30
inv_99609,sub_51710,862.12,2023-10-30
inv_99611,sub_51150,502.27,2024-07-13
inv_99612,sub_53161,835.86,2024-05-18
inv_99613,sub_50485,402.17,2023-08-04
inv_99614,sub_51448,128.4,2023-01-14
inv_99615,sub_50191,432.28,2024-12-31
inv_99616,sub_51410,1072.99,2023-05-07
inv_99617,sub_51293,772.67,2024-07-14
inv_99618,sub_51266,347.71,2024-02-06
inv_99619,sub_51351,662.33,2024-06-02
inv_99620,sub_52966,567.52,2024-07-15
inv_99621,sub_53120,1498.38,2024-09-26
inv_99622,sub_51977,1234.71,2023-09-20
inv_99623,sub_51084,1167.84,2023-01-31
inv_99624,sub_50614,687.78,2024-09-22
inv_99625,sub_53890,163.64,2024-04-15
inv_99626,sub_52973,1345.27,2023-12-07
inv_99627,sub_53544,666.35,2024-10-03
inv_99628,sub_52122,511.56,2023-06-18
inv_99629,sub_50093,572.68,2023-02-08
inv_99630,sub_51098,771.85,2023-11-16
inv_99631,sub_51433,967.35,2024-04-19
inv_99632,sub_51741,1398.99,2024-07-05
inv_99633,sub_50540,1334.69,2023-12-18
inv_99634,sub_51253,119.74,2024-12-26
inv_99635,sub_53573,270.06,2023-10-18
inv_99636,sub_52794,653.62,2024-05-04
inv_99637,sub_51947,852.3,2023-03-19
inv_99638,sub_53600,849.88,2023-10-19
inv_99639,sub_50832,1432.62,2024-12-08
inv_99640,sub_50926,931.53,2024-01-13
inv_99642,sub_53532,1303.05,2024-03-28
inv_99643,sub_51677,1303.14,2023-01-03
inv_99644,sub_51393,460.5,2024-01-20
inv_99645,sub_52030,411.03,2023-10-01
inv_99646,sub_52671,518.23,2023-03-25
inv_99647,sub_51007,1372.21,2024-05-27
inv_99648,sub_53203,637.41,2024-06-16
inv_99649,sub_50516,315.2,2023-07-02
inv_99650,sub_53778,1030.16,2024-10-22
inv_99651,sub_52301,422.37,2023-06-01
inv_99652,sub_52594,320.07,2024-05-02
inv_99653,sub_52711,458.25,2023-11-17
inv_99654,sub_52581,153.78,2024-12-23
inv_99655,sub_50293,1184.42,2024-01-06
inv_99656,sub_51970,1470.89,2023-08-27
inv_99657,sub_50640,236.57,2023-07-17
inv_99658,sub_51774,182.72,2024-06-17
inv_99659,sub_50448,476.61,2023-01-17
inv_99660,sub_52781,1174.51,2023-05-15
inv_99661,sub_52237,734.6,2023-09-06
inv_99662,sub_52814,441.22,2023-01-06
inv_99663,sub_53840,319.39,2023-07-04
inv_99664,sub_51980,948.41,2024-02-04
inv_99665,sub_50634,876.77,2023-06-04
inv_99666,sub_50524,1099.91,2023-10-29
inv_99667,sub_50518,904.23,2023-05-29
inv_99668,sub_51758,699.42,2024-12-22
inv_99669,sub_51353,1202.76,2024-12-05
inv_99670,sub_50209,788.85,2024-03-09
inv_99671,sub_52774,1218.55,2024-05-10
inv_99673,sub_53056,176.79,2024-10-30
inv_99674,sub_50893,131.47,2023-04-11
inv_99675,sub_51789,57.91,2023-03-23
inv_99676,sub_52912,1264.44,2023-10-22
inv_99677,sub_53775,1448.64,2023-01-15
inv_99678,sub_53115,300.54,2023-02-25
inv_99679,sub_50804,641.25,2024-07-06
inv_99680,sub_50577,716.06,2023-04-24
inv_99681,sub_51432,1196.66,2024-03-30
inv_99682,sub_52925,550.19,2024-06-20
inv_99683,sub_51134,884.06,2024-05-01
inv_99684,sub_51462,1082.15,2024-10-09
inv_99685,sub_50653,792.71,2023-03-12
inv_99686,sub_53278,86.31,2024-12-29
inv_99687,sub_52390,330.79,2024-09-21
inv_99688,sub_52472,990.74,2024-06-08
inv_99689,sub_52363,614.61,2024-01-08
inv_99690,sub_51523,295.54,2023-04-06
inv_99691,sub_50932,376.76,2023-12-06
inv_99692,sub_52117,1086.84,2023-06-30
inv_99693,sub_51646,770.45,2023-12-21
inv_99694,sub_50077,366.19,2024-07-04
inv_99695,sub_51342,954.32,2023-01-10
inv_99696,sub_53641,435.89,2023-10-03
inv_99697,sub_53305,1336.4,2024-07-22
inv_99698,sub_51560,986.58,2023-04-19
inv_99699,sub_50195,136.06,2024-11-08
inv_99700,sub_50841,238.77,2023-03-01
inv_99701,sub_50004,90.96,2024-11-27
inv_99702,sub_53136,263.82,2024-09-21
inv_99704,sub_53735,862.24,2024-08-31
inv_99705,sub_51586,1048.39,2023-02-10
inv_99706,sub_52008,306.6,2023-04-26
inv_99707,sub_50749,564.43,2024-12-13
inv_99708,sub_53015,600.24,2023-09-28
inv_99709,sub_53623,245.12,2024-01-29
inv_99710,sub_50519,186.55,2023-02-06
inv_99711,sub_50632,417.42,2024-08-29
inv_99712,sub_52718,786.63,2024-07-12
inv_99713,sub_52325,389.28,2024-10-29
inv_99714,sub_51197,1037.3,2023-04-19
inv_99715,sub_53750,753.2,2023-04-27
inv_99716,sub_52692,195.77,2023-05-10
inv_99717,sub_50619,311.94,2023-07-07
inv_99718,sub_52203,983.98,2023-10-28
inv_99719,sub_50369,1203.19,2024-01-10
inv_99720,sub_52596,1398.21,2023-07-07
inv_99721,sub_51882,729.52,2024-01-20
inv_99722,sub_51461,1091.07,2024-01-03
inv_99723,sub_53316,863.41,2023-07-05
inv_99724,sub_53884,1490.12,2023-09-12
inv_99725,sub_53096,249.09,2023-09-30
inv_99726,sub_50673,489.66,2023-10-01
inv_99727,sub_52846,1190.19,2024-01-01
inv_99728,sub_52338,498.63,2024-02-03
inv_99729,sub_50709,464.26,2024-08-15
inv_99730,sub_50727,899.63,2024-07-10
inv_99731,sub_52551,643.63,2023-04-19
inv_99732,sub_52136,1382.82,2023-12-02
inv_99733,sub_50683,787.99,2024-11-19
inv_99735,sub_50505,678.91,2023-06-16
inv_99736,sub_53726,651.86,2023-10-03
inv_99737,sub_51288,823.72,2023-05-12
inv_99738,sub_50612,1481.05,2024-11-16
inv_99739,sub_50927,139.27,2024-04-03
inv_99740,sub_50536,97.32,2023-08-24
inv_99741,sub_52960,840.86,2024-06-14
inv_99742,sub_51225,1040.32,2024-03-15
inv_99743,sub_50360,1004.87,2024-06-17
inv_99744,sub_51671,272.97,2023-07-07
inv_99745,sub_51665,1203.81,2023-11-25
inv_99746,sub_52494,137.13,2023-10-16
inv_99747,sub_50051,1178.94,2024-03-01
inv_99748,sub_53658,666.12,2023-09-21
inv_99749,sub_50556,503.29,2023-02-02
inv_99750,sub_53480,563.44,2024-01-25
inv_99751,sub_52694,245.2,2024-04-04
inv_99752,sub_53953,518.97,2024-08-25
inv_99753,sub_50935,1446.75,2024-07-21
inv_99754,sub_51042,191.08,2024-12-11
inv_99755,sub_51783,265.44,2024-09-14
inv_99756,sub_52092,531.94,2024-12-03
inv_99757,sub_53026,1178.17,2023-05-03
inv_99758,sub_51391,572.05,2024-12-14
inv_99759,sub_53921,299.96,2024-06-09
inv_99760,sub_51180,1151.61,2024-08-09
inv_99761,sub_52683,688.07,2024-11-13
inv_99762,sub_50977,792.97,2024-04-20
inv_99763,sub_50895,590.64,2023-12-16
inv_99764,sub_52332,1230.04,2024-05-20
inv_99766,sub_50502,1376.97,2023-07-26
inv_99767,sub_50417,1084.01,2024-01-31
inv_99768,sub_53112,1320.69,2023-12-04
inv_99769,sub_53039,1347.81,2024-12-11
inv_99770,sub_52052,1129.27,2024-01-10
inv_99771,sub_53014,1051.74,2023-10-06
inv_99772,sub_52898,1398.69,2024-04-25
inv_99773,sub_50234,1363.99,2024-07-23
inv_99774,sub_51830,1478.71,2024-06-19
inv_99775,sub_52618,442.35,2023-05-05
inv_99776,sub_50048,1492.15,2024-04-24
inv_99777,sub_52988,1061.37,2023-10-08
inv_99778,sub_53545,951.18,2023-12-26
inv_99779,sub_52700,426.3,2024-01-02
inv_99780,sub_51743,85.52,2023-06-18
inv_99781,sub_53518,106.3,2024-11-15
inv_99782,sub_53759,113.42,2024-03-28
inv_99783,sub_50845,246.36,2024-07-05
inv_99784,sub_53358,513.09,2024-02-12
inv_99785,sub_51339,1328.64,2024-10-02
inv_99786,sub_50255,967.46,2024-09-15
inv_99787,sub_50227,538.24,2024-10-05
inv_99788,sub_50969,778.89,2023-12-23
inv_99789,sub_52753,348.77,2024-03-05
inv_99790,sub_51358,62.07,2023-07-27
inv_99791,sub_50621,453.17,2023-01-25
inv_99792,sub_53491,1283.87,2023-07-31
inv_99793,sub_50105,722.77,2023-01-11
inv_99794,sub_52876,354.52,2024-07-21
inv_99795,sub_52050,1208.39,2023-12-13
inv_99797,sub_50759,364.94,2024-10-12
inv_99798,sub_51269,1146.36,2024-09-06
inv_99799,sub_52155,338.22,2024-04-27
inv_99800,sub_53837,969.44,2024-02-27
inv_99801,sub_53113,1495.87,2024-05-28
inv_99802,sub_52409,506.14,2024-03-03
inv_99803,sub_50204,783.3,2024-05-17
inv_99804,sub_52572,1079.32,2025-01-01
inv_99805,sub_52708,1152.25,2023-12-15
inv_99806,sub_51196,1401.26,2024-03-27
inv_99807,sub_51026,632.0,2023-03-02
inv_99808,sub_50335,1004.28,2024-10-18
inv_99809,sub_50134,848.03,2023-07-13
inv_99810,sub_52559,1308.45,2024-08-19
inv_99811,sub_50218,1271.1,2024-03-08
inv_99812,sub_53137,1227.82,2024-10-15
inv_99813,sub_51016,545.18,2024-05-24
inv_99814,sub_51443,174.29,2024-02-09
inv_99815,sub_50082,1425.02,2023-05-24
inv_99816,sub_51290,319.67,2023-01-13
inv_99817,sub_52545,1137.99,2024-01-05
inv_99818,sub_53447,1067.24,2024-06-11
inv_99819,sub_52632,439.17,2023-09-04
inv_99820,sub_52649,1085.08,2023-11-10
inv_99821,sub_52537,874.54,2023-03-11
inv_99822,sub_52973,863.62,2024-12-30
inv_99823,sub_53600,401.14,2023-04-29
inv_99824,sub_53727,687.82,2023-10-28
inv_99825,sub_53908,927.8,2023-01-21
inv_99826,sub_50784,1422.99,2023-10-07
inv_99828,sub_50513,484.65,2023-08-17
inv_99829,sub_52955,98.37,2024-06-16
inv_99830,sub_53014,1279.09,2024-12-22
inv_99831,sub_50383,301.69,2024-01-13
inv_99832,sub_50453,1372.65,2024-11-03
inv_99833,sub_51696,1184.1,2023-10-10
inv_99834,sub_50028,58.03,2024-09-03
inv_99835,sub_52947,319.17,2024-11-03
inv_99836,sub_51825,539.55,2024-09-30
inv_99837,sub_53248,830.26,2024-02-12
inv_99838,sub_53836,822.49,2023-03-04
inv_99839,sub_51608,1027.28,2024-03-10
inv_99840,sub_53154,428.25,2023-01-31
inv_99841,sub_51734,685.47,2024-06-12
inv_99842,sub_51988,484.36,2023-06-02
inv_99843,sub_51952,1267.28,2024-07-13
inv_99844,sub_51799,969.21,2023-07-17
inv_99845,sub_53535,596.2,2023-04-08
inv_99846,sub_52251,457.72,2023-03-14
inv_99847,sub_51837,698.13,2023-09-21
inv_99848,sub_51363,490.2,2024-06-24
inv_99849,sub_51191,1355.22,2024-08-25
inv_99850,sub_50486,141.59,2024-01-23
inv_99851,sub_50429,735.79,2024-10-27
inv_99852,sub_51128,1057.49,2024-05-19
inv_99853,sub_51193,283.7,2023-03-17
inv_99854,sub_52375,911.12,2023-10-23
inv_99855,sub_50805,165.19,2023-01-02
inv_99856,sub_52760,864.66,2023-02-17
inv_99857,sub_53881,1442.2,2023-04-21
inv_99859,sub_52615,78.44,2023-06-09
inv_99860,sub_52636,1173.97,2023-10-19
inv_99861,sub_52487,284.14,2023-02-11
inv_99862,sub_52505,1449.52,2024-02-17
inv_99863,sub_50338,832.28,2023-08-22
inv_99864,sub_53400,46.41,2024-06-06
inv_99865,sub_53850,633.24,2024-07-15
inv_99866,sub_52381,848.95,2024-07-28
inv_99867,sub_52516,1090.29,2024-09-10
inv_99868,sub_53085,362.43,2024-07-11
inv_99869,sub_53747,399.91,2023-02-13
inv_99870,sub_53361,101.33,2024-04-19
inv_99871,sub_52098,1269.71,2024-02-29
inv_99872,sub_53506,1004.03,2024-09-13
inv_99873,sub_50852,1450.64,2024-11-26
inv_99874,sub_50887,272.21,2023-09-22
inv_99875,sub_53212,174.82,2024-08-26
inv_99876,sub_53251,164.32,2024-10-15
inv_99877,sub_50211,1027.6,2023-07-01
inv_99878,sub_50525,1284.14,2024-08-24
inv_99879,sub_52832,163.95,2023-08-18
inv_99880,sub_50865,1276.79,2023-09-24
inv_99881,sub_51377,332.28,2023-11-02
inv_99882,sub_50750,968.03,2023-01-20
inv_99883,sub_51531,566.4,2024-12-14
inv_99884,sub_53623,1460.75,2023-04-22
inv_99885,sub_50290,924.75,2023-08-28
inv_99886,sub_50501,84.41,2023-08-21
inv_99887,sub_50220,1126.74,2024-01-01
inv_99888,sub_50610,1176.15,2023-01-21
inv_99890,sub_52190,964.16,2023-11-10
inv_99891,sub_53147,103.83,2023-11-04
inv_99892,sub_50861,775.21,2023-01-08
inv_99893,sub_52034,1347.07,2023-12-30
inv_99894,sub_51470,1352.2,2023-02-06
inv_99895,sub_51362,1148.98,2024-10-17
inv_99896,sub_51482,1009.95,2023-11-22
inv_99897,sub_52280,575.5,2023-11-08
inv_99898,sub_51086,488.19,2024-02-15
inv_99899,sub_51168,599.44,2023-01-25
inv_99900,sub_51945,263.59,2024-12-24
inv_99901,sub_50847,154.82,2024-11-15
inv_99902,sub_51022,1315.72,2023-04-21
inv_99903,sub_52508,165.4,2024-03-21
inv_99904,sub_50623,1470.17,2024-06-11
inv_99905,sub_51220,425.63,2023-08-14
inv_99906,sub_51520,1293.49,2024-05-15
inv_99907,sub_53095,517.21,2024-12-14
inv_99908,sub_50269,1493.65,2024-07-20
inv_99909,sub_53144,1250.05,2023-01-05
inv_99910,sub_52152,165.16,2023-06-13
inv_99911,sub_53232,613.92,2023-08-28
inv_99912,sub_53844,967.73,2023-08-01
inv_99913,sub_50580,935.25,2024-02-23
inv_99914,sub_50339,898.08,2023-09-07
inv_99915,sub_53743,50.15,2023-05-15
inv_99916,sub_50174,679.53,2023-01-09
inv_99917,sub_51588,1274.83,2024-04-01
inv_99918,sub_50848,1277.02,2023-11-23
inv_99919,sub_52922,802.77,2023-01-24
inv_99921,sub_50404,1116.55,2024-05-01
inv_99922,sub_51082,471.63,2023-04-03
inv_99923,sub_51910,81.52,2024-04-22
inv_99924,sub_50642,1085.54,2023-01-25
inv_99925,sub_53841,1082.2,2024-07-08
inv_99926,sub_53312,1495.36,2023-10-30
inv_99927,sub_51650,620.29,2023-06-10
inv_99928,sub_52540,779.8,2024-08-24
inv_99929,sub_53412,899.04,2024-06-07
inv_99930,sub_52125,299.73,2024-06-06
inv_99931,sub_52621,1158.36,2023-07-16
inv_99932,sub_51128,958.01,2024-04-25
inv_99933,sub_51773,1147.11,2023-03-05
inv_99934,sub_51005,656.38,2023-06-19
inv_99935,sub_52457,138.75,2023-08-09
inv_99936,sub_50087,535.66,2023-05-04
inv_99937,sub_50633,709.12,2024-09-08
inv_99938,sub_52170,135.11,2024-08-22
inv_99939,sub_53162,1429.42,2023-09-26
inv_99940,sub_53217,411.59,2024-02-21
inv_99941,sub_51299,1198.74,2023-11-08
inv_99942,sub_52593,1245.93,2024-07-27
inv_99943,sub_50540,651.17,2023-05-18
inv_99944,sub_50821,434.34,2023-03-01
inv_99945,sub_51255,83.39,2023-08-13
inv_99946,sub_50521,534.62,2024-11-22
inv_99947,sub_50593,854.36,2024-01-29
inv_99948,sub_52427,1372.27,2023-01-15
inv_99949,sub_50802,565.77,2023-10-20
inv_99950,sub_52959,1394.23,2023-04-16
inv_99952,sub_52542,1076.92,2024-08-11
inv_99953,sub_51366,1228.95,2023-03-14
inv_99954,sub_52858,823.32,2024-12-12
inv_99955,sub_53677,29.12,2023-06-17
inv_99956,sub_50080,796.68,2024-06-10
inv_99957,sub_52361,1412.77,2023-04-11
inv_99958,sub_53875,121.07,2023-07-19
inv_99959,sub_51095,752.12,2023-05-02
inv_99960,sub_53467,610.17,2024-01-09
inv_99961,sub_51028,198.12,2023-09-02
inv_99962,sub_52754,960.15,2024-06-11
inv_99963,sub_51116,215.77,2024-11-30
inv_99964,sub_52779,333.2,2024-03-04
inv_99965,sub_53304,335.29,2023-04-07
inv_99966,sub_51942,1001.1,2024-10-25
inv_99967,sub_52972,1470.63,2024-08-04
inv_99968,sub_51948,341.84,2023-04-25
inv_99969,sub_51248,968.58,2023-04-07
inv_99970,sub_50391,1366.4,2024-09-27
inv_99971,sub_53937,456.09,2024-09-01
inv_99972,sub_52057,867.49,2023-01-08
inv_99973,sub_52731,508.63,2024-04-29
inv_99974,sub_52470,1356.17,2024-07-15
inv_99975,sub_53905,516.89,2024-02-25
inv_99976,sub_51062,1268.68,2024-09-12
inv_99977,sub_50242,757.24,2024-02-04
inv_99978,sub_50484,815.06,2023-02-23
inv_99979,sub_51108,295.23,2023-04-12
inv_99980,sub_53341,156.45,2023-08-03
inv_99981,sub_50892,424.82,2023-03-02
inv_99983,sub_50885,1331.42,2023-08-24
inv_99984,sub_52452,328.9,2024-05-01
inv_99985,sub_50794,615.15,2024-05-22
inv_99986,sub_53981,872.7,2023-10-27
inv_99987,sub_51073,966.82,2024-08-17
inv_99988,sub_52472,1394.77,2023-07-27
inv_99989,sub_51522,822.66,2024-05-16
inv_99990,sub_51262,982.18,2024-06-23
inv_99991,sub_51392,317.67,2023-05-23
inv_99992,sub_51097,1151.22,2024-05-24
inv_99993,sub_53533,1102.13,2024-09-26
inv_99994,sub_53085,1203.22,2024-11-29
inv_99995,sub_51711,452.09,2024-07-28
inv_99996,sub_53510,1349.03,2024-11-26
inv_99997,sub_52498,1263.64,2024-04-19
inv_99998,sub_52616,55.51,2024-03-18
inv_99999,sub_52863,1167.44,2023-01-19
inv_100000,sub_53929,1223.01,2023-04-28
inv_100001,sub_53147,1111.51,2024-08-26
inv_100002,sub_50321,315.41,2024-05-14
inv_100003,sub_50205,860.91,2023-10-02
inv_100004,sub_51908,1389.79,2023-06-19
inv_100005,sub_51621,226.29,2024-02-01
inv_100006,sub_53382,369.54,2023-12-13
inv_100007,sub_51919,703.54,2024-03-07
inv_100008,sub_50357,541.21,2023-10-23
inv_100009,sub_53547,1206.45,2023-12-25
inv_100010,sub_51340,970.12,2023-08-18
inv_100011,sub_51563,401.21,2024-09-05
inv_100012,sub_50981,948.68,2023-04-14
inv_100014,sub_52792,437.79,2024-01-16
inv_100015,sub_53626,227.64,2024-10-04
inv_100016,sub_51760,671.06,2023-06-16
inv_100017,sub_51264,958.65,2023-10-24
inv_100018,sub_52684,745.73,2023-02-02
inv_100019,sub_50333,478.09,2023-06-25
inv_100020,sub_51842,868.21,2023-02-21
inv_100021,sub_53215,1322.52,2024-01-21
inv_100022,sub_52526,1271.27,2024-05-26
inv_100023,sub_53255,480.55,2024-11-15
inv_100024,sub_53476,238.26,2024-09-24
inv_100025,sub_53405,54.07,2024-02-11
inv_100026,sub_52326,68.37,2024-02-26
inv_100027,sub_50982,1251.64,2024-03-20
inv_100028,sub_51162,327.13,2023-09-21
inv_100029,sub_51117,1099.47,2024-04-23
inv_100030,sub_53128,1218.2,2024-03-16
inv_100031,sub_53820,985.26,2024-05-25
inv_100032,sub_53804,1359.45,2024-10-23
inv_100033,sub_53356,1457.15,2023-11-20
inv_100034,sub_51806,590.95,2024-02-22
inv_100035,sub_51999,1189.35,2023-01-07
inv_100036,sub_50072,1133.82,2023-04-03
inv_100037,sub_50713,1451.1,2024-07-16
inv_100038,sub_50085,52.3,2023-11-03
inv_100039,sub_50803,122.27,2024-07-23
inv_100040,sub_53339,143.72,2023-02-07
inv_100041,sub_50062,926.83,2023-06-14
inv_100042,sub_52982,970.01,2024-12-15
inv_100043,sub_53641,1476.81,2023-08-07
inv_100045,sub_53749,1307.63,2024-09-19
inv_100046,sub_53009,443.76,2023-01-13
inv_100047,sub_50731,852.08,2024-10-20
inv_100048,sub_51664,292.37,2023-08-28
inv_100049,sub_51571,510.79,2024-08-04
inv_100050,sub_52972,513.84,2024-04-18
inv_100051,sub_52859,944.11,2024-05-04
inv_100052,sub_50259,432.29,2024-11-17
inv_100053,sub_53542,1479.86,2024-12-02
inv_100054,sub_53120,664.58,2024-01-16
inv_100055,sub_51840,417.28,2024-08-13
inv_100056,sub_53981,465.1,2023-06-17
inv_100057,sub_52123,825.45,2024-10-16
inv_100058,sub_50649,492.63,2023-02-18
inv_100059,sub_53647,826.9,2023-08-15
inv_100060,sub_53534,321.15,2024-10-03
inv_100061,sub_52957,607.95,2024-06-14
inv_100062,sub_50171,998.38,2023-06-08
inv_100063,sub_50677,1289.15,2023-07-16
inv_100064,sub_51486,529.88,2024-04-10
inv_100065,sub_52383,716.73,2023-05-30
inv_100066,sub_53838,936.89,2024-09-23
inv_100067,sub_52061,676.86,2023-12-13
inv_100068,sub_51686,882.63,2023-07-13
inv_100069,sub_53306,1010.85,2024-05-07
inv_100070,sub_51240,632.23,2024-11-07
inv_100071,sub_51547,383.16,2024-12-25
inv_100072,sub_52058,430.43,2023-02-07
inv_100073,sub_51487,487.43,2024-05-13
inv_100074,sub_50739,765.56,2024-06-23
inv_100076,sub_50302,1371.7,2023-11-09
inv_100077,sub_53310,20.99,2024-12-15
inv_100078,sub_53812,609.51,2024-04-30
inv_100079,sub_52728,315.28,2024-05-13
inv_100080,sub_51888,137.14,2023-02-18
inv_100081,sub_51593,128.69,2024-10-25
inv_100082,sub_52164,94.08,2024-01-28
inv_100083,sub_53777,1486.75,2024-09-02
inv_100084,sub_50182,95.43,2023-07-07
inv_100085,sub_53896,777.78,2024-10-05
inv_100086,sub_50004,749.58,2023-07-15
inv_100087,sub_52216,357.66,2024-12-26
inv_100088,sub_50214,436.53,2023-10-25
inv_100089,sub_52018,918.42,2023-04-01
inv_100090,sub_51728,1429.67,2023-06-07
inv_100091,sub_50929,623.17,2023-06-17
inv_100092,sub_52210,944.09,2024-09-19
inv_100093,sub_50795,357.47,2024-11-14
inv_100094,sub_51335,748.79,2024-04-04
inv_100095,sub_53730,397.67,2023-10-28
inv_100096,sub_51515,1250.58,2023-06-15
inv_100097,sub_51442,985.21,2024-04-09
inv_100098,sub_53620,417.0,2023-08-17
inv_100099,sub_52030,1191.18,2023-07-06
inv_100100,sub_50125,405.58,2023-08-29
inv_100101,sub_52334,342.26,2023-12-04
inv_100102,sub_50854,43.64,2024-09-21
inv_100103,sub_52595,567.28,2024-08-14
inv_100104,sub_51139,598.08,2024-07-04
inv_100105,sub_51936,795.19,2024-04-19
inv_100107,sub_52524,538.37,2023-01-30
inv_100108,sub_50997,1023.76,2024-11-25
inv_100109,sub_52138,1495.36,2023-10-02
inv_100110,sub_50866,309.99,2024-02-07
inv_100111,sub_51451,1385.15,2024-06-13
inv_100112,sub_53983,965.97,2023-03-15
inv_100113,sub_52498,1075.95,2023-06-25
inv_100114,sub_53045,1381.13,2024-09-10
inv_100115,sub_51596,660.13,2024-10-24
inv_100116,sub_50739,1419.98,2024-03-11
inv_100117,sub_50697,482.57,2024-03-16
inv_100118,sub_53903,836.71,2023-12-15
inv_100119,sub_51830,815.06,2023-09-21
inv_100120,sub_50863,461.96,2023-12-03
inv_100121,sub_52293,543.06,2024-07-15
inv_100122,sub_53703,92.28,2024-11-02
inv_100123,sub_51757,114.64,2023-11-17
inv_100124,sub_52751,710.75,2024-03-01
inv_100125,sub_52679,1051.01,2023-05-30
inv_100126,sub_52063,1355.92,2023-09-20
inv_100127,sub_51618,1068.22,2023-11-29
inv_100128,sub_52387,605.53,2023-11-04
inv_100129,sub_50932,870.47,2023-01-22
inv_100130,sub_51446,141.56,2024-03-15
inv_100131,sub_51495,636.45,2024-10-25
inv_100132,sub_52115,818.37,2024-10-06
inv_100133,sub_53736,1363.63,2023-09-09
inv_100134,sub_52137,1315.94,2024-10-10
inv_100135,sub_50565,267.83,2023-12-08
inv_100136,sub_51459,1370.49,2024-08-01
inv_100138,sub_52927,1151.0,2023-08-04
inv_100139,sub_50861,1238.95,2023-05-17
inv_100140,sub_52509,977.61,2023-09-10
inv_100141,sub_50494,1337.04,2023-12-31
inv_100142,sub_50730,382.13,2023-01-10
inv_100143,sub_52699,51.98,2023-03-27
inv_100144,sub_51739,1188.22,2024-10-10
inv_100145,sub_51450,233.22,2023-08-02
inv_100146,sub_53806,458.3,2023-08-27
inv_100147,sub_50277,863.64,2024-01-22
inv_100148,sub_51391,1119.2,2024-04-11
inv_100149,sub_51196,1353.08,2024-09-21
inv_100150,sub_53399,1075.07,2023-03-11
inv_100151,sub_51718,1232.01,2024-12-02
inv_100152,sub_52081,469.89,2024-02-09
inv_100153,sub_53805,295.92,2023-08-13
inv_100154,sub_52876,1209.4,2023-10-29
inv_100155,sub_53605,315.38,2024-03-21
inv_100156,sub_50057,375.4,2023-03-18
inv_100157,sub_50286,1353.7,2024-03-15
inv_100158,sub_50744,541.74,2024-08-10
inv_100159,sub_53289,1308.42,2023-12-07
inv_100160,sub_53078,432.45,2023-06-02
inv_100161,sub_53226,761.68,2024-11-21
inv_100162,sub_53951,912.09,2024-09-18
inv_100163,sub_50805,31.65,2024-11-23
inv_100164,sub_53084,492.94,2023-10-10
inv_100165,sub_53993,110.47,2023-01-31
inv_100166,sub_52429,471.92,2024-04-09
inv_100167,sub_51169,798.3,2023-10-09
inv_100169,sub_51870,1481.4,2023-08-06
inv_100170,sub_50908,896.8,2024-11-20
inv_100171,sub_50265,548.81,2024-04-10
inv_100172,sub_51104,1164.92,2023-01-17
inv_100173,sub_51703,1241.23,2024-04-20
inv_100174,sub_53632,763.3,2024-07-08
inv_100175,sub_50781,158.01,2023-09-20
inv_100176,sub_51779,1393.62,2024-11-01
inv_100177,sub_51464,312.84,2023-01-04
inv_100178,sub_51993,1087.65,2023-06-07
inv_100179,sub_53035,1239.71,2024-08-23
inv_100180,sub_53084,864.65,2024-01-07
inv_100181,sub_51374,1495.17,2023-03-12
inv_100182,sub_51287,680.09,2023-06-25
inv_100183,sub_53753,1070.01,2023-04-12
inv_100184,sub_51059,845.81,2024-08-17
inv_100185,sub_53966,675.64,2023-12-12
inv_100186,sub_51495,1420.27,2024-01-10
inv_100187,sub_52332,634.32,2023-09-24
inv_100188,sub_53969,194.27,2024-07-21
inv_100189,sub_52326,1082.11,2024-06-23
inv_100190,sub_52240,842.73,2023-12-10
inv_100191,sub_51577,1354.38,2024-12-23
inv_100192,sub_52507,923.09,2024-07-21
inv_100193,sub_53021,1150.84,2023-11-18
inv_100194,sub_53167,1195.53,2024-02-06
inv_100195,sub_52467,1254.7,2023-05-11
inv_100196,sub_50207,1432.01,2024-06-29
inv_100197,sub_53886,964.21,2023-07-18
inv_100198,sub_51404,217.73,2024-06-03
inv_100200,sub_51969,1168.67,2024-01-26
inv_100201,sub_53970,660.14,2023-08-10
inv_100202,sub_52654,169.69,2024-10-08
inv_100203,sub_53302,824.07,2023-10-03
inv_100204,sub_50511,709.8,2023-10-08
inv_100205,sub_53267,707.74,2024-01-26
inv_100206,sub_53930,844.64,2023-03-24
inv_100207,sub_52448,1330.29,2024-12-29
inv_100208,sub_52440,31.56,2024-02-12
inv_100209,sub_52914,554.02,2024-01-19
inv_100210,sub_53857,1344.99,2023-01-27
inv_100211,sub_53509,1170.51,2023-12-03
inv_100212,sub_50133,1493.41,2023-08-14
inv_100213,sub_53096,603.46,2024-02-24
inv_100214,sub_50117,662.73,2024-06-23
inv_100215,sub_51113,479.06,2024-03-02
inv_100216,sub_51071,146.79,2023-09-01
inv_100217,sub_51502,995.95,2024-06-27
inv_100218,sub_52580,959.83,2024-08-27
inv_100219,sub_50686,1320.73,2024-11-03
inv_100220,sub_51979,1036.07,2023-01-23
inv_100221,sub_52643,582.63,2024-07-26
inv_100222,sub_53200,242.41,2024-09-06
inv_100223,sub_50638,918.52,2023-06-05
inv_100224,sub_53913,1461.77,2023-11-21
inv_100225,sub_50124,670.68,2023-07-04
inv_100226,sub_51194,806.65,2023-10-05
inv_100227,sub_51077,870.23,2024-11-29
inv_100228,sub_52422,1479.06,2023-04-19
inv_100229,sub_53492,533.79,2024-11-26
inv_100231,sub_53481,696.76,2023-10-04
inv_100232,sub_51007,442.41,2023-05-26
inv_100233,sub_50325,927.4,2023-03-05
inv_100234,sub_53604,271.18,2024-02-29
inv_100235,sub_53759,346.09,2023-10-02
inv_100236,sub_52117,1440.06,2023-06-23
inv_100237,sub_50912,472.55,2024-06-08
inv_100238,sub_51735,308.77,2023-03-30
inv_100239,sub_51498,1168.13,2023-06-16
inv_100240,sub_50414,330.4,2024-03-07
inv_100241,sub_51965,963.26,2023-04-08
inv_100242,sub_52631,671.23,2023-04-27
inv_100243,sub_51039,469.19,2023-12-27
inv_100244,sub_53051,935.05,2024-04-21
inv_100245,sub_50272,381.5,2024-07-28
inv_100246,sub_51024,513.52,2024-02-07
inv_100247,sub_52134,436.24,2024-07-21
inv_100248,sub_51550,151.24,2023-06-13
inv_100249,sub_53784,433.35,2024-05-30
inv_100250,sub_51123,1171.67,2023-08-13
inv_100251,sub_53249,1172.32,2024-07-18
inv_100252,sub_52088,1338.45,2023-08-11
inv_100253,sub_52982,363.44,2023-02-12
inv_100254,sub_52668,1076.71,2023-09-15
inv_100255,sub_51168,856.06,2024-07-13
inv_100256,sub_50277,1236.56,2024-06-18
inv_100257,sub_52856,926.44,2023-11-23
inv_100258,sub_53422,784.69,2023-05-26
inv_100259,sub_50874,1127.34,2024-06-06
inv_100260,sub_52779,945.0,2024-11-22
inv_100262,sub_51892,907.1,2023-01-28
inv_100263,sub_50108,799.28,2023-01-01
inv_100264,sub_52684,740.21,2023-02-03
inv_100265,sub_51189,868.31,2023-02-06
inv_100266,sub_50895,328.39,2024-11-29
inv_100267,sub_53476,1438.44,2024-01-26
inv_100268,sub_50803,171.86,2024-11-15
inv_100269,sub_53115,511.93,2024-10-23
inv_100270,sub_50422,1173.04,2024-04-24
inv_100271,sub_51793,648.89,2024-06-27
inv_100272,sub_50849,1011.87,2024-04-30
inv_100273,sub_52720,197.93,2023-09-03
inv_100274,sub_52361,48.02,2024-07-20
inv_100275,sub_52275,553.39,2024-11-13
inv_100276,sub_50229,790.21,2023-09-21
inv_100277,sub_50627,428.7,2023-05-03
inv_100278,sub_53543,238.57,2024-06-01
inv_100279,sub_50707,733.23,2023-03-30
inv_100280,sub_51506,453.3,2023-03-31
inv_100281,sub_53455,213.92,2024-06-11
inv_100282,sub_52177,711.08,2024-02-20
inv_100283,sub_51324,1340.55,2023-02-23
inv_100284,sub_50740,1014.49,2023-09-24
inv_100285,sub_51092,1090.58,2023-06-03
inv_100286,sub_50230,1449.28,2024-06-24
inv_100287,sub_50507,456.83,2023-04-30
inv_100288,sub_52262,1331.59,2024-01-17
inv_100289,sub_51211,814.85,2024-10-28
inv_100290,sub_51498,1035.25,2023-02-18
inv_100291,sub_53695,1083.49,2024-06-14
inv_100293,sub_52056,572.74,2023-11-22
inv_100294,sub_50567,1159.38,2024-08-08
inv_100295,sub_51001,512.05,2023-09-19
inv_100296,sub_50511,53.07,2023-08-17
inv_100297,sub_51829,1184.05,2023-02-24
inv_100298,sub_52164,1248.98,2023-05-11
inv_100299,sub_50744,546.66,2023-09-29
inv_100300,sub_51595,1406.28,2024-10-18
inv_100301,sub_53356,430.73,2023-09-17
inv_100302,sub_52148,78.45,2023-07-22
inv_100303,sub_53559,989.5,2023-09-27
inv_100304,sub_53436,457.73,2024-02-09
inv_100305,sub_52100,79.45,2023-09-01
inv_100306,sub_51191,57.09,2023-01-24
inv_100307,sub_50739,628.41,2024-10-24
inv_100308,sub_51794,1447.26,2023-05-19
inv_100309,sub_53118,991.74,2023-02-12
inv_100310,sub_50443,764.39,2024-07-01
inv_100311,sub_53115,33.71,2023-08-29
inv_100312,sub_52144,1281.44,2023-04-30
inv_100313,sub_51191,487.16,2023-01-14
inv_100314,sub_53574,912.79,2024-05-20
inv_100315,sub_50052,701.06,2024-06-22
inv_100316,sub_50591,452.27,2024-07-18
inv_100317,sub_52833,140.55,2024-08-07
inv_100318,sub_51199,437.79,2023-03-16
inv_100319,sub_50483,608.38,2024-12-24
inv_100320,sub_51072,856.45,2024-02-28
inv_100321,sub_51024,945.38,2024-08-29
inv_100322,sub_53557,435.26,2024-07-12
inv_100324,sub_53892,1012.53,2024-09-05
inv_100325,sub_51704,1083.29,2024-08-12
inv_100326,sub_51555,497.09,2024-01-18
inv_100327,sub_52534,99.51,2023-01-22
inv_100328,sub_52665,1008.86,2024-06-02
inv_100329,sub_50096,744.01,2024-01-12
inv_100330,sub_50184,1330.09,2023-12-05
inv_100331,sub_52683,1321.86,2023-10-11
inv_100332,sub_52163,440.38,2024-08-19
inv_100333,sub_53201,1029.9,2024-11-07
inv_100334,sub_52287,117.49,2023-11-09
inv_100335,sub_52300,881.83,2024-06-21
inv_100336,sub_50925,1240.93,2023-01-27
inv_100337,sub_52513,24.5,2023-01-29
inv_100338,sub_51895,188.97,2023-02-04
inv_100339,sub_50517,909.6,2023-07-01
inv_100340,sub_52983,1099.24,2023-02-08
inv_100341,sub_53373,1024.47,2023-08-18
inv_100342,sub_53345,380.0,2023-05-17
inv_100343,sub_51953,791.24,2024-09-15
inv_100344,sub_50468,149.11,2024-08-04
inv_100345,sub_53287,181.31,2023-11-02
inv_100346,sub_52095,839.9,2024-04-19
inv_100347,sub_52000,1254.94,2023-07-28
inv_100348,sub_53319,1315.73,2024-03-10
inv_100349,sub_53750,1427.23,2024-12-16
inv_100350,sub_52036,124.68,2023-10-29
inv_100351,sub_52477,1202.21,2023-12-14
inv_100352,sub_53828,519.41,2024-07-16
inv_100353,sub_50749,138.05,2023-01-01
inv_100355,sub_52219,462.05,2023-01-27
inv_100356,sub_50813,825.33,2023-11-23
inv_100357,sub_50852,1022.57,2024-08-07
inv_100358,sub_51550,578.23,2023-07-20
inv_100359,sub_52781,486.99,2023-11-09
inv_100360,sub_51586,679.63,2024-09-19
inv_100361,sub_51459,1207.09,2024-07-07
inv_100362,sub_50834,672.63,2024-08-31
inv_100363,sub_50533,1110.9,2023-12-07
inv_100364,sub_51939,445.6,2023-12-02
inv_100365,sub_51834,882.01,2024-04-13
inv_100366,sub_51579,1231.5,2023-01-06
inv_100367,sub_53271,238.28,2024-07-09
inv_100368,sub_51530,564.05,2023-05-25
inv_100369,sub_52413,1148.29,2024-06-07
inv_100370,sub_50083,79.45,2023-09-19
inv_100371,sub_53303,603.36,2023-10-24
inv_100372,sub_50309,236.68,2023-12-14
inv_100373,sub_53892,848.06,2023-09-18
inv_100374,sub_53501,1005.9,2023-09-27
inv_100375,sub_53428,858.81,2023-04-27
inv_100376,sub_50468,24.37,2024-01-09
inv_100377,sub_52387,603.62,2024-05-13
inv_100378,sub_53949,1122.6,2023-05-17
inv_100379,sub_52871,788.14,2024-07-01
inv_100380,sub_51059,135.07,2024-06-26
inv_100381,sub_53823,1424.24,2024-02-03
inv_100382,sub_51893,1179.75,2024-06-27
inv_100383,sub_52106,620.07,2023-08-09
inv_100384,sub_50713,1089.54,2024-02-01
inv_100386,sub_51722,543.56,2024-05-17
inv_100387,sub_53188,293.47,2023-09-16
inv_100388,sub_53930,1297.46,2023-09-21
inv_100389,sub_52787,300.71,2023-02-24
inv_100390,sub_51810,678.74,2023-10-16
inv_100391,sub_51068,287.64,2023-10-29
inv_100392,sub_52446,512.26,2023-02-15
inv_100393,sub_51258,1015.97,2024-09-11
inv_100394,sub_51060,1234.96,2024-12-27
inv_100395,sub_53265,1092.48,2024-04-22
inv_100396,sub_52745,1228.04,2023-10-16
inv_100397,sub_51261,981.61,2023-12-20
inv_100398,sub_53393,99.6,2024-05-11
inv_100399,sub_52529,1017.38,2024-06-16
inv_100400,sub_51327,310.08,2024-03-22
inv_100401,sub_53965,1318.38,2023-05-13
inv_100402,sub_51431,1174.28,2024-07-23
inv_100403,sub_51926,1081.32,2024-03-15
inv_100404,sub_52469,1039.46,2023-09-22
inv_100405,sub_53700,399.19,2024-10-27
inv_100406,sub_52593,401.25,2024-07-23
inv_100407,sub_51979,869.83,2024-03-02
inv_100408,sub_50968,510.46,2024-06-13
inv_100409,sub_51171,587.88,2023-04-15
inv_100410,sub_53103,1348.95,2024-06-26
inv_100411,sub_51064,483.19,2023-04-01
inv_100412,sub_52907,1442.25,2023-01-06
inv_100413,sub_53944,1333.48,2023-05-17
inv_100414,sub_52472,1011.49,2024-08-12
inv_100415,sub_50115,367.38,2023-07-29
inv_100417,sub_51954,218.62,2024-09-15
inv_100418,sub_51494,633.5,2023-06-10
inv_100419,sub_51423,1220.0,2023-12-26
inv_100420,sub_52039,1397.46,2024-10-11
inv_100421,sub_50580,190.43,2024-08-04
inv_100422,sub_51961,1488.33,2023-05-20
inv_100423,sub_53833,1486.73,2023-02-18
inv_100424,sub_51730,1000.65,2024-03-12
inv_100425,sub_51143,597.7,2024-03-15
inv_100426,sub_50958,668.96,2024-02-10
inv_100427,sub_50143,1379.25,2024-04-24
inv_100428,sub_51596,1159.67,2023-01-17
inv_100429,sub_51774,1059.1,2023-10-27
inv_100430,sub_50547,111.76,2023-05-17
inv_100431,sub_50623,1113.56,2023-07-07
inv_100432,sub_52664,1299.92,2024-07-05
inv_100433,sub_52153,565.68,2023-05-09
inv_100434,sub_52561,361.9,2024-07-23
inv_100435,sub_51126,203.2,2024-12-28
inv_100436,sub_51173,853.79,2024-04-04
inv_100437,sub_52357,836.48,2023-11-11
inv_100438,sub_51966,958.94,2023-01-30
inv_100439,sub_50468,845.71,2024-05-10
inv_100440,sub_51674,790.54,2023-04-28
inv_100441,sub_53854,359.32,2024-12-10
inv_100442,sub_53070,121.85,2023-01-05
inv_100443,sub_50956,503.35,2024-11-25
inv_100444,sub_50348,409.44,2024-10-03
inv_100445,sub_52654,961.38,2023-09-17
inv_100446,sub_52985,1358.21,2024-09-08
inv_100448,sub_50481,199.35,2024-10-29
inv_100449,sub_51742,700.64,2023-09-24
inv_100450,sub_51835,1384.53,2024-04-23
inv_100451,sub_50854,124.16,2024-10-16
inv_100452,sub_50878,416.3,2023-04-07
inv_100453,sub_50423,732.72,2023-02-16
inv_100454,sub_50599,1225.79,2023-05-18
inv_100455,sub_52315,1088.6,2023-09-13
inv_100456,sub_51362,1102.65,2024-08-07
inv_100457,sub_51937,378.96,2024-12-04
inv_100458,sub_52075,1135.8,2024-07-16
inv_100459,sub_53464,735.97,2024-04-28
inv_100460,sub_52677,758.14,2023-02-28
inv_100461,sub_50753,1217.72,2023-10-02
inv_100462,sub_52071,306.73,2024-08-26
inv_100463,sub_50472,229.31,2024-02-14
inv_100464,sub_52746,132.87,2023-12-12
inv_100465,sub_51390,1370.71,2024-06-13
inv_100466,sub_52392,1121.28,2024-06-21
inv_100467,sub_50863,690.73,2024-04-22
inv_100468,sub_53525,545.35,2023-07-05
inv_100469,sub_53914,1089.8,2023-07-17
inv_100470,sub_53538,1293.59,2024-01-22
inv_100471,sub_51463,1357.9,2023-12-22
inv_100472,sub_50333,1106.01,2023-05-06
inv_100473,sub_52315,230.06,2024-10-20
inv_100474,sub_51351,1175.08,2023-10-15
inv_100475,sub_50387,1227.16,2024-03-07
inv_100476,sub_51984,547.1,2023-12-29
inv_100477,sub_52120,1414.71,2024-06-27
inv_100479,sub_50607,1422.31,2024-12-10
inv_100480,sub_52180,95.82,2023-04-26
inv_100481,sub_52390,1154.24,2023-03-15
inv_100482,sub_50280,185.72,2024-02-16
inv_100483,sub_52065,1358.05,2023-01-02
inv_100484,sub_50747,1162.08,2023-04-30
inv_100485,sub_50720,506.05,2023-12-29
inv_100486,sub_51096,272.51,2023-02-21
inv_100487,sub_51115,948.43,2023-11-04
inv_100488,sub_51206,219.07,2024-11-16
inv_100489,sub_50512,53.9,2024-05-20
inv_100490,sub_50371,1084.79,2023-10-23
inv_100491,sub_53516,816.27,2023-02-03
inv_100492,sub_52080,86.04,2024-08-20
inv_100493,sub_51240,1123.25,2024-08-24
inv_100494,sub_51494,317.48,2023-08-28
inv_100495,sub_53461,369.82,2024-01-21
inv_100496,sub_51611,645.29,2023-02-11
inv_100497,sub_51134,521.72,2023-06-04
inv_100498,sub_53082,1402.83,2024-03-05
inv_100499,sub_52946,1491.19,2024-08-12
inv_100500,sub_50551,343.26,2024-06-29
inv_100501,sub_50661,1152.38,2023-02-07
inv_100502,sub_53518,1318.26,2023-01-12
inv_100503,sub_50748,541.84,2024-07-02
inv_100504,sub_50251,242.59,2024-07-25
inv_100505,sub_53155,942.14,2024-03-14
inv_100506,sub_53065,1146.11,2023-07-19
inv_100507,sub_53676,66.14,2023-12-09
inv_100508,sub_50946,722.91,2024-06-29
inv_100510,sub_52410,797.76,2024-03-08
inv_100511,sub_51728,767.11,2024-09-11
inv_100512,sub_52190,1448.16,2023-10-11
inv_100513,sub_52840,793.27,2024-03-13
inv_100514,sub_53201,433.03,2024-03-18
inv_100515,sub_51777,482.65,2023-07-24
inv_100516,sub_51490,257.75,2023-09-12
inv_100517,sub_52139,559.19,2025-01-01
inv_100518,sub_50408,1314.2,2023-05-06
inv_100519,sub_52651,250.13,2023-06-14
inv_100520,sub_52731,738.19,2023-01-06
inv_100521,sub_50481,1432.81,2024-08-07
inv_100522,sub_50566,976.5,2023-08-19
inv_100523,sub_53083,521.96,2023-09-01
inv_100524,sub_51987,992.14,2023-08-04
inv_100525,sub_52445,363.35,2023-07-11
inv_100526,sub_51519,1149.65,2023-02-09
inv_100527,sub_50303,1249.73,2024-09-15
inv_100528,sub_50709,253.34,2024-11-06
inv_100529,sub_53890,160.22,2024-08-11
inv_100530,sub_51756,1345.64,2024-04-27
inv_100531,sub_53436,1302.56,2023-01-14
inv_100532,sub_50921,197.5,2023-12-01
inv_100533,sub_53224,318.63,2024-05-21
inv_100534,sub_50482,1158.54,2023-02-05
inv_100535,sub_53964,896.01,2023-05-31
inv_100536,sub_50084,1314.33,2023-09-11
inv_100537,sub_52691,306.65,2024-04-13
inv_100538,sub_53638,1020.69,2024-05-20
inv_100539,sub_51375,344.84,2023-06-09
inv_100541,sub_53013,899.68,2023-09-09
inv_100542,sub_50905,142.17,2024-10-02
inv_100543,sub_50581,139.23,2024-03-20
inv_100544,sub_51053,1036.29,2023-10-20
inv_100545,sub_53442,520.67,2023-01-12
inv_100546,sub_52613,709.95,2023-09-21
inv_100547,sub_50765,1307.95,2024-05-03
inv_100548,sub_52116,758.04,2023-08-21
inv_100549,sub_50112,93.37,2024-04-27
inv_100550,sub_51456,273.6,2023-12-10
inv_100551,sub_52032,564.21,2024-12-01
inv_100552,sub_52097,303.25,2023-10-18
inv_100553,sub_52479,1026.9,2023-05-18
inv_100554,sub_52274,1078.84,2024-02-11
inv_100555,sub_53354,616.1,2024-07-25
inv_100556,sub_50319,32.0,2024-03-19
inv_100557,sub_52680,358.88,2023-01-18
inv_100558,sub_53775,731.64,2024-11-27
inv_100559,sub_53952,263.0,2024-07-26
inv_100560,sub_53493,272.48,2024-02-09
inv_100561,sub_52824,529.28,2023-12-10
inv_100562,sub_53495,1150.63,2024-07-09
inv_100563,sub_50660,190.73,2024-06-13
inv_100564,sub_50442,61.74,2024-07-29
inv_100565,sub_51672,1143.4,2023-10-21
inv_100566,sub_50557,933.93,2023-10-07
inv_100567,sub_52728,1212.94,2023-06-28
inv_100568,sub_50323,1240.09,2024-04-21
inv_100569,sub_51195,876.23,2023-12-02
inv_100570,sub_51041,869.04,2023-04-29
inv_100572,sub_52114,1488.99,2024-05-14
inv_100573,sub_52725,1334.03,2024-12-08
inv_100574,sub_51781,990.62,2024-06-22
inv_100575,sub_51971,868.44,2023-01-22
inv_100576,sub_52294,681.39,2023-03-02
inv_100577,sub_52500,892.49,2023-07-29
inv_100578,sub_51502,417.25,2023-06-15
inv_100579,sub_51853,1359.58,2023-05-10
inv_100580,sub_52465,332.4,2024-04-20
inv_100581,sub_53773,1329.11,2024-04-25
inv_100582,sub_50146,745.21,2023-05-14
inv_100583,sub_53229,1410.89,2024-11-07
inv_100584,sub_50142,1009.58,2024-09-28
inv_100585,sub_52950,1281.9,2024-03-15
inv_100586,sub_51762,879.42,2023-04-20
inv_100587,sub_51741,1441.95,2023-02-07
inv_100588,sub_51021,186.16,2024-08-17
inv_100589,sub_50507,507.14,2024-04-22
inv_100590,sub_50801,175.99,2023-07-12
inv_100591,sub_50126,546.21,2024-02-10
inv_100592,sub_50468,591.56,2024-01-07
inv_100593,sub_50108,554.82,2023-01-28
inv_100594,sub_51011,511.74,2024-06-13
inv_100595,sub_53383,1236.55,2024-06-06
inv_100596,sub_52893,612.94,2023-10-24
inv_100597,sub_52742,1147.65,2023-01-20
inv_100598,sub_52292,180.4,2024-07-23
inv_100599,sub_50558,263.2,2023-05-26
inv_100600,sub_52236,1136.21,2023-05-29
inv_100601,sub_53374,1377.72,2024-10-10
inv_100603,sub_51656,486.12,2024-01-30
inv_100604,sub_51231,267.41,2023-11-23
inv_100605,sub_53150,1455.12,2024-06-26
inv_100606,sub_50281,903.31,2023-06-13
inv_100607,sub_53562,369.1,2024-02-13
inv_100608,sub_50417,1146.03,2023-10-25
inv_100609,sub_50682,1001.88,2023-05-12
inv_100610,sub_52644,1084.26,2024-03-23
inv_100611,sub_50414,611.62,2023-08-31
inv_100612,sub_50999,607.22,2024-02-25
inv_100613,sub_50178,563.49,2024-06-17
inv_100614,sub_53143,1260.02,2023-10-15
inv_100615,sub_51042,488.95,2023-10-29
inv_100616,sub_52515,987.47,2024-10-16
inv_100617,sub_51323,1294.21,2023-03-11
inv_100618,sub_50899,258.37,2024-04-05
inv_100619,sub_50374,547.81,2024-01-12
inv_100620,sub_53913,1281.91,2024-09-01
inv_100621,sub_51388,360.66,2024-12-13
inv_100622,sub_51223,1101.57,2023-12-12
inv_100623,sub_52675,1473.18,2024-09-10
inv_100624,sub_53280,206.93,2024-10-02
inv_100625,sub_50444,1084.07,2024-12-13
inv_100626,sub_52561,1421.17,2023-04-16
inv_100627,sub_53195,491.26,2023-11-15
inv_100628,sub_51933,1221.09,2023-09-04
inv_100629,sub_51562,1340.83,2023-07-15
inv_100630,sub_50361,866.78,2023-07-20
inv_100631,sub_51647,580.54,2023-05-28
inv_100632,sub_52743,21.98,2023-11-23
inv_100634,sub_50580,781.95,2024-01-03
inv_100635,sub_52576,472.13,2023-08-29
inv_100636,sub_52356,1065.13,2023-07-30
inv_100637,sub_53584,1307.15,2023-06-10
inv_100638,sub_51512,949.75,2024-03-09
inv_100639,sub_53115,1052.63,2023-02-01
inv_100640,sub_50200,170.67,2023-04-26
inv_100641,sub_51197,1030.06,2023-11-10
inv_100642,sub_51983,846.02,2023-09-01
inv_100643,sub_51753,1454.38,2023-08-16
inv_100644,sub_51890,405.19,2023-05-25
inv_100645,sub_52755,616.58,2023-05-17
inv_100646,sub_50886,236.37,2024-08-05
inv_100647,sub_52693,842.77,2024-12-17
inv_100648,sub_53889,163.94,2024-05-30
inv_100649,sub_52518,1420.62,2024-05-31
inv_100650,sub_53425,1104.1,2024-02-08
inv_100651,sub_50808,540.31,2024-09-06
inv_100652,sub_53194,1480.0,2023-05-26
inv_100653,sub_53305,409.9,2023-01-06
inv_100654,sub_51136,1101.39,2023-04-10
inv_100655,sub_52623,235.15,2023-02-02
inv_100656,sub_50534,964.07,2023-10-20
inv_100657,sub_50227,938.08,2023-04-10
inv_100658,sub_52942,437.61,2024-08-24
inv_100659,sub_52888,1186.79,2023-04-05
inv_100660,sub_51081,156.46,2024-03-24
inv_100661,sub_50423,54.17,2023-03-23
inv_100662,sub_52465,155.04,2023-11-23
inv_100663,sub_51164,100.43,2023-06-06
inv_100665,sub_52989,110.27,2023-09-15
inv_100666,sub_50711,36.01,2024-12-05
inv_100667,sub_53898,843.62,2024-03-12
inv_100668,sub_50797,328.46,2023-06-24
inv_100669,sub_50082,1022.88,2023-07-11
inv_100670,sub_51779,779.15,2024-08-23
inv_100671,sub_51892,1311.93,2023-01-31
inv_100672,sub_51887,301.39,2023-10-03
inv_100673,sub_52316,512.54,2024-07-03
inv_100674,sub_52691,188.64,2023-04-30
inv_100675,sub_53856,380.26,2024-03-10
inv_100676,sub_50356,1421.05,2023-03-29
inv_100677,sub_53391,1168.09,2024-11-29
inv_100678,sub_51438,1343.28,2024-02-17
inv_100679,sub_51270,677.26,2023-12-30
inv_100680,sub_51557,1118.44,2024-02-10
inv_100681,sub_50386,307.26,2024-03-02
inv_100682,sub_50295,137.45,2024-05-06
inv_100683,sub_53945,605.49,2024-10-09
inv_100684,sub_53174,1255.86,2023-09-27
inv_100685,sub_51860,354.95,2023-02-02
inv_100686,sub_52575,375.28,2023-04-14
inv_100687,sub_53277,1483.33,2024-06-21
inv_100688,sub_51066,72.06,2023-04-07
inv_100689,sub_51130,1103.14,2024-12-29
inv_100690,sub_52852,808.87,2023-11-21
inv_100691,sub_53898,1342.11,2024-03-21
inv_100692,sub_53149,1280.12,2023-02-21
inv_100693,sub_52102,168.62,2023-03-12
inv_100694,sub_52068,448.0,2023-11-21
inv_100696,sub_53893,1191.8,2023-01-25
inv_100697,sub_53073,1428.46,2024-04-07
inv_100698,sub_51996,1126.55,2024-02-20
inv_100699,sub_53272,1113.36,2023-12-03
inv_100700,sub_51767,1254.21,2023-10-02
inv_100701,sub_52513,358.52,2023-09-07
inv_100702,sub_50454,979.42,2024-03-29
inv_100703,sub_51656,795.76,2023-10-14
inv_100704,sub_53118,617.5,2024-07-10
inv_100705,sub_52225,359.69,2024-07-13
inv_100706,sub_53669,1392.7,2024-11-02
inv_100707,sub_53552,329.24,2023-01-29
inv_100708,sub_50294,795.94,2024-07-19
inv_100709,sub_51213,481.13,2024-12-07
inv_100710,sub_53991,1473.24,2023-01-02
inv_100711,sub_52843,258.5,2023-06-07
inv_100712,sub_52302,416.85,2023-04-26
inv_100713,sub_50622,1168.86,2024-08-01
inv_100714,sub_51520,423.13,2023-05-04
inv_100715,sub_50929,1227.23,2023-02-08
inv_100716,sub_53850,374.75,2023-07-03
inv_100717,sub_53169,897.38,2023-11-15
inv_100718,sub_51845,274.73,2023-07-23
inv_100719,sub_52357,47.64,2024-01-20
inv_100720,sub_51825,293.32,2024-11-19
inv_100721,sub_50647,1477.84,2023-06-23
inv_100722,sub_53442,445.75,2023-09-21
inv_100723,sub_50746,1316.09,2023-07-31
inv_100724,sub_50981,1006.33,2023-04-04
inv_100725,sub_52662,147.9,2023-07-11
inv_100727,sub_51135,226.27,2024-03-25
inv_100728,sub_51780,1092.07,2024-08-15
inv_100729,sub_51864,1303.9,2024-05-03
inv_100730,sub_50209,1302.72,2024-09-09
inv_100731,sub_52525,1011.63,2024-10-21
inv_100732,sub_51093,559.81,2023-05-24
inv_100733,sub_50122,505.64,2024-12-29
inv_100734,sub_51967,1156.59,2024-06-24
inv_100735,sub_53931,1033.34,2023-10-12
inv_100736,sub_52744,1110.91,2024-01-11
inv_100737,sub_51280,469.69,2024-12-20
inv_100738,sub_51949,1090.79,2023-01-04
inv_100739,sub_51421,785.67,2024-02-25
inv_100740,sub_53655,364.6,2024-10-06
inv_100741,sub_53403,1210.24,2024-06-02
inv_100742,sub_53897,131.71,2024-06-17
inv_100743,sub_53303,358.13,2024-06-19
inv_100744,sub_50482,547.39,2023-11-30
inv_100745,sub_51877,283.14,2024-04-02
inv_100746,sub_53278,654.61,2024-06-13
inv_100747,sub_51966,1171.15,2024-08-05
inv_100748,sub_52249,1217.75,2024-02-17
inv_100749,sub_53906,72.53,2024-09-10
inv_100750,sub_50372,1081.93,2024-10-22
inv_100751,sub_51849,858.17,2024-05-21
inv_100752,sub_53532,223.83,2024-07-17
inv_100753,sub_50591,395.72,2024-03-15
inv_100754,sub_50816,533.48,2024-11-11
inv_100755,sub_51413,1059.8,2024-09-12
inv_100756,sub_50895,234.28,2023-03-02
inv_100758,sub_51586,497.34,2024-05-07
inv_100759,sub_51591,827.91,2023-04-29
inv_100760,sub_52036,808.36,2024-09-04
inv_100761,sub_52620,1492.74,2024-03-08
inv_100762,sub_52075,1415.08,2024-07-10
inv_100763,sub_52934,1171.93,2024-06-17
inv_100764,sub_51508,141.46,2023-12-20
inv_100765,sub_52586,169.55,2024-02-06
inv_100766,sub_51360,1215.67,2024-11-09
inv_100767,sub_53108,846.62,2024-02-24
inv_100768,sub_52645,922.25,2024-04-23
inv_100769,sub_53670,243.24,2023-07-19
inv_100770,sub_50475,390.0,2023-01-27
inv_100771,sub_51084,202.08,2023-09-10
inv_100772,sub_51432,470.14,2024-06-15
inv_100773,sub_50408,298.0,2023-02-14
inv_100774,sub_50741,654.27,2024-06-10
inv_100775,sub_53990,1296.79,2024-11-02
inv_100776,sub_50732,103.81,2023-01-18
inv_100777,sub_53544,522.92,2023-06-20
inv_100778,sub_50206,925.76,2023-12-20
inv_100779,sub_51845,451.89,2023-10-19
inv_100780,sub_53691,116.68,2023-04-18
inv_100781,sub_51168,1397.02,2024-08-29
inv_100782,sub_52714,1449.55,2023-12-18
inv_100783,sub_52785,963.29,2024-05-02
inv_100784,sub_53029,115.74,2023-11-04
inv_100785,sub_50288,1186.39,2024-05-29
inv_100786,sub_50223,1237.75,2023-09-19
inv_100787,sub_51711,540.26,2023-05-15
inv_100789,sub_53295,1361.67,2024-05-30
inv_100790,sub_52892,1130.82,2023-09-24
inv_100791,sub_50838,1239.36,2024-09-29
inv_100792,sub_51913,936.58,2024-11-12
inv_100793,sub_53550,89.86,2024-01-19
inv_100794,sub_51564,530.2,2023-03-13
inv_100795,sub_51718,1275.54,2024-09-08
inv_100796,sub_52052,645.07,2024-05-19
inv_100797,sub_53316,751.9,2024-06-17
inv_100798,sub_53371,1063.08,2023-01-30
inv_100799,sub_50928,181.95,2023-02-01
inv_100800,sub_51531,1076.82,2024-11-22
inv_100801,sub_51369,1345.03,2023-09-07
inv_100802,sub_50731,1405.97,2024-12-17
inv_100803,sub_50050,770.42,2024-01-04
inv_100804,sub_52137,60.25,2024-11-15
inv_100805,sub_50573,578.68,2024-04-07
inv_100806,sub_50577,658.62,2024-03-01
inv_100807,sub_51588,849.65,2023-11-02
inv_100808,sub_53084,896.22,2023-10-10
inv_100809,sub_53318,1411.42,2023-10-03
inv_100810,sub_51543,944.7,2023-12-01
inv_100811,sub_52524,667.77,2024-08-03
inv_100812,sub_50525,390.18,2024-10-27
inv_100813,sub_51333,802.96,2023-10-08
inv_100814,sub_50240,330.28,2023-12-06
inv_100815,sub_50583,625.12,2023-03-16
inv_100816,sub_53678,272.5,2023-10-23
inv_100817,sub_50049,719.6,2023-11-10
inv_100818,sub_51092,375.99,2023-04-25
inv_100820,sub_50383,1183.31,2023-11-24
inv_100821,sub_50935,926.66,2023-06-04
inv_100822,sub_50235,1262.9,2023-09-24
inv_100823,sub_50137,1105.87,2023-02-14
inv_100824,sub_51657,315.84,2024-04-04
inv_100825,sub_51609,347.09,2023-12-11
inv_100826,sub_52064,635.17,2024-09-03
inv_100827,sub_53672,53.18,2023-11-10
inv_100828,sub_53603,556.12,2023-09-02
inv_100829,sub_50656,943.54,2023-05-02
inv_100830,sub_53594,148.72,2024-04-10
inv_100831,sub_50429,846.06,2023-09-06
inv_100832,sub_51167,836.62,2023-08-31
inv_100833,sub_50146,776.29,2024-01-25
inv_100834,sub_53041,377.05,2023-03-04
inv_100835,sub_53598,1322.67,2023-04-19
inv_100836,sub_50628,1321.31,2024-05-24
inv_100837,sub_52976,946.41,2023-01-19
inv_100838,sub_51804,910.41,2023-03-06
inv_100839,sub_51132,1163.54,2024-06-18
inv_100840,sub_50735,403.16,2024-07-01
inv_100841,sub_50988,149.45,2023-10-08
inv_100842,sub_52791,652.18,2023-07-08
inv_100843,sub_52813,1363.42,2023-03-02
inv_100844,sub_51096,1291.56,2023-03-25
inv_100845,sub_53601,1237.36,2023-01-13
inv_100846,sub_52697,747.14,2023-10-14
inv_100847,sub_53843,901.68,2023-01-10
inv_100848,sub_52772,1236.89,2024-10-14
inv_100849,sub_51692,538.73,2024-01-19
inv_100851,sub_52330,1271.38,2024-12-08
inv_100852,sub_51979,590.92,2023-12-01
inv_100853,sub_50293,1288.59,2024-09-15
inv_100854,sub_51791,95.68,2023-08-09
inv_100855,sub_50386,353.54,2023-04-03
inv_100856,sub_50119,739.44,2023-01-13
inv_100857,sub_53027,1282.75,2023-06-24
inv_100858,sub_51156,702.15,2024-04-10
inv_100859,sub_52834,192.11,2023-05-31
inv_100860,sub_52618,209.49,2023-11-04
inv_100861,sub_51647,1189.01,2023-08-23
inv_100862,sub_53369,1169.98,2023-11-14
inv_100863,sub_52160,408.28,2024-07-27
inv_100864,sub_51203,856.75,2024-03-22
inv_100865,sub_53814,940.72,2023-08-20
inv_100866,sub_51288,27.46,2024-06-30
inv_100867,sub_53490,1439.68,2024-01-11
inv_100868,sub_50016,171.25,2024-03-22
inv_100869,sub_52151,923.69,2024-03-24
inv_100870,sub_53553,341.08,2023-07-28
inv_100871,sub_52806,636.17,2024-12-14
inv_100872,sub_53266,782.81,2024-12-03
inv_100873,sub_51557,657.91,2024-09-07
inv_100874,sub_51701,114.13,2024-10-04
inv_100875,sub_50162,288.89,2024-04-29
inv_100876,sub_53497,712.1,2023-12-24
inv_100877,sub_53041,865.42,2023-03-31
inv_100878,sub_50082,687.99,2023-06-20
inv_100879,sub_53182,1187.07,2024-06-22
inv_100880,sub_50877,487.05,2024-12-30
inv_100882,sub_53084,27.67,2023-01-27
inv_100883,sub_50975,1025.43,2024-04-24
inv_100884,sub_51361,1392.87,2024-01-13
inv_100885,sub_52174,1130.8,2024-11-14
inv_100886,sub_52557,1073.1,2024-08-25
inv_100887,sub_53781,1279.84,2023-10-08
inv_100888,sub_51641,729.88,2023-08-03
inv_100889,sub_53788,842.39,2024-10-22
inv_100890,sub_52945,1014.74,2023-07-10
inv_100891,sub_53054,276.81,2024-08-16
inv_100892,sub_51855,647.37,2023-10-09
inv_100893,sub_53076,553.1,2024-07-24
inv_100894,sub_53490,99.2,2023-03-30
inv_100895,sub_52458,1140.22,2023-03-04
inv_100896,sub_51672,434.72,2024-04-18
inv_100897,sub_52923,99.6,2023-06-09
inv_100898,sub_51138,607.1,2024-08-20
inv_100899,sub_51501,1001.35,2024-12-30
inv_100900,sub_51563,581.22,2023-01-26
inv_100901,sub_51473,127.0,2024-10-07
inv_100902,sub_52370,469.2,2023-06-03
inv_100903,sub_51300,995.58,2024-08-30
inv_100904,sub_53035,447.83,2024-06-11
inv_100905,sub_51816,1211.91,2024-01-30
inv_100906,sub_50487,1372.88,2024-03-19
inv_100907,sub_52748,1403.51,2023-12-16
inv_100908,sub_50919,127.35,2024-12-07
inv_100909,sub_52879,1069.18,2024-12-10
inv_100910,sub_53149,24.37,2023-07-04
inv_100911,sub_50952,1210.3,2024-03-14
inv_100913,sub_51509,145.82,2023-03-11
inv_100914,sub_50959,1282.75,2023-10-18
inv_100915,sub_51133,519.05,2023-07-02
inv_100916,sub_50996,648.62,2024-08-02
inv_100917,sub_52470,742.17,2024-08-26
inv_100918,sub_52209,553.07,2023-05-09
inv_100919,sub_51218,615.97,2024-12-31
inv_100920,sub_53833,263.77,2023-12-17
inv_100921,sub_51419,911.46,2024-12-19
inv_100922,sub_51701,1477.03,2023-07-10
inv_100923,sub_53733,1200.94,2023-03-11
inv_100924,sub_52133,1207.85,2023-04-26
inv_100925,sub_53626,1077.32,2023-10-02
inv_100926,sub_53306,278.79,2024-01-18
inv_100927,sub_51568,75.02,2024-01-04
inv_100928,sub_50397,1103.29,2023-08-10
inv_100929,sub_51933,1186.23,2023-07-28
inv_100930,sub_50995,937.04,2024-05-28
inv_100931,sub_53953,400.58,2024-11-19
inv_100932,sub_52159,633.53,2024-03-17
inv_100933,sub_50279,1025.78,2024-10-20
inv_100934,sub_50071,427.59,2024-01-05
inv_100935,sub_51259,779.21,2023-11-16
inv_100936,sub_53511,328.4,2023-02-10
inv_100937,sub_53975,1416.77,2023-06-15
inv_100938,sub_53022,1222.94,2024-06-01
inv_100939,sub_53353,1042.52,2023-04-20
inv_100940,sub_51060,104.98,2024-08-29
inv_100941,sub_51708,431.97,2024-01-21
inv_100942,sub_51133,288.1,2024-07-30
inv_100944,sub_50695,1283.2,2024-05-02
inv_100945,sub_51323,1164.41,2024-12-06
inv_100946,sub_53822,341.32,2023-02-13
inv_100947,sub_53951,709.73,2023-04-24
inv_100948,sub_51233,952.16,2024-04-03
inv_100949,sub_51248,759.3,2023-04-19
inv_100950,sub_53108,560.95,2023-10-09
inv_100951,sub_52402,897.53,2024-02-13
inv_100952,sub_53033,411.99,2023-06-18
inv_100953,sub_53719,341.58,2024-03-20
inv_100954,sub_53780,600.05,2023-03-19
inv_100955,sub_51883,614.59,2023-10-06
inv_100956,sub_52022,42.14,2023-06-21
inv_100957,sub_53463,679.99,2024-11-28
inv_100958,sub_52756,404.27,2023-03-05
inv_100959,sub_51043,891.0,2024-06-21
inv_100960,sub_52718,1193.54,2023-03-15
inv_100961,sub_50402,173.85,2023-06-22
inv_100962,sub_51093,1196.19,2024-11-27
inv_100963,sub_52930,1183.92,2024-07-18
inv_100964,sub_53878,1382.84,2023-05-05
inv_100965,sub_51047,1003.87,2023-12-25
inv_100966,sub_50982,1110.9,2024-01-24
inv_100967,sub_50333,1267.45,2024-10-18
inv_100968,sub_50704,390.58,2023-02-05
inv_100969,sub_53911,23.72,2023-05-24
inv_100970,sub_50202,248.76,2024-05-29
inv_100971,sub_52398,961.4,2024-01-02
inv_100972,sub_52926,476.02,2024-06-21
inv_100973,sub_53530,1499.91,2024-04-16
inv_100975,sub_50928,124.47,2023-05-27
inv_100976,sub_53586,866.94,2023-10-18
inv_100977,sub_50175,394.82,2023-06-18
inv_100978,sub_50381,127.38,2023-09-16
inv_100979,sub_51519,957.66,2024-11-02
inv_100980,sub_53835,648.32,2023-03-03
inv_100981,sub_50593,1112.34,2024-04-28
inv_100982,sub_53466,118.75,2023-02-05
inv_100983,sub_51642,241.37,2024-09-25
inv_100984,sub_51577,949.86,2023-03-06
inv_100985,sub_53835,673.87,2024-07-21
inv_100986,sub_51559,395.17,2024-09-07
inv_100987,sub_53535,686.42,2023-09-16
inv_100988,sub_51023,907.59,2024-02-27
inv_100989,sub_53149,1358.33,2024-10-18
inv_100990,sub_52609,77.59,2023-01-03
inv_100991,sub_53918,874.0,2024-06-10
inv_100992,sub_51598,687.4,2023-01-01
inv_100993,sub_52757,49.39,2023-03-09
inv_100994,sub_53206,1371.19,2023-07-26
inv_100995,sub_50160,303.09,2024-09-20
inv_100996,sub_50057,283.66,2024-05-07
inv_100997,sub_51377,1439.64,2023-03-02
inv_100998,sub_52912,847.73,2023-03-24
inv_100999,sub_52396,1221.11,2023-08-05
inv_101000,sub_53615,919.73,2023-02-22
inv_101001,sub_53850,202.19,2023-12-20
inv_101002,sub_51255,1153.62,2023-11-21
inv_101003,sub_53868,1440.46,2024-02-12
inv_101004,sub_50695,625.54,2024-11-10
inv_101006,sub_52332,743.54,2023-07-30
inv_101007,sub_52470,1385.87,2024-08-03
inv_101008,sub_51429,1459.12,2024-04-05
inv_101009,sub_51713,908.86,2023-01-10
inv_101010,sub_52365,415.78,2023-12-12
inv_101011,sub_52126,588.45,2023-08-17
inv_101012,sub_50428,874.33,2024-08-08
inv_101013,sub_50201,383.24,2024-05-23
inv_101014,sub_53156,1038.89,2023-03-02
inv_101015,sub_51665,287.17,2023-06-11
inv_101016,sub_51094,829.77,2023-03-21
inv_101017,sub_50975,1283.42,2024-12-04
inv_101018,sub_50545,887.19,2024-11-14
inv_101019,sub_51064,1339.32,2024-06-15
inv_101020,sub_51969,208.92,2024-05-18
inv_101021,sub_51710,495.79,2024-12-15
inv_101022,sub_53870,195.48,2023-11-04
inv_101023,sub_50142,257.93,2023-02-13
inv_101024,sub_53269,46.72,2024-05-25
inv_101025,sub_52686,1140.66,2023-07-12
inv_101026,sub_50480,954.12,2024-01-27
inv_101027,sub_52738,559.47,2024-01-22
inv_101028,sub_51968,743.58,2024-04-14
inv_101029,sub_51753,1468.16,2024-08-11
inv_101030,sub_53709,1192.24,2024-04-19
inv_101031,sub_53139,127.11,2023-10-24
inv_101032,sub_52779,384.87,2024-12-29
inv_101033,sub_53505,116.38,2024-12-27
inv_101034,sub_51631,1495.83,2024-06-01
inv_101035,sub_51632,1051.61,2024-05-25
inv_101037,sub_50351,728.23,2024-12-29
inv_101038,sub_53056,1074.67,2023-03-24
inv_101039,sub_53049,1325.52,2023-04-11
inv_101040,sub_51085,671.97,2024-10-11
inv_101041,sub_52123,781.56,2023-11-09
inv_101042,sub_53580,400.82,2023-04-14
inv_101043,sub_53423,503.75,2024-03-20
inv_101044,sub_51141,215.78,2023-10-30
inv_101045,sub_53453,313.33,2024-11-16
inv_101046,sub_51747,926.91,2023-12-29
inv_101047,sub_52455,180.77,2023-04-27
inv_101048,sub_52739,128.96,2023-03-30
inv_101049,sub_51003,170.51,2023-10-25
inv_101050,sub_52942,781.66,2024-09-26
inv_101051,sub_51801,1048.07,2024-08-08
inv_101052,sub_51350,513.81,2023-04-25
inv_101053,sub_51083,584.53,2023-09-10
inv_101054,sub_53817,47.29,2023-04-29
inv_101055,sub_53170,1097.58,2024-10-06
inv_101056,sub_53940,342.27,2023-04-27
inv_101057,sub_53430,840.62,2024-09-01
inv_101058,sub_53287,303.7,2024-04-23
inv_101059,sub_51626,649.58,2023-05-17
inv_101060,sub_52945,629.12,2024-01-04
inv_101061,sub_51014,40.31,2023-10-30
inv_101062,sub_52970,1110.83,2023-02-17
inv_101063,sub_50390,1043.18,2024-12-27
inv_101064,sub_50778,613.75,2024-11-12
inv_101065,sub_51039,1219.21,2024-03-15
inv_101066,sub_52333,37.9,2023-10-08
inv_101068,sub_53850,1132.89,2023-10-13
inv_101069,sub_52569,545.7,2023-05-09
inv_101070,sub_52353,853.35,2023-03-19
inv_101071,sub_53023,769.32,2023-08-21
inv_101072,sub_51022,204.81,2023-09-24
inv_101073,sub_51799,1313.81,2023-05-09
inv_101074,sub_50986,1227.14,2023-06-18
inv_101075,sub_53756,1100.18,2024-06-21
inv_101076,sub_52165,1080.73,2024-05-04
inv_101077,sub_52636,161.46,2024-11-23
inv_101078,sub_52746,1249.37,2023-08-21
inv_101079,sub_50380,469.57,2024-08-04
inv_101080,sub_50258,804.4,2023-03-18
inv_101081,sub_51595,777.58,2023-06-08
inv_101082,sub_50457,1377.06,2023-06-03
inv_101083,sub_51236,358.39,2023-02-24
inv_101084,sub_52598,792.6,2023-12-29
inv_101085,sub_52483,1012.92,2024-10-23
inv_101086,sub_50768,243.86,2024-07-26
inv_101087,sub_52728,1048.57,2024-10-18
inv_101088,sub_53915,298.03,2023-04-25
inv_101089,sub_52496,144.03,2024-08-28
inv_101090,sub_53547,1234.27,2023-07-10
inv_101091,sub_52345,1367.5,2024-07-13
inv_101092,sub_52438,439.91,2024-05-22
inv_101093,sub_53850,208.66,2024-09-27
inv_101094,sub_52098,1148.42,2023-06-22
inv_101095,sub_53056,1154.8,2023-01-18
inv_101096,sub_52002,180.15,2024-05-19
inv_101097,sub_53354,1127.29,2024-09-02
inv_101099,sub_50554,1169.44,2023-11-29
inv_101100,sub_50265,1045.41,2023-07-21
inv_101101,sub_53926,210.62,2024-09-17
inv_101102,sub_50071,853.29,2024-04-20
inv_101103,sub_50465,372.99,2024-10-16
inv_101104,sub_50867,836.67,2023-10-14
inv_101105,sub_52473,1432.55,2024-06-12
inv_101106,sub_50778,1030.97,2023-09-21
inv_101107,sub_50979,495.41,2024-07-26
inv_101108,sub_51215,916.45,2024-11-10
inv_101109,sub_52865,279.68,2024-05-10
inv_101110,sub_51907,874.77,2023-08-06
inv_101111,sub_51279,547.43,2023-02-21
inv_101112,sub_52367,437.94,2024-07-26
inv_101113,sub_51005,232.88,2023-03-20
inv_101114,sub_51616,727.32,2023-09-29
inv_101115,sub_51377,625.1,2024-05-05
inv_101116,sub_53083,1136.43,2023-11-09
inv_101117,sub_53898,609.23,2024-01-19
inv_101118,sub_51809,595.86,2024-12-17
inv_101119,sub_52091,1081.26,2023-09-09
inv_101120,sub_51089,71.65,2024-06-28
inv_101121,sub_50589,1137.14,2024-09-18
inv_101122,sub_53772,72.15,2024-10-30
inv_101123,sub_53273,1362.71,2024-04-24
inv_101124,sub_50200,1113.94,2023-11-05
inv_101125,sub_52612,645.47,2024-06-16
inv_101126,sub_50853,287.61,2024-04-18
inv_101127,sub_50866,1027.69,2024-01-04
inv_101128,sub_52388,1132.97,2024-05-22
inv_101130,sub_53049,519.0,2023-09-03
inv_101131,sub_52606,1465.97,2024-11-09
inv_101132,sub_50129,182.27,2024-08-11
inv_101133,sub_52358,845.06,2024-02-08
inv_101134,sub_52927,635.14,2023-09-23
inv_101135,sub_51817,865.66,2024-11-17
inv_101136,sub_52715,38.51,2024-04-10
inv_101137,sub_52913,303.61,2023-01-20
inv_101138,sub_52843,1154.77,2024-12-01
inv_101139,sub_51112,1244.52,2023-10-07
inv_101140,sub_52055,675.5,2024-12-04
inv_101141,sub_53697,78.44,2023-07-03
inv_101142,sub_53595,855.85,2024-06-08
inv_101143,sub_50212,1495.47,2024-09-07
inv_101144,sub_51686,505.5,2023-12-13
inv_101145,sub_52328,69.42,2023-06-30
inv_101146,sub_52957,115.92,2024-01-28
inv_101147,sub_53388,1466.08,2023-12-01
inv_101148,sub_50340,1329.86,2024-03-19
inv_101149,sub_50807,536.53,2024-05-23
inv_101150,sub_50636,30.08,2024-08-17
inv_101151,sub_51895,1309.09,2023-04-18
inv_101152,sub_52653,1344.51,2024-07-07
inv_101153,sub_50994,625.63,2024-03-18
inv_101154,sub_51241,574.58,2024-02-06
inv_101155,sub_52451,1013.2,2024-09-11
inv_101156,sub_52239,1197.48,2023-05-16
inv_101157,sub_50291,604.47,2023-05-06
inv_101158,sub_53765,1306.39,2024-09-04
inv_101159,sub_52363,522.42,2025-01-01
inv_101161,sub_51134,219.87,2024-11-11
inv_101162,sub_51805,982.33,2024-06-29
inv_101163,sub_53029,119.15,2023-02-04
inv_101164,sub_52198,384.57,2023-02-26
inv_101165,sub_53083,64.19,2024-01-04
inv_101166,sub_50987,1426.91,2024-05-09
inv_101167,sub_53535,149.6,2023-10-18
inv_101168,sub_50684,261.13,2024-02-15
inv_101169,sub_52434,1251.35,2023-09-06
inv_101170,sub_51789,267.58,2023-10-08
inv_101171,sub_51123,348.24,2023-05-13
inv_101172,sub_53338,694.5,2024-06-18
inv_101173,sub_51407,548.47,2023-09-19
inv_101174,sub_52768,1145.21,2023-05-12
inv_101175,sub_53376,584.65,2023-05-28
inv_101176,sub_51989,1409.3,2024-04-03
inv_101177,sub_50844,46.5,2023-05-18
inv_101178,sub_50826,1381.8,2023-02-16
inv_101179,sub_50983,171.91,2024-01-04
inv_101180,sub_50152,780.4,2024-04-05
inv_101181,sub_53585,570.07,2023-03-20
inv_101182,sub_52035,345.18,2024-08-13
inv_101183,sub_52476,1070.6,2024-10-19
inv_101184,sub_50147,1135.59,2023-11-18
inv_101185,sub_53440,1297.69,2024-11-19
inv_101186,sub_51986,1426.54,2024-04-23
inv_101187,sub_50350,774.61,2024-07-17
inv_101188,sub_53735,1325.19,2023-09-15
inv_101189,sub_52435,398.54,2023-07-01
inv_101190,sub_50885,198.43,2024-06-12
inv_101192,sub_50230,984.39,2024-11-28
inv_101193,sub_51983,1460.14,2023-04-10
inv_101194,sub_53348,941.29,2024-12-21
inv_101195,sub_52822,1014.88,2024-03-28
inv_101196,sub_51434,1134.54,2024-03-01
inv_101197,sub_53042,798.6,2023-06-29
inv_101198,sub_51646,1232.1,2024-05-06
inv_101199,sub_50066,416.15,2023-12-19
inv_101200,sub_53050,1383.73,2024-08-27
inv_101201,sub_53727,849.45,2024-04-04
inv_101202,sub_53571,641.82,2023-10-30
inv_101203,sub_52119,1354.97,2024-02-09
inv_101204,sub_51367,391.56,2024-12-30
inv_101205,sub_53502,1198.29,2023-05-15
inv_101206,sub_50541,327.93,2023-02-24
inv_101207,sub_50787,62.22,2024-06-17
inv_101208,sub_51354,1407.78,2023-08-18
inv_101209,sub_52247,1340.06,2024-07-21
inv_101210,sub_52040,73.9,2024-03-12
inv_101211,sub_51988,657.52,2023-03-01
inv_101212,sub_50640,1221.46,2023-07-27
inv_101213,sub_51055,676.39,2024-11-21
inv_101214,sub_53955,1461.14,2023-09-07
inv_101215,sub_51000,151.06,2023-06-16
inv_101216,sub_51796,1325.42,2023-02-28
inv_101217,sub_52098,1321.78,2023-01-11
inv_101218,sub_52294,851.8,2024-04-17
inv_101219,sub_53747,1068.1,2023-07-24
inv_101220,sub_51258,428.15,2024-06-17
inv_101221,sub_52590,1399.61,2024-04-20
inv_101223,sub_53868,1058.71,2023-10-25
inv_101224,sub_51429,299.64,2023-11-29
inv_101225,sub_53859,348.42,2024-08-29
inv_101226,sub_51658,836.37,2023-11-21
inv_101227,sub_52894,609.35,2024-05-28
inv_101228,sub_52779,305.44,2024-08-11
inv_101229,sub_50059,535.08,2023-11-24
inv_101230,sub_50641,1322.97,2024-06-04
inv_101231,sub_51686,627.06,2024-05-13
inv_101232,sub_51560,563.91,2023-10-03
inv_101233,sub_50096,610.88,2023-01-12
inv_101234,sub_53965,1429.71,2024-08-03
inv_101235,sub_50861,61.18,2024-04-24
inv_101236,sub_51267,1326.26,2023-02-14
inv_101237,sub_53017,1449.71,2024-10-07
inv_101238,sub_52995,1134.6,2024-03-20
inv_101239,sub_52627,1451.07,2024-09-20
inv_101240,sub_50566,416.88,2023-10-08
inv_101241,sub_53663,1251.1,2024-12-16
inv_101242,sub_51093,101.9,2023-04-13
inv_101243,sub_50939,972.06,2024-06-17
inv_101244,sub_50773,721.05,2024-04-23
inv_101245,sub_51112,266.93,2023-10-02
inv_101246,sub_50700,1186.68,2023-11-29
inv_101247,sub_50356,669.7,2024-05-21
inv_101248,sub_53598,557.36,2023-12-03
inv_101249,sub_51631,1239.01,2024-07-04
inv_101250,sub_52118,1056.3,2024-02-24
inv_101251,sub_52407,1043.72,2024-07-12
inv_101252,sub_50338,594.83,2023-09-24
inv_101254,sub_50963,578.14,2023-03-03
inv_101255,sub_51461,263.05,2023-12-02
inv_101256,sub_51844,1149.74,2023-12-13
inv_101257,sub_50372,669.13,2024-01-20
inv_101258,sub_52629,446.0,2024-01-07
inv_101259,sub_50618,1154.86,2024-05-23
inv_101260,sub_51550,145.94,2023-12-25
inv_101261,sub_51434,384.15,2023-07-05
inv_101262,sub_52592,994.55,2024-03-23
inv_101263,sub_51039,278.72,2024-12-07
inv_101264,sub_53232,1345.86,2023-03-14
inv_101265,sub_53829,878.86,2024-04-24
inv_101266,sub_51765,225.29,2024-12-27
inv_101267,sub_53044,213.04,2024-02-07
inv_101268,sub_51700,1341.39,2023-11-18
inv_101269,sub_50006,492.76,2024-05-04
inv_101270,sub_50009,510.08,2023-04-18
inv_101271,sub_53066,1130.0,2024-05-01
inv_101272,sub_52063,957.62,2024-02-23
inv_101273,sub_51668,945.98,2023-11-03
inv_101274,sub_50740,830.44,2023-08-19
inv_101275,sub_50829,226.73,2024-11-26
inv_101276,sub_52719,775.57,2024-01-01
inv_101277,sub_51788,259.57,2024-12-27
inv_101278,sub_50865,714.82,2023-03-31
inv_101279,sub_52330,142.48,2024-06-04
inv_101280,sub_52785,246.93,2023-01-06
inv_101281,sub_53973,1122.62,2023-01-03
inv_101282,sub_51215,542.63,2023-01-31
inv_101283,sub_52473,661.45,2024-10-05
inv_101285,sub_52669,1081.67,2023-03-05
inv_101286,sub_50266,1163.24,2023-08-01
inv_101287,sub_51161,824.74,2023-06-25
inv_101288,sub_51726,565.16,2023-12-07
inv_101289,sub_50345,221.2,2024-10-21
inv_101290,sub_51804,839.15,2023-07-17
inv_101291,sub_53565,430.79,2023-03-14
inv_101292,sub_52629,870.79,2023-12-13
inv_101293,sub_51954,168.18,2024-02-14
inv_101294,sub_50959,920.25,2023-01-29
inv_101295,sub_52491,39.41,2023-12-06
inv_101296,sub_53386,1409.35,2024-11-21
inv_101297,sub_51427,1203.55,2023-06-21
inv_101298,sub_52564,861.6,2023-02-24
inv_101299,sub_52440,616.19,2023-01-30
inv_101300,sub_50342,706.67,2023-06-04
inv_101301,sub_51990,373.79,2024-06-24
inv_101302,sub_52899,322.58,2024-08-19
inv_101303,sub_52899,723.77,2024-03-04
inv_101304,sub_53513,940.63,2023-04-07
inv_101305,sub_53988,183.65,2023-09-07
inv_101306,sub_50384,796.05,2024-07-05
inv_101307,sub_51009,356.77,2023-12-26
inv_101308,sub_52914,839.74,2023-10-11
inv_101309,sub_53761,1162.12,2023-06-07
inv_101310,sub_53518,685.73,2023-08-29
inv_101311,sub_52284,1475.53,2024-03-07
inv_101312,sub_53531,1343.03,2023-12-31
inv_101313,sub_50929,715.0,2024-03-21
inv_101314,sub_50448,398.84,2024-07-25
inv_101316,sub_53939,373.22,2023-11-06
inv_101317,sub_50756,554.33,2024-07-02
inv_101318,sub_52045,137.67,2024-02-27
inv_101319,sub_53596,755.0,2023-11-09
inv_101320,sub_52910,212.49,2024-04-03
inv_101321,sub_51501,463.14,2023-02-21
inv_101322,sub_52398,490.02,2024-09-23
inv_101323,sub_51849,483.74,2024-05-31
inv_101324,sub_51370,1427.89,2023-11-01
inv_101325,sub_50599,56.22,2024-01-21
inv_101326,sub_51811,1384.31,2023-07-05
inv_101327,sub_51098,929.38,2023-10-01
inv_101328,sub_50959,470.15,2023-11-27
inv_101329,sub_53521,411.18,2023-01-29
inv_101330,sub_52931,1161.26,2024-08-01
inv_101331,sub_52252,950.84,2024-03-11
inv_101332,sub_53639,44.97,2024-08-08
inv_101333,sub_52002,766.6,2024-12-16
inv_101334,sub_52776,772.24,2024-06-21
inv_101335,sub_52311,309.09,2023-07-09
inv_101336,sub_52827,469.51,2024-11-07
inv_101337,sub_52683,1183.84,2023-03-11
inv_101338,sub_50356,220.73,2023-07-12
inv_101339,sub_52570,636.47,2024-08-20
inv_101340,sub_53665,1082.24,2024-07-12
inv_101341,sub_53359,1338.33,2023-06-05
inv_101342,sub_52073,805.49,2024-04-02
inv_101343,sub_51999,819.58,2024-05-23
inv_101344,sub_50827,203.49,2023-08-19
inv_101345,sub_51291,1322.11,2023-08-25
inv_101347,sub_51014,381.0,2024-08-15
inv_101348,sub_52865,526.78,2023-01-28
inv_101349,sub_53362,981.68,2023-07-14
inv_101350,sub_53578,887.21,2024-06-25
inv_101351,sub_53446,775.83,2024-02-20
inv_101352,sub_50927,22.93,2023-09-26
inv_101353,sub_53586,60.45,2023-10-25
inv_101354,sub_50428,899.59,2024-05-27
inv_101355,sub_52068,795.92,2024-02-10
inv_101356,sub_51656,373.3,2024-06-24
inv_101357,sub_50836,599.39,2023-10-27
inv_101358,sub_51680,1014.92,2023-09-06
inv_101359,sub_52747,1199.98,2023-02-23
inv_101360,sub_51009,453.53,2024-08-30
inv_101361,sub_51109,593.3,2023-02-12
inv_101362,sub_50542,1205.88,2024-11-05
inv_101363,sub_52000,579.27,2023-01-10
inv_101364,sub_52618,634.73,2023-02-05
inv_101365,sub_51077,847.74,2023-07-20
inv_101366,sub_52191,327.2,2023-07-13
inv_101367,sub_53153,1125.07,2024-03-20
inv_101368,sub_52535,1342.93,2023-02-01
inv_101369,sub_53208,386.49,2023-12-30
inv_101370,sub_51548,415.27,2023-03-20
inv_101371,sub_51581,686.23,2023-07-09
inv_101372,sub_50210,940.59,2024-03-20
inv_101373,sub_52307,196.3,2023-06-23
inv_101374,sub_53860,172.33,2024-09-20
inv_101375,sub_52149,48.52,2024-11-08
inv_101376,sub_50590,665.71,2023-03-07
inv_101378,sub_53295,773.55,2023-02-20
inv_101379,sub_52295,1030.26,2023-06-14
inv_101380,sub_52467,969.23,2024-12-10
inv_101381,sub_51544,960.37,2023-06-25
inv_101382,sub_52484,240.1,2023-05-01
inv_101383,sub_52339,174.99,2023-06-18
inv_101384,sub_50730,614.38,2024-03-28
inv_101385,sub_51447,573.23,2023-08-16
inv_101386,sub_53816,821.15,2024-04-28
inv_101387,sub_52681,327.38,2023-11-26
inv_101388,sub_51952,903.16,2024-12-24
inv_101389,sub_52530,771.42,2024-11-19
inv_101390,sub_53582,1498.98,2023-08-31
inv_101391,sub_51225,1318.64,2024-02-12
inv_101392,sub_52184,1068.65,2023-09-02
inv_101393,sub_52516,164.62,2023-12-16
inv_101394,sub_53656,1171.68,2023-04-27
inv_101395,sub_53659,1168.39,2023-09-19
inv_101396,sub_53573,693.27,2023-11-18
inv_101397,sub_52484,875.27,2024-07-14
inv_101398,sub_51720,891.12,2024-07-21
inv_101399,sub_50843,1263.06,2023-02-06
inv_101400,sub_53157,382.05,2024-07-23
inv_101401,sub_51511,1113.62,2023-09-25
inv_101402,sub_51862,1095.84,2024-06-13
inv_101403,sub_52353,1254.4,2024-09-21
inv_101404,sub_52724,1479.92,2023-05-22
inv_101405,sub_50482,203.85,2023-10-04
inv_101406,sub_53010,528.62,2024-06-10
inv_101407,sub_51417,578.66,2024-07-31
inv_101409,sub_50108,1232.02,2023-10-28
inv_101410,sub_53609,1280.58,2024-07-26
inv_101411,sub_53050,166.01,2024-05-29
inv_101412,sub_52413,968.92,2023-01-11
inv_101413,sub_50637,893.18,2023-04-10
inv_101414,sub_52154,1133.56,2023-03-24
inv_101415,sub_52183,144.33,2023-09-18
inv_101416,sub_50146,698.82,2023-05-20
inv_101417,sub_52325,417.42,2024-06-30
inv_101418,sub_53622,1413.89,2023-03-09
inv_101419,sub_52147,115.63,2023-02-06
inv_101420,sub_53627,1272.64,2024-11-18
inv_101421,sub_50103,1321.79,2024-01-04
inv_101422,sub_52805,1318.34,2024-05-16
inv_101423,sub_51014,753.23,2023-09-13
inv_101424,sub_53372,317.96,2024-11-01
inv_101425,sub_53728,763.6,2024-04-01
inv_101426,sub_50407,434.14,2023-02-11
inv_101427,sub_52429,973.72,2023-03-15
inv_101428,sub_52415,798.77,2023-09-08
inv_101429,sub_53126,1111.72,2024-12-19
inv_101430,sub_50736,279.34,2023-01-30
inv_101431,sub_50812,257.5,2024-01-09
inv_101432,sub_53842,459.38,2023-02-09
inv_101433,sub_52222,1231.08,2023-09-13
inv_101434,sub_52019,1219.38,2024-12-27
inv_101435,sub_51987,1067.23,2024-03-23
inv_101436,sub_53031,384.6,2023-04-09
inv_101437,sub_52799,488.76,2023-09-12
inv_101438,sub_51668,1212.8,2024-01-09
inv_101440,sub_50092,660.75,2024-09-05
inv_101441,sub_53135,139.77,2023-08-02
inv_101442,sub_50931,845.19,2023-08-22
inv_101443,sub_52900,440.19,2024-02-09
inv_101444,sub_50924,999.4,2024-06-18
inv_101445,sub_53044,442.94,2024-02-03
inv_101446,sub_50453,1386.02,2023-11-14
inv_101447,sub_50135,597.44,2023-05-31
inv_101448,sub_52452,1013.42,2024-04-02
inv_101449,sub_52070,1418.49,2023-12-04
inv_101450,sub_52808,1451.64,2023-02-23
inv_101451,sub_53440,419.81,2024-11-05
inv_101452,sub_53559,747.12,2024-05-07
inv_101453,sub_52402,387.05,2023-06-24
inv_101454,sub_53616,1447.9,2023-02-27
inv_101455,sub_52068,1239.53,2024-07-10
inv_101456,sub_52830,470.82,2024-06-16
inv_101457,sub_52592,846.17,2024-08-08
inv_101458,sub_51135,1319.45,2024-08-16
inv_101459,sub_51326,830.03,2024-11-12
inv_101460,sub_51097,750.22,2023-07-30
inv_101461,sub_53760,1204.14,2024-10-31
inv_101462,sub_52118,643.57,2024-10-15
inv_101463,sub_50780,630.07,2023-04-27
inv_101464,sub_50603,783.27,2023-03-25
inv_101465,sub_51979,341.26,2023-03-19
inv_101466,sub_53661,23.92,2023-06-17
inv_101467,sub_52791,1126.86,2023-03-23
inv_101468,sub_51348,632.02,2024-05-25
inv_101469,sub_53771,845.36,2023-08-01
inv_101471,sub_53327,427.97,2024-09-20
inv_101472,sub_52796,1233.49,2024-09-15
inv_101473,sub_50675,588.19,2024-05-05
inv_101474,sub_51574,979.94,2024-02-29
inv_101475,sub_51312,1232.14,2023-09-09
inv_101476,sub_50051,115.56,2024-06-22
inv_101477,sub_51381,47.07,2024-10-14
inv_101478,sub_51989,298.98,2024-09-27
inv_101479,sub_51528,524.51,2024-09-16
inv_101480,sub_52993,748.91,2024-10-04
inv_101481,sub_50469,411.59,2024-10-05
inv_101482,sub_53809,1478.39,2024-10-22
inv_101483,sub_53705,1045.67,2024-08-01
inv_101484,sub_53038,161.78,2024-03-31
inv_101485,sub_50274,495.28,2024-11-18
inv_101486,sub_50350,1200.46,2023-02-28
inv_101487,sub_51155,1433.96,2023-11-10
inv_101488,sub_51207,455.65,2023-05-12
inv_101489,sub_51924,409.76,2023-08-06
inv_101490,sub_53810,1019.03,2024-09-12
inv_101491,sub_51989,1318.31,2024-03-04
inv_101492,sub_53884,620.53,2024-08-04
inv_101493,sub_53218,361.41,2025-01-01
inv_101494,sub_51775,1170.45,2024-09-02
inv_101495,sub_50240,1198.65,2024-12-05
inv_101496,sub_51891,485.09,2023-01-03
inv_101497,sub_51858,1341.61,2023-11-14
inv_101498,sub_52273,981.41,2024-03-01
inv_101499,sub_50818,178.09,2023-03-11
inv_101500,sub_50977,424.63,2023-08-15
inv_101502,sub_50772,246.03,2024-10-26
inv_101503,sub_50436,656.77,2024-05-02
inv_101504,sub_51566,237.04,2023-12-14
inv_101505,sub_50122,651.54,2023-01-29
inv_101506,sub_50878,1338.92,2024-07-07
inv_101507,sub_51219,20.01,2024-02-19
inv_101508,sub_53264,892.96,2023-06-14
inv_101509,sub_50645,547.14,2024-04-18
inv_101510,sub_50765,383.23,2023-03-11
inv_101511,sub_50516,180.32,2024-04-06
inv_101512,sub_50752,1136.05,2023-11-10
inv_101513,sub_50617,1417.36,2024-05-16
inv_101514,sub_50763,497.87,2024-02-13
inv_101515,sub_50156,1160.78,2024-09-01
inv_101516,sub_53332,642.46,2024-04-17
inv_101517,sub_52000,1422.6,2024-02-18
inv_101518,sub_53802,504.65,2023-12-24
inv_101519,sub_51134,374.32,2023-09-15
inv_101520,sub_51791,901.41,2024-09-11
inv_101521,sub_52758,473.94,2024-06-19
inv_101522,sub_50063,502.45,2024-05-12
inv_101523,sub_50256,1329.17,2023-03-30
inv_101524,sub_53801,846.52,2024-06-18
inv_101525,sub_53790,140.34,2024-05-10
inv_101526,sub_51878,1426.67,2024-09-11
inv_101527,sub_51979,601.31,2023-07-10
inv_101528,sub_52506,1414.65,2023-06-02
inv_101529,sub_50855,678.8,2023-05-17
inv_101530,sub_53273,1446.06,2023-12-24
inv_101531,sub_50473,1321.14,2023-06-09
inv_101533,sub_52943,495.13,2023-11-03
inv_101534,sub_51207,1044.54,2023-07-07
inv_101535,sub_51176,36.35,2024-12-06
inv_101536,sub_51631,380.66,2024-06-12
inv_101537,sub_50820,166.99,2024-07-14
inv_101538,sub_53076,250.42,2024-11-24
inv_101539,sub_51567,831.55,2023-06-29
inv_101540,sub_51939,1162.26,2024-06-09
inv_101541,sub_51674,1365.96,2024-10-26
inv_101542,sub_51497,1388.57,2023-06-16
inv_101543,sub_50276,1103.37,2023-08-13
inv_101544,sub_51728,91.74,2023-02-12
inv_101545,sub_53871,593.84,2024-07-29
inv_101546,sub_53609,349.6,2024-10-12
inv_101547,sub_50320,1104.33,2024-05-01
inv_101548,sub_51110,962.12,2023-05-21
inv_101549,sub_53284,737.29,2023-10-19
inv_101550,sub_52171,1301.75,2024-08-30
inv_101551,sub_52435,834.28,2023-05-02
inv_101552,sub_51561,1120.51,2024-07-26
inv_101553,sub_52833,836.24,2024-10-29
inv_101554,sub_51249,761.44,2024-12-30
inv_101555,sub_51199,269.98,2024-03-02
inv_101556,sub_50745,1107.28,2023-01-21
inv_101557,sub_51198,133.78,2024-07-27
inv_101558,sub_53973,499.72,2024-01-07
inv_101559,sub_51640,535.21,2024-03-14
inv_101560,sub_50414,1417.95,2024-07-20
inv_101561,sub_53661,260.64,2024-06-13
inv_101562,sub_50964,403.47,2024-08-05
inv_101564,sub_53588,915.16,2023-12-01
inv_101565,sub_51028,546.99,2024-11-03
inv_101566,sub_51575,1126.43,2023-07-24
inv_101567,sub_53349,307.09,2023-06-06
inv_101568,sub_51334,1372.64,2024-03-06
inv_101569,sub_50308,489.3,2024-07-15
inv_101570,sub_53042,295.96,2024-06-10
inv_101571,sub_53777,161.85,2023-02-23
inv_101572,sub_53824,489.38,2024-03-12
inv_101573,sub_50548,524.41,2024-03-14
inv_101574,sub_51540,830.93,2023-07-18
inv_101575,sub_52584,592.04,2023-02-22
inv_101576,sub_50689,625.59,2023-05-08
inv_101577,sub_53589,1121.99,2024-01-27
inv_101578,sub_50937,489.51,2023-07-31
inv_101579,sub_51962,304.63,2023-05-16
inv_101580,sub_50862,1216.27,2023-07-06
inv_101581,sub_53405,919.2,2023-01-19
inv_101582,sub_50010,1452.8,2023-09-18
inv_101583,sub_52019,641.45,2024-02-14
inv_101584,sub_53942,930.43,2023-09-19
inv_101585,sub_53913,487.85,2023-06-10
inv_101586,sub_53660,661.11,2023-01-27
inv_101587,sub_52225,1137.71,2024-04-20
inv_101588,sub_53442,1374.85,2023-08-23
inv_101589,sub_50168,1403.23,2024-08-07
inv_101590,sub_50191,868.53,2023-12-01
inv_101591,sub_50674,338.96,2023-08-13
inv_101592,sub_51564,300.33,2023-04-29
inv_101593,sub_51043,516.79,2024-10-09
inv_101595,sub_51484,287.11,2024-12-25
inv_101596,sub_51419,573.46,2023-11-27
inv_101597,sub_50418,1272.82,2024-10-30
inv_101598,sub_51605,755.72,2024-05-16
inv_101599,sub_52021,655.66,2024-03-23
inv_101600,sub_51092,1091.16,2024-05-27
inv_101601,sub_50243,1167.39,2023-06-16
inv_101602,sub_53144,1342.95,2023-04-29
inv_101603,sub_53195,35.82,2024-10-03
inv_101604,sub_53141,32.73,2024-03-14
inv_101605,sub_53529,205.42,2024-12-13
inv_101606,sub_53691,832.13,2023-08-04
inv_101607,sub_53174,565.84,2024-03-11
inv_101608,sub_50835,605.65,2024-07-11
inv_101609,sub_51820,837.7,2023-07-28
inv_101610,sub_50353,972.66,2024-12-23
inv_101611,sub_52133,1217.1,2024-09-07
inv_101612,sub_50247,467.27,2024-08-03
inv_101613,sub_53153,522.86,2023-07-06
inv_101614,sub_51682,580.58,2024-02-04
inv_101615,sub_53475,429.22,2024-04-23
inv_101616,sub_50235,998.94,2023-06-05
inv_101617,sub_53641,1048.0,2024-02-23
inv_101618,sub_53639,1449.37,2024-09-09
inv_101619,sub_50488,1343.28,2024-06-05
inv_101620,sub_52791,35.71,2023-02-14
inv_101621,sub_51523,409.34,2023-06-05
inv_101622,sub_51985,349.04,2023-10-21
inv_101623,sub_53948,562.77,2024-12-31
inv_101624,sub_53158,1045.31,2024-01-27
inv_101626,sub_53765,1166.02,2024-06-26
inv_101627,sub_51210,1271.73,2024-03-01
inv_101628,sub_50706,335.31,2023-05-25
inv_101629,sub_50628,791.13,2023-06-05
inv_101630,sub_53720,1033.83,2024-01-21
inv_101631,sub_52675,104.73,2023-05-06
inv_101632,sub_50944,490.93,2024-04-28
inv_101633,sub_52449,994.11,2024-01-27
inv_101634,sub_51674,908.8,2024-09-18
inv_101635,sub_51215,384.15,2024-02-06
inv_101636,sub_52476,1176.34,2024-12-07
inv_101637,sub_53711,993.32,2023-08-23
inv_101638,sub_52396,461.02,2023-11-26
inv_101639,sub_52434,472.05,2023-10-06
inv_101640,sub_52505,592.3,2024-04-07
inv_101641,sub_51882,1180.11,2024-04-28
inv_101642,sub_52632,356.33,2023-03-10
inv_101643,sub_52726,558.7,2024-12-25
inv_101644,sub_52047,311.61,2023-02-27
inv_101645,sub_52669,1116.51,2024-03-14
inv_101646,sub_50567,1308.69,2024-05-04
inv_101647,sub_53861,671.37,2024-10-11
inv_101648,sub_51887,150.01,2024-10-07
inv_101649,sub_51007,501.69,2024-02-14
inv_101650,sub_52428,1193.32,2024-05-12
inv_101651,sub_52866,1099.64,2023-06-22
inv_101652,sub_51774,738.23,2024-03-07
inv_101653,sub_51368,101.39,2023-08-01
inv_101654,sub_53610,378.97,2024-11-24
inv_101655,sub_51035,1324.68,2024-05-01
inv_101657,sub_50026,650.78,2023-09-13
inv_101658,sub_52747,260.55,2023-05-29
inv_101659,sub_50178,1377.41,2024-11-09
inv_101660,sub_50443,1090.24,2023-06-21
inv_101661,sub_50905,53.28,2023-01-13
inv_101662,sub_53587,802.85,2023-04-24
inv_101663,sub_50648,44.56,2024-07-12
inv_101664,sub_51407,850.62,2023-03-05
inv_101665,sub_51568,1138.7,2023-12-04
inv_101666,sub_51613,1012.92,2023-08-31
inv_101667,sub_50943,1049.13,2024-01-10
inv_101668,sub_50823,1363.95,2024-06-24
inv_101669,sub_53543,561.27,2023-07-23
inv_101670,sub_50172,974.88,2023-05-20
inv_101671,sub_52723,404.11,2024-12-17
inv_101672,sub_52862,817.35,2023-11-19
inv_101673,sub_52014,225.44,2023-08-13
inv_101674,sub_51767,453.88,2023-01-04
inv_101675,sub_50811,55.06,2024-01-29
inv_101676,sub_52014,495.44,2024-09-25
inv_101677,sub_53060,1383.39,2024-09-05
inv_101678,sub_53064,161.72,2024-07-30
inv_101679,sub_52861,689.31,2023-11-23
inv_101680,sub_51300,987.38,2024-12-10
inv_101681,sub_52735,1138.24,2023-01-16
inv_101682,sub_51199,743.58,2024-10-12
inv_101683,sub_51769,343.91,2023-02-14
inv_101684,sub_51471,1041.1,2023-12-24
inv_101685,sub_50573,879.18,2023-07-02
inv_101686,sub_51610,309.05,2024-08-31
inv_101688,sub_50542,1499.14,2024-04-20
inv_101689,sub_51429,678.97,2024-02-08
inv_101690,sub_51594,127.98,2023-01-02
inv_101691,sub_50922,45.38,2024-02-21
inv_101692,sub_52669,28.66,2024-08-29
inv_101693,sub_51303,590.1,2024-05-18
inv_101694,sub_50792,156.15,2024-06-29
inv_101695,sub_52255,432.59,2023-05-27
inv_101696,sub_51090,750.72,2024-09-05
inv_101697,sub_50809,111.92,2024-07-30
inv_101698,sub_52764,233.92,2024-09-22
inv_101699,sub_50095,1082.41,2024-01-19
inv_101700,sub_51203,1003.06,2024-06-13
inv_101701,sub_50289,252.0,2024-01-01
inv_101702,sub_52850,822.17,2024-08-29
inv_101703,sub_51104,332.8,2024-07-06
inv_101704,sub_50154,1337.16,2023-07-08
inv_101705,sub_53546,478.55,2024-12-27
inv_101706,sub_50694,619.0,2023-02-03
inv_101707,sub_50855,513.01,2023-11-12
inv_101708,sub_50741,496.69,2024-10-06
inv_101709,sub_53717,1233.37,2024-07-26
inv_101710,sub_51469,1286.26,2024-10-01
inv_101711,sub_51284,777.0,2023-02-09
inv_101712,sub_53379,1488.67,2023-07-13
inv_101713,sub_50514,596.99,2023-11-02
inv_101714,sub_51987,339.14,2024-08-22
inv_101715,sub_53882,833.09,2024-05-07
inv_101716,sub_50127,944.76,2024-04-26
inv_101717,sub_52682,442.32,2024-12-18
inv_101719,sub_51472,333.32,2023-04-09
inv_101720,sub_50713,1047.83,2024-07-19
inv_101721,sub_52654,565.98,2023-06-25
inv_101722,sub_51841,907.75,2024-09-08
inv_101723,sub_53126,314.54,2024-02-08
inv_101724,sub_50740,530.29,2024-05-30
inv_101725,sub_52652,1003.0,2024-10-22
inv_101726,sub_50020,191.21,2024-12-05
inv_101727,sub_50224,356.62,2023-03-28
inv_101728,sub_51870,1033.99,2024-11-01
inv_101729,sub_52059,1365.61,2023-01-30
inv_101730,sub_51164,158.63,2024-06-23
inv_101731,sub_52766,707.78,2024-03-26
inv_101732,sub_52233,1284.24,2023-09-09
inv_101733,sub_53230,47.03,2024-05-27
inv_101734,sub_50265,795.26,2024-01-27
inv_101735,sub_51407,1427.61,2024-08-23
inv_101736,sub_51867,360.5,2024-10-05
inv_101737,sub_52169,1153.28,2023-11-05
inv_101738,sub_52705,1215.05,2023-11-21
inv_101739,sub_53707,1452.45,2024-09-01
inv_101740,sub_51846,317.56,2024-12-14
inv_101741,sub_52920,322.43,2023-03-25
inv_101742,sub_50328,526.28,2024-01-10
inv_101743,sub_53280,238.99,2023-04-01
inv_101744,sub_51426,1099.52,2024-04-01
inv_101745,sub_52445,269.7,2023-12-03
inv_101746,sub_52220,949.92,2023-11-21
inv_101747,sub_50885,1394.05,2023-01-26
inv_101748,sub_53737,868.91,2023-05-26
inv_101750,sub_51494,1427.18,2024-06-14
inv_101751,sub_50533,1128.76,2024-10-09
inv_101752,sub_52661,369.04,2024-11-04
inv_101753,sub_53722,1275.75,2023-04-26
inv_101754,sub_53625,1139.72,2023-10-19
inv_101755,sub_53975,1482.06,2024-09-02
inv_101756,sub_50781,292.85,2024-09-10
inv_101757,sub_53199,533.31,2024-04-06
inv_101758,sub_52467,188.53,2024-11-21
inv_101759,sub_50231,508.18,2023-07-29
inv_101760,sub_51934,1100.16,2024-07-28
inv_101761,sub_53111,485.74,2023-04-28
inv_101762,sub_53955,1273.75,2023-06-21
inv_101763,sub_50625,274.83,2024-08-08
inv_101764,sub_51496,960.05,2023-08-11
inv_101765,sub_53235,515.68,2024-03-17
inv_101766,sub_51112,631.22,2023-01-14
inv_101767,sub_53407,551.98,2023-04-27
inv_101768,sub_51197,151.42,2023-02-17
inv_101769,sub_53299,415.05,2024-07-26
inv_101770,sub_53854,766.27,2024-06-02
inv_101771,sub_52374,611.33,2024-03-24
inv_101772,sub_50262,1033.31,2024-03-05
inv_101773,sub_53672,765.29,2024-11-12
inv_101774,sub_52013,288.67,2024-08-29
inv_101775,sub_51623,350.29,2024-07-11
inv_101776,sub_50509,210.26,2024-11-30
inv_101777,sub_52775,141.13,2024-03-19
inv_101778,sub_51844,957.32,2023-09-06
inv_101779,sub_52580,917.87,2023-05-06
inv_101781,sub_51556,333.0,2024-11-22
inv_101782,sub_51796,292.27,2023-07-26
inv_101783,sub_50047,1222.04,2023-04-16
inv_101784,sub_51197,65.89,2024-01-08
inv_101785,sub_50116,979.19,2023-02-11
inv_101786,sub_52103,527.34,2023-03-26
inv_101787,sub_51867,618.22,2024-03-30
inv_101788,sub_51392,1055.31,2024-11-03
inv_101789,sub_52733,1358.02,2023-03-21
inv_101790,sub_50126,1414.67,2023-05-11
inv_101791,sub_51984,964.25,2024-03-27
inv_101792,sub_52371,1344.56,2024-06-04
inv_101793,sub_53260,524.04,2023-08-14
inv_101794,sub_52560,894.37,2023-04-03
inv_101795,sub_52501,316.53,2024-06-10
inv_101796,sub_50348,1169.03,2024-05-07
inv_101797,sub_52250,1102.2,2024-06-08
inv_101798,sub_50995,630.81,2024-09-11
inv_101799,sub_51710,1056.36,2023-04-25
inv_101800,sub_53529,225.78,2023-01-10
inv_101801,sub_53270,1267.74,2024-05-18
inv_101802,sub_52350,555.04,2024-05-18
inv_101803,sub_50067,942.17,2023-07-18
inv_101804,sub_50650,175.09,2023-04-26
inv_101805,sub_52252,1178.79,2024-11-22
inv_101806,sub_52218,457.0,2024-09-10
inv_101807,sub_51926,1040.73,2023-02-22
inv_101808,sub_50384,750.81,2023-10-18
inv_101809,sub_53347,1435.28,2023-09-08
inv_101810,sub_52555,1300.69,2023-07-08
inv_101812,sub_51138,276.03,2024-11-01
inv_101813,sub_50374,1387.32,2023-11-23
inv_101814,sub_51233,341.16,2023-02-04
inv_101815,sub_50074,1230.19,2023-05-13
inv_101816,sub_53241,1336.48,2024-08-05
inv_101817,sub_50575,330.09,2023-12-25
inv_101818,sub_52851,1352.43,2024-09-08
inv_101819,sub_52155,891.06,2023-10-18
inv_101820,sub_51772,848.65,2024-03-19
inv_101821,sub_52975,398.73,2023-07-09
inv_101822,sub_50631,651.75,2023-03-04
inv_101823,sub_51030,277.77,2024-05-08
inv_101824,sub_50625,554.97,2023-10-11
inv_101825,sub_53017,1218.01,2023-04-07
inv_101826,sub_51043,1490.16,2024-03-19
inv_101827,sub_50407,1433.28,2024-03-26
inv_101828,sub_50385,1378.31,2024-09-01
inv_101829,sub_50102,511.04,2024-02-27
inv_101830,sub_50529,657.64,2024-03-24
inv_101831,sub_53873,757.28,2023-03-26
inv_101832,sub_52766,362.83,2023-12-02
inv_101833,sub_50843,1451.62,2024-11-02
inv_101834,sub_52385,916.79,2024-08-04
inv_101835,sub_51593,1164.0,2024-08-23
inv_101836,sub_51440,868.61,2024-10-21
inv_101837,sub_53499,598.29,2024-02-04
inv_101838,sub_50618,860.17,2023-11-05
inv_101839,sub_50032,499.28,2024-11-09
inv_101840,sub_53647,95.4,2024-03-29
inv_101841,sub_50986,1320.96,2023-12-30
inv_101843,sub_52636,1279.4,2023-09-22
inv_101844,sub_50207,1076.69,2024-12-09
inv_101845,sub_51063,925.39,2024-11-29
inv_101846,sub_50296,1145.94,2023-05-02
inv_101847,sub_53478,555.07,2024-01-03
inv_101848,sub_50811,940.94,2023-05-08
inv_101849,sub_51453,874.08,2024-03-25
inv_101850,sub_50785,611.99,2023-10-25
inv_101851,sub_53669,357.54,2023-12-01
inv_101852,sub_53068,1428.93,2024-10-23
inv_101853,sub_51922,89.16,2023-04-27
inv_101854,sub_52574,1216.59,2023-06-11
inv_101855,sub_53088,1403.08,2024-01-19
inv_101856,sub_50011,966.95,2023-02-11
inv_101857,sub_53341,788.12,2024-02-04
inv_101858,sub_50322,30.51,2024-09-14
inv_101859,sub_50437,1104.87,2024-03-18
inv_101860,sub_51479,76.18,2024-10-08
inv_101861,sub_52613,1212.08,2023-07-20
inv_101862,sub_52348,1023.25,2024-06-22
inv_101863,sub_50211,1183.63,2023-01-07
inv_101864,sub_51238,1193.42,2023-06-20
inv_101865,sub_50357,1409.96,2023-11-24
inv_101866,sub_50477,1438.6,2023-02-25
inv_101867,sub_51020,1447.09,2024-01-31
inv_101868,sub_53393,235.85,2023-12-10
inv_101869,sub_53078,1382.16,2023-07-31
inv_101870,sub_51542,511.93,2023-10-26
inv_101871,sub_50995,657.74,2023-09-14
inv_101872,sub_52634,283.93,2024-04-02
inv_101874,sub_53484,496.31,2023-06-19
inv_101875,sub_51001,460.27,2024-12-11
inv_101876,sub_52320,1293.25,2024-12-27
inv_101877,sub_53026,216.43,2023-10-15
inv_101878,sub_50336,500.1,2024-02-05
inv_101879,sub_52063,836.24,2023-02-10
inv_101880,sub_53103,1301.49,2024-04-09
inv_101881,sub_50588,837.19,2024-03-19
inv_101882,sub_50030,62.07,2023-08-13
inv_101883,sub_52233,806.83,2023-11-28
inv_101884,sub_50070,977.51,2023-05-02
inv_101885,sub_53627,830.56,2023-01-07
inv_101886,sub_53773,1013.47,2023-12-06
inv_101887,sub_50324,1491.74,2024-01-15
inv_101888,sub_50478,1049.17,2023-03-23
inv_101889,sub_52338,1439.63,2023-07-28
inv_101890,sub_50346,1132.54,2023-10-19
inv_101891,sub_51296,41.84,2023-04-26
inv_101892,sub_50379,951.32,2024-06-01
inv_101893,sub_52882,208.8,2024-06-23
inv_101894,sub_50602,483.42,2024-01-03
inv_101895,sub_51909,1065.93,2023-01-09
inv_101896,sub_50687,852.6,2024-10-14
inv_101897,sub_50159,1460.08,2024-12-25
inv_101898,sub_53382,192.93,2024-10-17
inv_101899,sub_51507,643.02,2023-12-19
inv_101900,sub_53804,1486.56,2024-06-06
inv_101901,sub_53443,554.11,2024-10-21
inv_101902,sub_52888,1246.59,2024-01-21
inv_101903,sub_50602,524.09,2024-10-19
inv_101905,sub_53056,636.84,2024-01-24
inv_101906,sub_51673,1385.43,2024-06-29
inv_101907,sub_53835,841.14,2023-02-22
inv_101908,sub_52525,989.5,2024-12-04
inv_101909,sub_51874,249.75,2024-01-13
inv_101910,sub_53508,1195.16,2024-09-10
inv_101911,sub_51525,1346.73,2023-05-29
inv_101912,sub_50386,1369.71,2023-05-19
inv_101913,sub_50428,1291.27,2024-01-14
inv_101914,sub_51659,1029.22,2023-04-20
inv_101915,sub_52750,430.61,2023-09-25
inv_101916,sub_52726,61.82,2023-11-28
inv_101917,sub_52793,665.8,2023-09-26
inv_101918,sub_53720,1267.13,2024-04-11
inv_101919,sub_51332,1251.52,2023-06-15
inv_101920,sub_51559,939.22,2023-10-22
inv_101921,sub_50716,1092.36,2024-10-22
inv_101922,sub_52383,235.08,2023-04-19
inv_101923,sub_50017,589.34,2024-08-30
inv_101924,sub_53928,733.43,2024-04-02
inv_101925,sub_51295,1103.3,2023-12-11
inv_101926,sub_52568,787.07,2023-04-09
inv_101927,sub_50327,103.26,2023-04-18
inv_101928,sub_50679,304.57,2024-07-03
inv_101929,sub_52466,386.5,2023-07-10
inv_101930,sub_50879,596.82,2024-10-15
inv_101931,sub_51369,154.92,2023-04-30
inv_101932,sub_52233,1418.81,2023-11-30
inv_101933,sub_52509,794.4,2023-03-30
inv_101934,sub_51912,1116.59,2024-03-17
inv_101936,sub_50194,721.1,2023-10-18
inv_101937,sub_53421,1250.9,2024-02-25
inv_101938,sub_53845,1073.99,2023-08-20
inv_101939,sub_50248,318.11,2023-08-31
inv_101940,sub_53326,533.67,2023-05-30
inv_101941,sub_53999,951.99,2023-03-29
inv_101942,sub_50776,1355.98,2023-01-14
inv_101943,sub_53943,611.54,2024-04-26
inv_101944,sub_53885,217.25,2023-01-26
inv_101945,sub_52701,954.47,2024-08-29
inv_101946,sub_51532,808.86,2024-02-18
inv_101947,sub_50049,1022.36,2024-12-16
inv_101948,sub_52603,1370.89,2023-04-03
inv_101949,sub_50969,1038.87,2023-02-21
inv_101950,sub_53065,521.62,2024-11-11
inv_101951,sub_50356,1466.49,2024-01-04
inv_101952,sub_50436,907.75,2024-01-06
inv_101953,sub_52499,349.11,2024-05-05
inv_101954,sub_53672,227.87,2023-03-24
inv_101955,sub_50852,1257.05,2024-06-30
inv_101956,sub_51775,1464.87,2023-08-08
inv_101957,sub_52358,924.79,2023-12-23
inv_101958,sub_51183,662.65,2023-06-06
inv_101959,sub_52864,304.37,2023-12-14
inv_101960,sub_51941,312.53,2023-05-13
inv_101961,sub_51511,682.34,2023-08-17
inv_101962,sub_53584,422.11,2023-11-18
inv_101963,sub_50787,388.98,2024-08-15
inv_101964,sub_53739,974.27,2024-11-09
inv_101965,sub_50699,643.01,2024-09-13
inv_101967,sub_51359,51.75,2024-08-02
inv_101968,sub_53857,369.22,2024-05-09
inv_101969,sub_50822,1428.83,2023-02-15
inv_101970,sub_50231,166.41,2023-07-21
inv_101971,sub_52262,824.97,2023-03-14
inv_101972,sub_51942,743.7,2024-11-18
inv_101973,sub_53966,245.17,2023-03-31
inv_101974,sub_50043,952.31,2023-07-13
inv_101975,sub_53545,1492.57,2024-06-11
inv_101976,sub_53688,345.99,2023-03-26
inv_101977,sub_50271,1426.96,2023-07-12
inv_101978,sub_52503,1284.89,2023-10-27
inv_101979,sub_51943,247.09,2024-12-29
inv_101980,sub_53259,1136.84,2024-01-17
inv_101981,sub_51782,1057.88,2023-10-23
inv_101982,sub_53827,646.76,2024-08-10
inv_101983,sub_53922,960.63,2024-05-16
inv_101984,sub_52869,1337.77,2023-09-10
inv_101985,sub_52859,83.48,2024-04-12
inv_101986,sub_53266,1177.17,2023-01-20
inv_101987,sub_51724,177.24,2023-07-05
inv_101988,sub_52067,1196.06,2023-10-10
inv_101989,sub_52344,654.98,2023-01-02
inv_101990,sub_53248,618.1,2024-11-03
inv_101991,sub_50441,594.64,2023-10-11
inv_101992,sub_53964,1054.93,2023-08-07
inv_101993,sub_50471,295.48,2023-02-02
inv_101994,sub_51627,771.84,2023-06-27
inv_101995,sub_53876,492.32,2024-06-03
inv_101996,sub_53655,721.58,2023-04-26
inv_101998,sub_52759,110.33,2023-05-14
inv_101999,sub_51406,281.89,2023-02-12
inv_102000,sub_53636,651.55,2024-10-15
inv_102001,sub_50403,226.79,2024-02-04
inv_102002,sub_53415,73.31,2024-03-04
inv_102003,sub_52836,160.62,2023-06-27
inv_102004,sub_51025,482.54,2024-03-19
inv_102005,sub_51115,141.36,2023-12-11
inv_102006,sub_53045,1271.98,2023-07-07
inv_102007,sub_50927,112.65,2024-12-14
inv_102008,sub_52200,1177.48,2023-06-18
inv_102009,sub_52294,1414.13,2023-07-23
inv_102010,sub_50940,316.6,2024-03-26
inv_102011,sub_51825,1433.72,2024-04-22
inv_102012,sub_53496,566.5,2023-11-14
inv_102013,sub_52045,421.69,2023-10-12
inv_102014,sub_53274,581.48,2023-01-12
inv_102015,sub_50616,305.69,2023-01-16
inv_102016,sub_51450,1242.33,2023-12-30
inv_102017,sub_52651,474.7,2023-03-24
inv_102018,sub_50524,189.43,2023-11-12
inv_102019,sub_50595,790.04,2023-08-06
inv_102020,sub_51364,1142.35,2024-09-03
inv_102021,sub_52573,396.5,2023-03-10
inv_102022,sub_50243,994.19,2023-01-14
inv_102023,sub_53689,1204.79,2024-10-02
inv_102024,sub_50486,1343.33,2023-02-20
inv_102025,sub_50990,362.18,2024-05-22
inv_102026,sub_51749,896.61,2023-04-25
inv_102027,sub_50558,348.43,2024-11-22
inv_102029,sub_53286,62.38,2024-10-12
inv_102030,sub_50768,310.34,2024-02-11
inv_102031,sub_53683,689.86,2024-01-16
inv_102032,sub_53667,1070.24,2024-09-16
inv_102033,sub_50036,604.59,2023-02-04
inv_102034,sub_52011,1462.25,2023-01-09
inv_102035,sub_53956,865.12,2024-06-21
inv_102036,sub_51598,685.42,2024-11-28
inv_102037,sub_52355,511.75,2023-10-31
inv_102038,sub_50825,1074.32,2023-03-06
inv_102039,sub_51647,1492.9,2024-01-18
inv_102040,sub_52858,764.71,2023-11-21
inv_102041,sub_53016,1382.51,2024-05-20
inv_102042,sub_53366,1032.17,2023-12-26
inv_102043,sub_51247,1367.48,2023-10-09
inv_102044,sub_53852,852.04,2024-10-09
inv_102045,sub_53040,577.63,2023-02-13
inv_102046,sub_52744,667.82,2024-05-17
inv_102047,sub_50677,1125.06,2023-12-30
inv_102048,sub_51670,625.23,2024-08-25
inv_102049,sub_53820,653.28,2024-04-11
inv_102050,sub_52436,1369.92,2023-10-05
inv_102051,sub_52686,943.91,2023-07-24
inv_102052,sub_50238,453.64,2024-11-17
inv_102053,sub_51757,1115.65,2023-10-20
inv_102054,sub_52290,1496.12,2024-04-03
inv_102055,sub_50313,36.35,2024-04-28
inv_102056,sub_53031,20.01,2024-09-19
inv_102057,sub_50848,1005.4,2024-08-08
inv_102058,sub_51564,1245.13,2024-11-20
inv_102060,sub_51930,724.76,2023-09-22
inv_102061,sub_51188,927.46,2023-02-06
inv_102062,sub_50502,1228.24,2024-01-25
inv_102063,sub_50348,627.22,2023-02-11
inv_102064,sub_51885,489.64,2024-09-25
inv_102065,sub_50479,168.28,2023-01-30
inv_102066,sub_53373,103.79,2024-12-22
inv_102067,sub_50095,117.23,2023-05-28
inv_102068,sub_53047,1360.34,2024-07-05
inv_102069,sub_50878,980.79,2023-02-09
inv_102070,sub_50614,536.87,2024-02-22
inv_102071,sub_53901,279.01,2023-05-27
inv_102072,sub_53779,1054.39,2023-08-26
inv_102073,sub_53325,558.57,2023-05-12
inv_102074,sub_53968,957.53,2023-11-02
inv_102075,sub_50896,1070.5,2024-08-18
inv_102076,sub_52622,532.45,2023-02-28
inv_102077,sub_51368,426.8,2023-08-13
inv_102078,sub_53862,120.37,2023-11-22
inv_102079,sub_52155,1443.44,2024-04-20
inv_102080,sub_53204,195.72,2023-02-17
inv_102081,sub_51449,99.32,2023-05-14
inv_102082,sub_50601,1001.38,2023-05-19
inv_102083,sub_51978,139.11,2023-08-21
inv_102084,sub_50620,53.53,2023-03-04
inv_102085,sub_53128,1407.76,2024-01-28
inv_102086,sub_51577,1037.72,2023-05-02
inv_102087,sub_50568,935.18,2023-09-06
inv_102088,sub_50305,1278.05,2024-01-10
inv_102089,sub_51613,871.62,2024-05-01
inv_102091,sub_52854,124.76,2024-03-01
inv_102092,sub_50531,638.2,2024-07-25
inv_102093,sub_50533,1361.6,2023-03-22
inv_102094,sub_51110,544.7,2024-01-30
inv_102095,sub_51910,1108.09,2024-04-07
inv_102096,sub_53565,505.54,2023-06-22
inv_102097,sub_53765,620.36,2024-11-06
inv_102098,sub_51467,791.26,2023-04-21
inv_102099,sub_52263,947.09,2023-03-15
inv_102100,sub_53019,1263.45,2023-11-09
inv_102101,sub_53590,684.31,2024-05-24
inv_102102,sub_51645,949.26,2024-11-06
inv_102103,sub_50798,1289.4,2024-08-12
inv_102104,sub_52242,1244.95,2024-02-29
inv_102105,sub_53561,1195.27,2023-10-29
inv_102106,sub_53630,392.08,2024-08-22
inv_102107,sub_53166,548.54,2024-09-05
inv_102108,sub_51960,342.06,2024-07-23
inv_102109,sub_51744,995.7,2024-02-20
inv_102110,sub_51441,1041.89,2023-05-04
inv_102111,sub_53512,201.53,2024-09-10
inv_102112,sub_52543,597.55,2024-08-04
inv_102113,sub_50336,122.17,2024-09-03
inv_102114,sub_50706,970.15,2023-08-12
inv_102115,sub_52898,820.42,2024-06-04
inv_102116,sub_50957,425.55,2024-11-17
inv_102117,sub_50747,996.77,2024-01-17
inv_102118,sub_52067,591.42,2024-02-23
inv_102119,sub_50865,806.36,2024-06-12
inv_102120,sub_53309,582.94,2023-06-18
inv_102122,sub_50466,41.28,2024-06-22
inv_102123,sub_51867,372.56,2024-04-06
inv_102124,sub_53224,461.15,2024-10-19
inv_102125,sub_51203,478.03,2023-09-08
inv_102126,sub_53323,491.53,2024-03-12
inv_102127,sub_51224,783.1,2024-05-08
inv_102128,sub_52059,865.8,2023-02-28
inv_102129,sub_51613,215.71,2024-08-11
inv_102130,sub_50898,86.47,2023-12-11
inv_102131,sub_51905,903.36,2024-02-04
inv_102132,sub_51267,364.0,2024-07-18
inv_102133,sub_51837,1153.35,2023-08-01
inv_102134,sub_51166,1070.59,2023-06-14
inv_102135,sub_50670,441.55,2024-02-16
inv_102136,sub_51144,421.43,2024-07-03
inv_102137,sub_51863,1157.52,2023-06-18
inv_102138,sub_50699,1245.2,2023-04-13
inv_102139,sub_53783,1100.85,2024-10-05
inv_102140,sub_50770,1344.03,2023-10-10
inv_102141,sub_53723,1389.37,2023-01-07
inv_102142,sub_52614,515.02,2023-03-08
inv_102143,sub_50667,1108.11,2023-09-22
inv_102144,sub_53923,802.39,2024-09-22
inv_102145,sub_50775,507.12,2023-01-21
inv_102146,sub_51219,919.32,2023-07-20
inv_102147,sub_51783,980.39,2023-02-20
inv_102148,sub_50962,1138.98,2023-06-13
inv_102149,sub_51798,75.41,2024-11-20
inv_102150,sub_52591,269.44,2023-07-24
inv_102151,sub_51719,1487.92,2023-03-20
inv_102153,sub_51636,348.5,2024-07-08
inv_102154,sub_50962,1156.17,2024-05-29
inv_102155,sub_51126,1380.43,2024-12-09
inv_102156,sub_50762,455.94,2023-03-26
inv_102157,sub_50613,109.05,2024-07-29
inv_102158,sub_52479,538.54,2023-04-01
inv_102159,sub_50919,570.64,2023-05-25
inv_102160,sub_51692,206.32,2023-06-15
inv_102161,sub_52084,873.37,2024-06-07
inv_102162,sub_50378,45.92,2023-12-28
inv_102163,sub_50174,1283.17,2023-02-05
inv_102164,sub_50130,1104.32,2024-09-06
inv_102165,sub_50400,1097.36,2024-05-14
inv_102166,sub_51601,516.58,2024-09-01
inv_102167,sub_51215,193.82,2024-01-08
inv_102168,sub_50153,298.32,2024-08-24
inv_102169,sub_52021,1122.1,2023-03-25
inv_102170,sub_50477,1121.01,2024-11-01
inv_102171,sub_50026,812.8,2024-05-14
inv_102172,sub_53815,849.72,2023-05-25
inv_102173,sub_50627,1276.53,2024-06-10
inv_102174,sub_51361,513.78,2024-05-22
inv_102175,sub_51684,990.95,2023-09-24
inv_102176,sub_51900,1468.72,2024-05-07
inv_102177,sub_51282,1301.69,2023-02-03
inv_102178,sub_52828,962.46,2024-02-02
inv_102179,sub_53769,314.0,2023-09-16
inv_102180,sub_51913,32.0,2023-10-06
inv_102181,sub_51178,461.67,2024-05-21
inv_102182,sub_51074,97.14,2024-02-20
inv_102184,sub_50479,92.39,2024-01-22
inv_102185,sub_50498,868.63,2023-02-17
inv_102186,sub_52100,1176.82,2023-11-16
inv_102187,sub_53077,121.45,2023-05-22
inv_102188,sub_50580,238.93,2024-12-29
inv_102189,sub_50971,1104.81,2024-05-20
inv_102190,sub_52804,1473.46,2024-04-07
inv_102191,sub_50850,1027.53,2023-11-06
inv_102192,sub_50562,885.06,2023-03-09
inv_102193,sub_52084,474.83,2024-01-25
inv_102194,sub_53125,160.97,2023-05-22
inv_102195,sub_50993,876.31,2024-05-30
inv_102196,sub_50554,462.87,2024-01-09
inv_102197,sub_52746,1095.93,2023-04-10
inv_102198,sub_53039,1372.51,2023-02-04
inv_102199,sub_53035,1232.08,2024-02-26
inv_102200,sub_53870,1237.79,2024-01-13
inv_102201,sub_50960,457.8,2023-06-19
inv_102202,sub_52536,1279.24,2024-02-07
inv_102203,sub_53642,591.19,2024-11-25
inv_102204,sub_50891,176.26,2024-04-08
inv_102205,sub_52181,1232.52,2023-12-21
inv_102206,sub_50114,474.21,2024-05-21
inv_102207,sub_53585,1463.03,2023-09-28
inv_102208,sub_51168,373.51,2024-09-04
inv_102209,sub_51825,1044.57,2023-09-23
inv_102210,sub_50556,351.91,2024-04-09
inv_102211,sub_53748,250.53,2023-01-09
inv_102212,sub_53950,175.87,2024-07-26
inv_102213,sub_52023,53.7,2023-12-14
inv_102215,sub_51448,366.42,2023-04-05
inv_102216,sub_50477,547.49,2024-06-25
inv_102217,sub_51860,83.17,2024-09-06
inv_102218,sub_50323,1000.35,2024-11-19
inv_102219,sub_51074,837.19,2023-04-19
inv_102220,sub_52843,1016.53,2023-07-13
inv_102221,sub_53927,911.92,2023-06-17
inv_102222,sub_52378,780.44,2023-03-18
inv_102223,sub_52575,29.55,2024-06-11
inv_102224,sub_51615,80.67,2023-10-03
inv_102225,sub_52580,1371.53,2023-12-21
inv_102226,sub_53792,1433.46,2023-08-18
inv_102227,sub_52161,506.26,2024-08-28
inv_102228,sub_52202,124.63,2023-03-11
inv_102229,sub_51148,885.5,2024-12-13
inv_102230,sub_52322,634.3,2023-10-05
inv_102231,sub_52639,557.74,2023-09-04
inv_102232,sub_52995,694.2,2023-11-22
inv_102233,sub_53988,890.2,2023-09-26
inv_102234,sub_53258,1450.92,2023-08-23
inv_102235,sub_50779,461.22,2023-10-07
inv_102236,sub_50290,203.8,2024-10-03
inv_102237,sub_52069,283.3,2024-10-14
inv_102238,sub_53033,1351.73,2024-10-21
inv_102239,sub_50420,1399.37,2023-10-14
inv_102240,sub_53822,810.02,2024-12-06
inv_102241,sub_51025,60.59,2023-05-27
inv_102242,sub_50684,1484.83,2023-09-26
inv_102243,sub_52635,762.66,2023-03-02
inv_102244,sub_52833,1133.65,2024-10-20
inv_102246,sub_52123,668.08,2024-06-22
inv_102247,sub_51834,476.1,2023-08-19
inv_102248,sub_52672,931.09,2023-10-16
inv_102249,sub_50777,1040.94,2024-07-25
inv_102250,sub_53948,597.44,2023-05-19
inv_102251,sub_50482,373.19,2023-05-05
inv_102252,sub_53729,809.2,2023-10-04
inv_102253,sub_50326,1339.75,2024-07-27
inv_102254,sub_53502,78.97,2024-05-04
inv_102255,sub_50479,960.39,2024-07-29
inv_102256,sub_50206,854.72,2024-07-01
inv_102257,sub_51609,1255.27,2024-08-13
inv_102258,sub_52127,541.25,2023-11-05
inv_102259,sub_50288,1468.02,2023-07-31
inv_102260,sub_50728,1463.84,2023-10-30
inv_102261,sub_52649,253.81,2023-05-08
inv_102262,sub_53660,1489.14,2024-05-31
inv_102263,sub_53266,1468.09,2023-05-01
inv_102264,sub_51798,492.4,2023-11-21
inv_102265,sub_51712,503.43,2024-04-16
inv_102266,sub_50836,976.22,2024-11-26
inv_102267,sub_52552,1453.51,2023-06-22
inv_102268,sub_51642,244.41,2023-02-02
inv_102269,sub_52641,952.82,2024-03-09
inv_102270,sub_53787,1218.57,2024-08-07
inv_102271,sub_53661,1307.91,2023-08-14
inv_102272,sub_51078,787.34,2024-01-19
inv_102273,sub_50673,60.18,2024-01-01
inv_102274,sub_52145,1144.14,2024-04-11
inv_102275,sub_52987,1044.74,2023-01-01
inv_102277,sub_52810,1411.59,2023-10-21
inv_102278,sub_52924,423.42,2024-06-18
inv_102279,sub_52274,1378.55,2023-08-05
inv_102280,sub_50221,46.74,2024-12-04
inv_102281,sub_53251,1133.19,2023-12-12
inv_102282,sub_52845,44.06,2024-10-17
inv_102283,sub_53278,304.18,2023-07-16
inv_102284,sub_51343,302.87,2023-09-19
inv_102285,sub_51264,1452.57,2024-09-18
inv_102286,sub_50616,883.72,2023-12-15
inv_102287,sub_52706,714.86,2024-08-31
inv_102288,sub_51882,830.53,2024-10-14
inv_102289,sub_53809,188.34,2024-07-26
inv_102290,sub_53113,620.16,2023-02-26
inv_102291,sub_50879,397.15,2023-06-21
inv_102292,sub_53523,987.71,2024-01-13
inv_102293,sub_51580,212.42,2023-10-09
inv_102294,sub_53804,1411.95,2024-12-31
inv_102295,sub_52971,752.65,2023-11-27
inv_102296,sub_50319,605.64,2024-02-22
inv_102297,sub_50931,22.58,2023-03-20
inv_102298,sub_52029,997.55,2023-04-29
inv_102299,sub_53345,169.05,2023-06-17
inv_102300,sub_52816,469.05,2023-10-13
inv_102301,sub_50697,118.85,2024-11-21
inv_102302,sub_52344,586.43,2024-11-24
inv_102303,sub_53598,675.49,2023-02-11
inv_102304,sub_50010,1452.21,2023-01-08
inv_102305,sub_52578,462.59,2024-12-18
inv_102306,sub_52184,1092.0,2023-07-12
inv_102308,sub_50784,660.92,2024-02-09
inv_102309,sub_52783,622.0,2024-02-10
inv_102310,sub_53124,217.2,2023-02-02
inv_102311,sub_52079,1384.22,2023-12-12
inv_102312,sub_52840,508.19,2024-06-01
inv_102313,sub_53462,1059.83,2024-10-04
inv_102314,sub_51937,1313.35,2023-02-16
inv_102315,sub_50848,509.14,2023-12-03
inv_102316,sub_52295,422.33,2023-08-02
inv_102317,sub_53900,759.42,2024-10-06
inv_102318,sub_52330,730.71,2023-08-30
inv_102319,sub_51170,195.63,2023-11-14
inv_102320,sub_50040,393.42,2023-03-27
inv_102321,sub_53801,539.09,2024-09-01
inv_102322,sub_50566,861.87,2023-05-23
inv_102323,sub_52848,197.9,2024-12-20
inv_102324,sub_51419,1210.13,2024-05-30
inv_102325,sub_52191,1485.01,2023-01-29
inv_102326,sub_53268,394.52,2023-05-26
inv_102327,sub_53423,1292.91,2024-07-08
inv_102328,sub_50076,1068.63,2024-03-06
inv_102329,sub_52119,1291.95,2024-08-05
inv_102330,sub_52522,112.09,2024-08-16
inv_102331,sub_53550,1332.64,2024-06-30
inv_102332,sub_53901,948.94,2024-03-18
inv_102333,sub_51333,658.4,2023-07-21
inv_102334,sub_50803,1123.62,2024-10-27
inv_102335,sub_53715,569.0,2024-05-28
inv_102336,sub_52787,391.4,2024-12-18
inv_102337,sub_51976,179.33,2024-12-19
inv_102339,sub_51210,680.8,2024-03-12
inv_102340,sub_52447,365.27,2024-07-19
inv_102341,sub_52491,508.04,2023-06-04
inv_102342,sub_50029,31.72,2023-11-28
inv_102343,sub_50757,894.17,2024-02-12
inv_102344,sub_53281,1433.19,2023-06-10
inv_102345,sub_51603,983.23,2023-06-14
inv_102346,sub_51209,1186.49,2023-12-13
inv_102347,sub_52237,663.38,2023-07-12
inv_102348,sub_51141,699.16,2023-03-18
inv_102349,sub_53285,485.07,2023-01-07
inv_102350,sub_50004,179.54,2023-07-11
inv_102351,sub_52051,1173.28,2023-01-03
inv_102352,sub_50377,450.13,2023-11-07
inv_102353,sub_50498,811.08,2023-06-27
inv_102354,sub_51156,549.93,2024-07-20
inv_102355,sub_52123,21.26,2024-04-18
inv_102356,sub_53397,729.8,2023-06-06
inv_102357,sub_50647,462.12,2023-08-27
inv_102358,sub_52354,38.14,2024-08-02
inv_102359,sub_51293,1105.65,2023-11-09
inv_102360,sub_52591,254.28,2023-08-18
inv_102361,sub_50385,49.11,2023-03-30
inv_102362,sub_50712,1383.74,2023-11-18
inv_102363,sub_50260,205.59,2023-08-13
inv_102364,sub_50901,723.3,2023-01-18
inv_102365,sub_52881,671.5,2023-03-02
inv_102366,sub_50140,330.22,2023-06-11
inv_102367,sub_50735,431.51,2023-06-19
inv_102368,sub_53597,1311.42,2024-08-02
inv_102370,sub_51614,369.44,2024-12-07
inv_102371,sub_53239,229.64,2023-10-12
inv_102372,sub_50348,1432.09,2023-01-20
inv_102373,sub_53864,780.8,2023-10-09
inv_102374,sub_53842,734.57,2024-11-22
inv_102375,sub_53059,849.57,2023-11-13
inv_102376,sub_53708,1108.39,2023-03-07
inv_102377,sub_51459,223.94,2024-01-02
inv_102378,sub_52075,831.5,2024-05-28
inv_102379,sub_50020,1079.06,2023-07-22
inv_102380,sub_50300,212.08,2023-09-21
inv_102381,sub_53571,1352.27,2024-06-25
inv_102382,sub_51931,1184.5,2023-03-23
inv_102383,sub_51827,607.42,2023-07-30
inv_102384,sub_50449,442.07,2023-06-02
inv_102385,sub_51903,813.75,2024-09-15
inv_102386,sub_53239,1086.46,2023-03-24
inv_102387,sub_52484,237.01,2023-07-14
inv_102388,sub_50873,734.65,2024-08-19
inv_102389,sub_51828,464.64,2024-11-25
inv_102390,sub_52437,359.21,2023-12-21
inv_102391,sub_50067,1065.05,2024-10-28
inv_102392,sub_53243,656.13,2024-08-28
inv_102393,sub_51218,216.53,2023-02-06
inv_102394,sub_51095,947.99,2024-05-17
inv_102395,sub_51687,326.66,2023-01-09
inv_102396,sub_53329,1447.19,2023-03-17
inv_102397,sub_50691,1443.6,2023-11-21
inv_102398,sub_50504,1405.05,2023-09-29
inv_102399,sub_53745,1063.87,2024-10-16
inv_102401,sub_50538,708.03,2024-05-21
inv_102402,sub_52252,852.16,2024-03-30
inv_102403,sub_50292,64.03,2023-05-11
inv_102404,sub_51847,1146.31,2024-08-07
inv_102405,sub_51967,810.14,2024-02-26
inv_102406,sub_51076,507.39,2023-05-04
inv_102407,sub_51638,738.44,2024-07-17
inv_102408,sub_52134,563.84,2023-01-20
inv_102409,sub_51513,1218.09,2023-04-29
inv_102410,sub_52143,20.25,2024-09-20
inv_102411,sub_53593,674.72,2023-03-29
inv_102412,sub_50896,961.4,2024-01-16
inv_102413,sub_53859,62.8,2024-07-08
inv_102414,sub_53668,1201.07,2023-02-05
inv_102415,sub_51742,259.82,2024-04-05
inv_102416,sub_50697,1412.9,2024-04-30
inv_102417,sub_51230,127.94,2024-05-07
inv_102418,sub_53153,1050.08,2023-06-05
inv_102419,sub_53637,295.07,2023-07-17
inv_102420,sub_51174,1402.56,2023-08-24
inv_102421,sub_50679,231.37,2023-07-30
inv_102422,sub_50144,887.07,2024-10-13
inv_102423,sub_51886,1372.5,2023-02-27
inv_102424,sub_52865,154.97,2023-07-06
inv_102425,sub_51581,832.64,2023-05-18
inv_102426,sub_53130,170.36,2023-07-25
inv_102427,sub_51096,209.66,2023-07-17
inv_102428,sub_51851,393.72,2024-12-25
inv_102429,sub_50916,1169.1,2024-03-01
inv_102430,sub_52947,1231.99,2023-05-20
inv_102432,sub_53623,296.29,2023-02-27
inv_102433,sub_50073,591.03,2023-05-27
inv_102434,sub_52518,427.9,2024-08-08
inv_102435,sub_51973,957.36,2023-09-29
inv_102436,sub_50556,290.64,2024-08-07
inv_102437,sub_50775,1363.63,2024-03-11
inv_102438,sub_50644,995.55,2023-02-10
inv_102439,sub_51944,528.62,2023-06-06
inv_102440,sub_50687,671.75,2023-12-17
inv_102441,sub_52167,772.68,2024-06-27
inv_102442,sub_51848,199.78,2023-08-28
inv_102443,sub_52817,608.75,2023-09-13
inv_102444,sub_52763,877.8,2023-09-26
inv_102445,sub_51896,910.81,2023-02-24
inv_102446,sub_50822,205.12,2024-07-06
inv_102447,sub_51207,1104.04,2023-10-02
inv_102448,sub_53126,448.39,2024-01-04
inv_102449,sub_51773,525.22,2024-12-17
inv_102450,sub_51278,820.91,2023-09-05
inv_102451,sub_53942,1310.99,2024-05-05
inv_102452,sub_52396,213.98,2023-03-05
inv_102453,sub_52230,942.07,2023-10-29
inv_102454,sub_51470,616.02,2024-12-07
inv_102455,sub_50622,1066.1,2023-01-23
inv_102456,sub_51943,1481.22,2024-05-05
inv_102457,sub_53308,865.41,2024-10-09
inv_102458,sub_52277,819.75,2024-03-10
inv_102459,sub_51744,1028.8,2024-05-01
inv_102460,sub_50254,151.56,2023-08-18
inv_102461,sub_53198,641.82,2023-12-22
inv_102463,sub_52633,1290.69,2023-12-31
inv_102464,sub_52811,251.97,2024-09-13
inv_102465,sub_51824,785.88,2024-07-25
inv_102466,sub_50092,702.98,2023-11-19
inv_102467,sub_50945,545.28,2024-11-16
inv_102468,sub_52454,421.39,2023-06-22
inv_102469,sub_52044,129.19,2024-10-21
inv_102470,sub_53918,583.05,2023-05-10
inv_102471,sub_50259,360.96,2024-07-15
inv_102472,sub_51452,161.07,2024-01-26
inv_102473,sub_51775,312.97,2023-04-24
inv_102474,sub_52102,410.46,2024-07-22
inv_102475,sub_50941,442.79,2023-07-18
inv_102476,sub_51219,568.45,2024-05-07
inv_102477,sub_53435,1243.33,2024-07-29
inv_102478,sub_50416,1304.67,2024-04-29
inv_102479,sub_51294,1026.16,2023-08-12
inv_102480,sub_51193,329.44,2024-04-29
inv_102481,sub_51161,1330.16,2024-09-29
inv_102482,sub_52723,990.84,2024-08-15
inv_102483,sub_53556,1125.32,2023-11-23
inv_102484,sub_51485,1165.72,2023-01-28
inv_102485,sub_52390,567.27,2024-10-08
inv_102486,sub_51944,636.75,2024-12-02
inv_102487,sub_50985,836.16,2023-03-05
inv_102488,sub_52903,572.61,2023-09-01
inv_102489,sub_51056,689.71,2024-12-07
inv_102490,sub_53227,1050.89,2024-07-02
inv_102491,sub_53541,1376.44,2024-07-24
inv_102492,sub_52971,760.76,2023-12-08
inv_102494,sub_51498,469.6,2023-12-21
inv_102495,sub_51299,46.62,2023-11-14
inv_102496,sub_53890,1260.01,2023-04-22
inv_102497,sub_53162,485.88,2024-05-12
inv_102498,sub_52645,909.25,2023-01-29
inv_102499,sub_53209,434.17,2023-02-23
inv_102500,sub_53688,583.02,2024-02-14
inv_102501,sub_51917,1227.86,2024-09-01
inv_102502,sub_52982,285.19,2023-10-14
inv_102503,sub_52902,406.33,2024-12-10
inv_102504,sub_50928,1413.79,2023-05-12
inv_102505,sub_50791,148.65,2023-05-18
inv_102506,sub_50029,507.63,2024-09-07
inv_102507,sub_50212,463.59,2024-02-12
inv_102508,sub_52233,1321.62,2023-10-31
inv_102509,sub_53376,85.71,2024-06-02
inv_102510,sub_53954,1043.13,2024-08-13
inv_102511,sub_51204,1194.3,2024-09-25
inv_102512,sub_51056,1325.24,2023-07-22
inv_102513,sub_53547,411.76,2023-10-01
inv_102514,sub_53705,1402.18,2024-05-15
inv_102515,sub_52550,1159.51,2024-05-11
inv_102516,sub_52318,736.96,2023-06-04
inv_102517,sub_51722,775.04,2024-03-11
inv_102518,sub_50637,457.69,2024-06-15
inv_102519,sub_50795,126.87,2023-10-31
inv_102520,sub_50143,874.8,2024-12-03
inv_102521,sub_52619,674.43,2023-10-04
inv_102522,sub_51978,278.78,2023-02-05
inv_102523,sub_50966,1161.43,2024-09-27
inv_102525,sub_53884,948.66,2024-07-23
inv_102526,sub_52669,1432.99,2023-11-25
inv_102527,sub_50826,359.75,2023-05-24
inv_102528,sub_50610,939.95,2024-05-16
inv_102529,sub_51910,499.97,2024-03-23
inv_102530,sub_50809,1105.17,2024-05-05
inv_102531,sub_52684,1041.91,2023-08-10
inv_102532,sub_53081,1319.28,2024-12-27
inv_102533,sub_53773,977.71,2024-01-13
inv_102534,sub_51077,870.87,2023-02-17
inv_102535,sub_51051,1431.9,2024-07-11
inv_102536,sub_51259,552.77,2024-02-13
inv_102537,sub_50654,315.62,2023-03-20
inv_102538,sub_50805,937.94,2024-05-20
inv_102539,sub_51814,474.71,2023-09-20
inv_102540,sub_52758,1281.63,2023-04-18
inv_102541,sub_53356,1440.53,2023-10-02
inv_102542,sub_51541,1319.56,2023-03-15
inv_102543,sub_52039,989.8,2023-03-11
inv_102544,sub_53801,666.62,2023-11-27
inv_102545,sub_50694,1461.8,2024-05-09
inv_102546,sub_50860,536.94,2024-10-09
inv_102547,sub_53736,1472.91,2024-09-10
inv_102548,sub_53384,42.18,2023-08-19
inv_102549,sub_50848,453.6,2023-08-21
inv_102550,sub_52968,589.63,2023-11-02
inv_102551,sub_53635,589.4,2023-12-19
inv_102552,sub_52327,443.21,2024-01-08
inv_102553,sub_50211,27.06,2023-01-31
inv_102554,sub_50441,682.36,2024-12-09
inv_102556,sub_53328,573.27,2023-02-02
inv_102557,sub_50021,365.74,2024-08-14
inv_102558,sub_52468,1105.22,2024-12-02
inv_102559,sub_53618,117.35,2023-04-25
inv_102560,sub_51288,209.11,2024-08-08
inv_102561,sub_50656,616.22,2023-11-11
inv_102562,sub_50206,844.16,2023-09-14
inv_102563,sub_50391,46.92,2024-07-06
inv_102564,sub_51536,1229.57,2023-06-08
inv_102565,sub_51175,63.25,2023-08-12
inv_102566,sub_50072,512.95,2024-11-07
inv_102567,sub_52662,392.92,2024-01-05
inv_102568,sub_53606,831.6,2024-05-23
inv_102569,sub_53599,797.95,2023-10-29
inv_102570,sub_52634,1230.9,2024-03-28
inv_102571,sub_51768,760.21,2023-03-29
inv_102572,sub_52313,376.91,2023-05-31
inv_102573,sub_52430,834.46,2024-03-21
inv_102574,sub_50778,295.85,2023-08-12
inv_102575,sub_50319,1311.44,2024-10-02
inv_102576,sub_50642,911.87,2023-06-13
inv_102577,sub_52633,868.77,2024-07-17
inv_102578,sub_52127,367.28,2023-01-06
inv_102579,sub_53133,1050.72,2023-04-23
inv_102580,sub_51666,913.46,2023-07-28
inv_102581,sub_51871,1426.51,2024-09-21
inv_102582,sub_51810,26.69,2024-03-17
inv_102583,sub_50949,262.96,2023-12-31
inv_102584,sub_51609,1115.58,2023-12-04
inv_102585,sub_52275,413.53,2023-08-13
inv_102587,sub_52887,438.17,2024-01-28
inv_102588,sub_50628,757.26,2023-04-11
inv_102589,sub_53436,400.41,2023-05-04
inv_102590,sub_52578,1286.73,2024-05-17
inv_102591,sub_50712,236.48,2023-06-03
inv_102592,sub_52244,378.2,2023-11-05
inv_102593,sub_52106,1496.25,2024-04-15
inv_102594,sub_53160,803.56,2024-06-20
inv_102595,sub_52057,515.74,2024-05-10
inv_102596,sub_52570,840.84,2023-09-11
inv_102597,sub_52165,958.43,2023-04-19
inv_102598,sub_53176,1190.81,2024-08-18
inv_102599,sub_53756,1047.52,2023-06-30
inv_102600,sub_50978,946.09,2024-10-14
inv_102601,sub_50038,988.65,2023-06-11
inv_102602,sub_50309,581.84,2024-12-26
inv_102603,sub_51711,1179.77,2024-10-24
inv_102604,sub_51846,170.24,2023-09-13
inv_102605,sub_51131,1291.1,2023-06-03
inv_102606,sub_52475,1417.8,2024-03-02
inv_102607,sub_50516,466.71,2023-05-16
inv_102608,sub_52552,1015.72,2023-07-08
inv_102609,sub_52326,1252.8,2023-09-20
inv_102610,sub_50927,215.15,2024-12-10
inv_102611,sub_53525,702.92,2023-04-22
inv_102612,sub_53703,1435.34,2023-11-23
inv_102613,sub_53682,210.31,2023-12-22
inv_102614,sub_52975,745.76,2023-03-14
inv_102615,sub_51166,1430.32,2024-07-19
inv_102616,sub_50463,1275.05,2023-03-04
inv_102618,sub_52849,1345.73,2023-01-13
inv_102619,sub_51374,782.46,2024-05-21
inv_102620,sub_52759,931.25,2023-03-10
inv_102621,sub_51149,39.91,2023-04-27
inv_102622,sub_53002,840.55,2024-02-28
inv_102623,sub_52842,888.07,2023-12-23
inv_102624,sub_51655,1217.88,2024-05-28
inv_102625,sub_50066,458.68,2023-01-19
inv_102626,sub_51250,558.22,2023-07-05
inv_102627,sub_53402,574.26,2023-06-02
inv_102628,sub_51677,483.47,2024-02-04
inv_102629,sub_53825,102.84,2024-05-16
inv_102630,sub_52475,283.94,2024-05-30
inv_102631,sub_52242,772.25,2023-08-26
inv_102632,sub_51019,457.71,2024-01-18
inv_102633,sub_52156,1388.57,2024-08-09
inv_102634,sub_51773,1082.85,2024-02-25
inv_102635,sub_50984,20.15,2023-11-20
inv_102636,sub_53068,612.99,2024-04-29
inv_102637,sub_51482,495.49,2024-11-02
inv_102638,sub_50823,675.15,2024-02-15
inv_102639,sub_52702,1212.53,2023-11-07
inv_102640,sub_53024,1443.51,2024-06-09
inv_102641,sub_52377,1414.94,2023-08-22
inv_102642,sub_50953,927.19,2023-01-08
inv_102643,sub_51962,464.6,2023-06-16
inv_102644,sub_52119,615.49,2023-04-18
inv_102645,sub_50500,101.6,2023-12-06
inv_102646,sub_53539,26.43,2024-10-21
inv_102647,sub_53003,814.0,2024-01-10
inv_102649,sub_51575,605.77,2023-04-19
inv_102650,sub_53628,665.85,2024-11-03
inv_102651,sub_52493,836.77,2024-03-23
inv_102652,sub_53635,392.27,2023-02-22
inv_102653,sub_51525,1280.48,2023-09-12
inv_102654,sub_52004,643.8,2023-02-04
inv_102655,sub_52835,396.92,2023-11-24
inv_102656,sub_50469,34.82,2023-04-02
inv_102657,sub_53703,281.75,2024-10-30
inv_102658,sub_52812,515.75,2023-03-05
inv_102659,sub_51654,1396.38,2023-11-17
inv_102660,sub_51838,902.13,2023-08-17
inv_102661,sub_51108,1229.62,2023-05-08
inv_102662,sub_53925,1047.24,2023-07-01
inv_102663,sub_50261,1055.92,2023-10-28
inv_102664,sub_52059,1366.58,2024-07-07
inv_102665,sub_51304,149.38,2023-12-14
inv_102666,sub_53363,742.94,2024-08-05
inv_102667,sub_53609,501.11,2023-02-16
inv_102668,sub_51412,642.52,2023-02-03
inv_102669,sub_51964,377.57,2024-03-25
inv_102670,sub_53974,1430.23,2023-03-27
inv_102671,sub_53120,197.27,2024-07-06
inv_102672,sub_53699,287.13,2023-09-16
inv_102673,sub_53595,260.3,2023-01-29
inv_102674,sub_53473,491.2,2023-05-06
inv_102675,sub_50738,574.06,2023-08-30
inv_102676,sub_50664,223.54,2024-02-15
inv_102677,sub_52618,187.58,2024-08-14
inv_102678,sub_51033,1029.54,2023-04-19
inv_102680,sub_51950,1134.57,2023-04-17
inv_102681,sub_53718,1380.28,2024-10-29
inv_102682,sub_51047,1038.27,2023-04-27
inv_102683,sub_51182,1253.35,2023-06-10
inv_102684,sub_50170,899.5,2023-03-07
inv_102685,sub_52863,106.63,2023-05-13
inv_102686,sub_52648,1482.51,2024-05-28
inv_102687,sub_51008,1077.29,2024-06-09
inv_102688,sub_51722,298.24,2024-12-02
inv_102689,sub_51525,490.15,2024-03-28
inv_102690,sub_53391,1026.66,2024-10-25
inv_102691,sub_52019,1123.34,2023-09-24
inv_102692,sub_50771,1495.4,2024-04-09
inv_102693,sub_53554,1307.36,2024-09-02
inv_102694,sub_52902,491.59,2023-10-24
inv_102695,sub_50262,1078.26,2023-06-19
inv_102696,sub_53857,1391.5,2023-11-28
inv_102697,sub_52948,279.84,2023-03-24
inv_102698,sub_53905,1109.65,2024-12-12
inv_102699,sub_53855,605.6,2024-03-26
inv_102700,sub_52930,1450.56,2024-02-10
inv_102701,sub_51641,568.07,2023-01-04
inv_102702,sub_53046,1125.39,2024-10-19
inv_102703,sub_53651,797.24,2023-02-13
inv_102704,sub_53719,432.11,2024-06-08
inv_102705,sub_51616,1153.34,2023-07-07
inv_102706,sub_51668,1283.43,2023-10-20
inv_102707,sub_50347,835.38,2024-03-16
inv_102708,sub_53956,1088.57,2023-01-29
inv_102709,sub_51297,318.01,2023-02-10
inv_102711,sub_50007,1410.51,2024-01-05
inv_102712,sub_52303,1138.04,2024-06-20
inv_102713,sub_53139,156.81,2024-02-27
inv_102714,sub_52790,1134.95,2024-08-29
inv_102715,sub_53513,531.4,2023-11-21
inv_102716,sub_53694,632.8,2024-02-24
inv_102717,sub_51623,605.56,2023-07-23
inv_102718,sub_50184,1041.81,2024-07-19
inv_102719,sub_50038,262.5,2023-12-06
inv_102720,sub_51045,337.69,2023-08-01
inv_102721,sub_50417,1293.26,2024-04-04
inv_102722,sub_51718,922.94,2024-04-17
inv_102723,sub_51284,1490.35,2024-11-24
inv_102724,sub_52914,1170.91,2023-11-14
inv_102725,sub_52979,608.44,2024-02-10
inv_102726,sub_50094,1053.75,2024-02-09
inv_102727,sub_50759,1371.62,2024-12-31
inv_102728,sub_52750,1474.92,2023-02-02
inv_102729,sub_51100,829.18,2023-06-29
inv_102730,sub_53111,766.17,2023-03-17
inv_102731,sub_52742,695.18,2023-10-21
inv_102732,sub_51424,470.54,2024-09-08
inv_102733,sub_51641,616.73,2024-03-10
inv_102734,sub_51202,1363.31,2024-08-08
inv_102735,sub_52605,1463.43,2023-07-24
inv_102736,sub_53843,974.92,2023-04-18
inv_102737,sub_50756,327.82,2023-03-07
inv_102738,sub_53387,1069.7,2024-11-23
inv_102739,sub_53236,859.47,2024-10-02
inv_102740,sub_53566,604.92,2023-06-15
inv_102742,sub_51403,1272.15,2023-07-31
inv_102743,sub_52851,597.4,2023-01-22
inv_102744,sub_51677,434.94,2024-02-07
inv_102745,sub_52655,224.68,2023-05-03
inv_102746,sub_53181,856.53,2024-03-16
inv_102747,sub_51424,1097.13,2024-05-31
inv_102748,sub_52153,610.95,2023-01-28
inv_102749,sub_52887,830.93,2023-06-22
inv_102750,sub_51439,1336.11,2024-10-17
inv_102751,sub_52894,142.34,2023-08-12
inv_102752,sub_50933,935.8,2024-08-23
inv_102753,sub_52045,725.12,2024-05-22
inv_102754,sub_50206,1486.29,2023-09-29
inv_102755,sub_50277,582.39,2024-07-21
inv_102756,sub_51262,111.69,2024-02-12
inv_102757,sub_52774,124.46,2024-01-09
inv_102758,sub_51979,1030.23,2024-03-10
inv_102759,sub_50973,551.24,2023-03-22
inv_102760,sub_53331,1310.2,2024-11-27
inv_102761,sub_50169,657.77,2024-10-18
inv_102762,sub_52214,300.32,2024-01-31
inv_102763,sub_50056,70.38,2023-11-22
inv_102764,sub_50460,180.94,2024-05-31
inv_102765,sub_53166,35.97,2023-08-15
inv_102766,sub_50387,404.02,2023-04-01
inv_102767,sub_53593,1353.93,2023-08-30
inv_102768,sub_52646,1305.45,2024-01-12
inv_102769,sub_53086,971.02,2023-05-31
inv_102770,sub_51755,201.87,2024-10-21
inv_102771,sub_53000,249.75,2023-09-27
inv_102773,sub_52385,830.75,2024-11-04
inv_102774,sub_53422,1399.56,2024-10-09
inv_102775,sub_51738,303.97,2023-09-10
inv_102776,sub_50390,506.12,2023-03-02
inv_102777,sub_51682,963.0,2024-05-09
inv_102778,sub_52502,272.09,2023-10-06
inv_102779,sub_53659,270.51,2024-11-28
inv_102780,sub_51834,141.29,2023-03-18
inv_102781,sub_50404,1487.56,2024-10-03
inv_102782,sub_53494,786.02,2023-05-02
inv_102783,sub_53176,256.64,2024-04-06
inv_102784,sub_50104,792.96,2024-08-19
inv_102785,sub_51876,1434.39,2023-04-24
inv_102786,sub_52942,963.11,2023-07-21
inv_102787,sub_53132,1110.3,2023-11-05
inv_102788,sub_52055,1490.07,2024-04-07
inv_102789,sub_50391,1414.99,2023-11-12
inv_102790,sub_53840,1243.45,2023-02-06
inv_102791,sub_52822,808.41,2023-07-19
inv_102792,sub_52324,711.11,2023-12-30
inv_102793,sub_52685,695.74,2023-03-29
inv_102794,sub_50862,1081.78,2024-10-01
inv_102795,sub_53092,573.61,2023-05-25
inv_102796,sub_50625,1132.95,2024-01-16
inv_102797,sub_53279,756.54,2024-12-16
inv_102798,sub_53437,1099.32,2023-01-06
inv_102799,sub_53615,1152.99,2024-04-20
inv_102800,sub_51138,431.23,2023-04-11
inv_102801,sub_51168,252.65,2023-07-09
inv_102802,sub_50930,948.66,2024-04-17
inv_102804,sub_53928,1052.22,2023-02-26
inv_102805,sub_51398,704.2,2023-09-17
inv_102806,sub_50492,1167.28,2024-09-26
inv_102807,sub_53368,327.69,2023-07-01
inv_102808,sub_53775,145.75,2023-12-21
inv_102809,sub_51173,1303.51,2023-02-12
inv_102810,sub_52422,842.11,2023-09-22
inv_102811,sub_53196,186.73,2023-05-22
inv_102812,sub_51668,189.18,2024-09-15
inv_102813,sub_52084,903.13,2023-12-11
inv_102814,sub_50593,1443.93,2024-08-10
inv_102815,sub_53437,1340.38,2023-04-09
inv_102816,sub_51174,832.05,2024-04-16
inv_102817,sub_50311,1470.74,2024-02-26
inv_102818,sub_52407,523.39,2024-02-04
inv_102819,sub_50762,500.37,2023-03-20
inv_102820,sub_51220,604.32,2024-06-26
inv_102821,sub_52390,1062.14,2024-11-28
inv_102822,sub_51611,1306.96,2024-09-27
inv_102823,sub_53247,601.34,2023-03-19
inv_102824,sub_51793,727.03,2024-12-14
inv_102825,sub_50500,792.38,2023-08-27
inv_102826,sub_50115,1123.0,2023-05-07
inv_102827,sub_50656,153.03,2024-02-25
inv_102828,sub_52071,373.49,2023-09-16
inv_102829,sub_50657,338.53,2023-04-23
inv_102830,sub_53641,871.38,2024-03-22
inv_102831,sub_51743,1298.67,2023-02-13
inv_102832,sub_50189,530.37,2024-11-17
inv_102833,sub_52087,738.79,2024-11-18
inv_102835,sub_52576,912.31,2023-11-11
inv_102836,sub_53542,547.15,2023-09-06
inv_102837,sub_50402,177.99,2023-06-08
inv_102838,sub_53900,1354.04,2024-08-22
inv_102839,sub_50021,325.56,2024-02-08
inv_102840,sub_52057,1349.31,2023-01-07
inv_102841,sub_53290,1245.36,2023-11-14
inv_102842,sub_50500,933.58,2024-11-09
inv_102843,sub_53035,849.87,2024-06-06
inv_102844,sub_53727,1226.03,2024-04-07
inv_102845,sub_53198,382.25,2024-06-27
inv_102846,sub_51974,853.06,2024-03-25
inv_102847,sub_52202,1257.72,2023-03-19
inv_102848,sub_50430,1251.25,2023-07-09
inv_102849,sub_53366,669.18,2024-07-20
inv_102850,sub_53445,1360.13,2023-12-27
inv_102851,sub_52571,835.98,2023-07-10
inv_102852,sub_50305,68.27,2024-03-10
inv_102853,sub_50653,623.3,2023-05-12
inv_102854,sub_51575,237.96,2023-01-21
inv_102855,sub_52050,1013.41,2023-06-23
inv_102856,sub_52790,581.42,2023-01-31
inv_102857,sub_50607,1242.08,2024-11-21
inv_102858,sub_51647,1014.55,2023-06-16
inv_102859,sub_51205,1403.95,2024-10-20
inv_102860,sub_52228,1196.9,2024-05-24
inv_102861,sub_53359,1379.52,2023-11-10
inv_102862,sub_52412,489.42,2024-05-30
inv_102863,sub_50227,656.48,2024-01-06
inv_102864,sub_50871,36.5,2023-02-18
inv_102866,sub_52770,520.68,2023-05-01
inv_102867,sub_50949,858.18,2023-07-25
inv_102868,sub_52100,545.14,2023-08-08
inv_102869,sub_51880,860.63,2023-01-11
inv_102870,sub_50780,496.29,2024-08-21
inv_102871,sub_53756,177.32,2024-01-06
inv_102872,sub_53606,1080.76,2023-11-26
inv_102873,sub_50461,1491.93,2024-12-31
inv_102874,sub_53896,39.58,2023-10-07
inv_102875,sub_51040,469.46,2023-12-08
inv_102876,sub_52610,324.98,2024-02-09
inv_102877,sub_50248,1182.59,2023-03-04
inv_102878,sub_53660,628.29,2024-04-13
inv_102879,sub_53747,1249.03,2023-09-03
inv_102880,sub_50873,28.69,2024-02-17
inv_102881,sub_51496,1486.56,2024-03-06
inv_102882,sub_53757,1248.68,2023-04-05
inv_102883,sub_50577,583.08,2023-07-12
inv_102884,sub_51909,143.66,2023-11-06
inv_102885,sub_50075,386.13,2023-10-02
inv_102886,sub_52303,692.12,2024-12-08
inv_102887,sub_50810,533.42,2023-01-27
inv_102888,sub_50168,1214.91,2023-02-07
inv_102889,sub_53221,707.74,2023-04-07
inv_102890,sub_53589,1298.68,2024-08-14
inv_102891,sub_53536,144.13,2023-10-13
inv_102892,sub_50409,849.98,2024-06-05
inv_102893,sub_51735,1168.73,2023-04-04
inv_102894,sub_53909,970.41,2023-10-14
inv_102895,sub_52260,667.75,2023-07-28
inv_102897,sub_53327,28.23,2023-02-20
inv_102898,sub_51040,677.3,2024-05-14
inv_102899,sub_53371,559.69,2023-03-18
inv_102900,sub_53269,482.5,2023-08-30
inv_102901,sub_53975,36.0,2023-03-22
inv_102902,sub_53531,1252.07,2023-03-07
inv_102903,sub_50445,79.18,2023-12-07
inv_102904,sub_52062,298.04,2023-12-26
inv_102905,sub_53601,226.01,2024-04-13
inv_102906,sub_52733,231.61,2023-07-08
inv_102907,sub_53773,783.0,2024-05-15
inv_102908,sub_53228,1151.73,2024-05-28
inv_102909,sub_52561,1331.58,2023-12-06
inv_102910,sub_50390,1097.65,2023-06-17
inv_102911,sub_52947,414.41,2024-09-15
inv_102912,sub_51139,1404.17,2024-12-05
inv_102913,sub_52071,746.17,2024-12-18
inv_102914,sub_52418,336.14,2024-02-18
inv_102915,sub_51853,455.78,2023-10-03
inv_102916,sub_53473,770.25,2024-12-14
inv_102917,sub_52943,664.98,2023-01-07
inv_102918,sub_52439,314.03,2024-01-23
inv_102919,sub_52723,380.77,2024-02-16
inv_102920,sub_50706,111.8,2024-04-06
inv_102921,sub_53012,1043.94,2023-10-01
inv_102922,sub_50683,688.58,2024-04-07
inv_102923,sub_53677,677.15,2023-05-01
inv_102924,sub_52966,114.84,2024-04-18
inv_102925,sub_53636,775.24,2024-01-25
inv_102926,sub_50478,313.34,2023-04-16
inv_102928,sub_52285,174.3,2023-08-08
inv_102929,sub_52440,1319.16,2023-02-17
inv_102930,sub_53276,190.37,2024-03-29
inv_102931,sub_52095,572.97,2024-03-09
inv_102932,sub_51570,509.94,2023-06-10
inv_102933,sub_50149,50.84,2024-12-24
inv_102934,sub_50357,954.65,2023-06-12
inv_102935,sub_53099,88.36,2023-03-13
inv_102936,sub_50938,384.35,2023-06-28
inv_102937,sub_51160,188.66,2023-06-04
inv_102938,sub_51311,442.02,2024-03-11
inv_102939,sub_50018,1455.2,2023-07-31
inv_102940,sub_50983,1447.41,2024-07-02
inv_102941,sub_53094,561.54,2024-11-22
inv_102942,sub_50777,598.2,2023-04-13
inv_102943,sub_52322,1149.03,2023-02-28
inv_102944,sub_52389,814.06,2024-04-13
inv_102945,sub_53366,651.33,2023-10-23
inv_102946,sub_52324,631.29,2023-03-26
inv_102947,sub_53549,859.32,2024-12-20
inv_102948,sub_51065,1144.84,2024-05-23
inv_102949,sub_53416,154.72,2024-01-10
inv_102950,sub_53486,1211.21,2024-12-10
inv_102951,sub_52345,379.79,2024-04-28
inv_102952,sub_50246,1203.42,2024-09-10
inv_102953,sub_50435,141.33,2024-02-22
inv_102954,sub_52989,487.2,2024-05-02
inv_102955,sub_51958,1354.03,2023-10-18
inv_102956,sub_51716,1330.2,2024-07-25
inv_102957,sub_51232,1497.96,2024-02-09
inv_102959,sub_52992,292.38,2024-05-30
inv_102960,sub_53616,1339.96,2024-08-11
inv_102961,sub_53532,632.19,2024-03-31
inv_102962,sub_53803,564.18,2024-05-23
inv_102963,sub_50760,1375.1,2024-07-05
inv_102964,sub_53722,550.72,2023-09-18
inv_102965,sub_50064,707.56,2023-04-24
inv_102966,sub_51221,868.63,2024-08-24
inv_102967,sub_53008,137.54,2024-09-13
inv_102968,sub_52772,168.58,2023-06-12
inv_102969,sub_50382,558.78,2023-06-07
inv_102970,sub_53782,910.14,2023-08-31
inv_102971,sub_52148,1017.77,2023-08-19
inv_102972,sub_53241,1196.95,2023-04-13
inv_102973,sub_51276,1407.1,2023-01-05
inv_102974,sub_51180,975.54,2024-07-08
inv_102975,sub_51832,179.07,2023-12-25
inv_102976,sub_53139,1410.25,2023-04-03
inv_102977,sub_50587,296.0,2024-03-11
inv_102978,sub_51758,1082.05,2024-04-04
inv_102979,sub_50304,1381.11,2024-01-12
inv_102980,sub_52796,569.97,2023-12-15
inv_102981,sub_50058,405.77,2024-11-11
inv_102982,sub_51568,674.28,2024-01-09
inv_102983,sub_53354,522.65,2023-12-20
inv_102984,sub_53453,666.93,2023-12-18
inv_102985,sub_52874,704.66,2023-08-11
inv_102986,sub_51546,965.9,2024-05-04
inv_102987,sub_51252,841.47,2023-01-02
inv_102988,sub_52510,207.67,2023-01-12
inv_102990,sub_50330,1056.06,2024-12-14
inv_102991,sub_53652,1073.71,2023-06-11
inv_102992,sub_50817,499.35,2023-04-28
inv_102993,sub_52627,1362.46,2024-12-24
inv_102994,sub_53132,778.55,2024-11-02
inv_102995,sub_52855,268.53,2023-10-04
inv_102996,sub_53552,828.97,2023-11-14
inv_102997,sub_53236,525.9,2023-05-02
inv_102998,sub_52435,1156.6,2023-11-23
inv_102999,sub_52759,1304.28,2023-07-04
inv_103000,sub_53592,676.55,2023-04-25
inv_103001,sub_53462,132.11,2023-08-29
inv_103002,sub_50308,534.1,2024-04-04
inv_103003,sub_51777,733.81,2024-07-14
inv_103004,sub_50608,372.27,2024-01-01
inv_103005,sub_51475,134.91,2023-12-31
inv_103006,sub_50814,282.4,2023-12-27
inv_103007,sub_52417,226.09,2023-12-26
inv_103008,sub_50325,1005.07,2024-08-29
inv_103009,sub_51165,85.26,2024-05-30
inv_103010,sub_50254,923.83,2024-04-30
inv_103011,sub_53295,845.14,2024-04-19
inv_103012,sub_52090,484.25,2024-11-04
inv_103013,sub_51227,999.45,2023-09-10
inv_103014,sub_52748,761.79,2024-07-24
inv_103015,sub_51280,285.02,2023-08-09
inv_103016,sub_52166,582.6,2024-01-24
inv_103017,sub_51027,971.37,2023-01-22
inv_103018,sub_52611,885.84,2024-02-28
inv_103019,sub_50985,643.92,2024-04-17
inv_103021,sub_52310,495.09,2024-08-03
inv_103022,sub_51402,1097.64,2023-10-09
inv_103023,sub_50608,228.32,2023-03-18
inv_103024,sub_51235,452.58,2023-02-12
inv_103025,sub_52183,1404.63,2024-04-19
inv_103026,sub_50733,223.17,2024-01-06
inv_103027,sub_52112,107.09,2023-07-14
inv_103028,sub_53005,878.32,2024-05-17
inv_103029,sub_50542,728.29,2023-04-23
inv_103030,sub_52498,621.74,2023-07-06
inv_103031,sub_50874,1029.58,2023-10-30
inv_103032,sub_52338,518.8,2024-09-06
inv_103033,sub_53554,1093.9,2024-04-22
inv_103034,sub_51297,736.35,2024-05-31
inv_103035,sub_51059,1053.8,2023-03-26
inv_103036,sub_50838,1104.24,2024-03-14
inv_103037,sub_50547,241.57,2024-03-12
inv_103038,sub_53348,1077.48,2023-08-05
inv_103039,sub_50816,615.18,2023-01-30
inv_103040,sub_51648,1354.74,2023-02-07
inv_103041,sub_50750,1370.77,2023-12-15
inv_103042,sub_52463,1403.6,2023-12-20
inv_103043,sub_51084,1213.55,2023-12-26
inv_103044,sub_50950,1102.02,2024-10-16
inv_103045,sub_53365,1093.56,2024-08-17
inv_103046,sub_53508,849.91,2023-11-24
inv_103047,sub_53239,1498.21,2023-02-07
inv_103048,sub_53787,1327.99,2024-10-09
inv_103049,sub_52244,993.14,2024-11-19
inv_103050,sub_50352,664.26,2023-11-17
inv_103052,sub_52242,683.25,2023-08-04
inv_103053,sub_50095,698.35,2023-10-22
inv_103054,sub_51274,526.59,2024-11-13
inv_103055,sub_52486,762.86,2023-02-18
inv_103056,sub_52817,1441.22,2023-12-26
inv_103057,sub_50396,1315.6,2024-11-27
inv_103058,sub_50556,287.58,2024-02-15
inv_103059,sub_50775,1379.39,2024-03-24
inv_103060,sub_50240,689.24,2024-07-03
inv_103061,sub_50358,533.26,2024-09-06
inv_103062,sub_50765,135.62,2023-05-02
inv_103063,sub_51542,903.58,2024-04-25
inv_103064,sub_53275,733.72,2023-05-18
inv_103065,sub_53585,1148.58,2024-01-19
inv_103066,sub_52585,679.09,2024-02-12
inv_103067,sub_53518,1378.71,2023-09-29
inv_103068,sub_50350,1378.73,2024-04-23
inv_103069,sub_51034,1411.27,2024-07-06
inv_103070,sub_50053,761.26,2024-01-28
inv_103071,sub_50793,143.09,2023-10-21
inv_103072,sub_52167,1359.22,2024-10-02
inv_103073,sub_53086,911.33,2024-01-09
inv_103074,sub_52501,1271.37,2023-12-15
inv_103075,sub_50946,623.47,2023-03-01
inv_103076,sub_51008,807.43,2023-11-06
inv_103077,sub_52255,686.78,2024-02-04
inv_103078,sub_51055,461.61,2024-02-14
inv_103079,sub_52774,928.82,2023-05-25
inv_103080,sub_53525,1341.48,2023-02-11
inv_103081,sub_53245,507.18,2023-09-08
inv_103083,sub_50046,1043.72,2024-04-23
inv_103084,sub_53359,865.46,2024-12-26
inv_103085,sub_51580,568.82,2024-07-30
inv_103086,sub_50268,450.65,2024-04-03
inv_103087,sub_53929,599.84,2024-12-03
inv_103088,sub_50327,855.15,2025-01-01
inv_103089,sub_50409,727.61,2024-08-11
inv_103090,sub_52449,964.59,2023-08-13
inv_103091,sub_53522,783.23,2024-04-18
inv_103092,sub_52385,682.65,2023-12-19
inv_103093,sub_51938,1031.31,2024-05-27
inv_103094,sub_51061,731.46,2024-03-24
inv_103095,sub_52328,679.25,2023-02-28
inv_103096,sub_50103,458.69,2023-05-29
inv_103097,sub_53298,541.32,2023-06-08
inv_103098,sub_51900,1108.81,2024-09-25
inv_103099,sub_51531,882.41,2023-11-28
inv_103100,sub_50949,1106.69,2023-10-26
inv_103101,sub_52673,1061.63,2023-02-25
inv_103102,sub_51913,1164.24,2023-11-09
inv_103103,sub_50919,99.64,2024-10-16
inv_103104,sub_50706,1499.67,2024-07-18
inv_103105,sub_50464,1095.94,2023-02-01
inv_103106,sub_53583,1346.69,2024-06-12
inv_103107,sub_51146,182.76,2024-07-22
inv_103108,sub_51645,1066.53,2023-11-06
inv_103109,sub_50765,231.97,2024-01-13
inv_103110,sub_52405,1487.06,2023-01-28
inv_103111,sub_51410,1426.74,2024-12-11
inv_103112,sub_53440,1295.11,2024-12-11
inv_103114,sub_53353,1271.89,2023-06-13
inv_103115,sub_51230,1215.08,2024-09-30
inv_103116,sub_52012,1493.86,2023-10-21
inv_103117,sub_53276,783.03,2024-09-23
inv_103118,sub_51184,786.67,2024-03-26
inv_103119,sub_50463,246.36,2023-09-04
inv_103120,sub_53219,1420.6,2023-06-11
inv_103121,sub_53133,638.86,2024-04-14
inv_103122,sub_50606,415.84,2024-05-03
inv_103123,sub_50377,1000.52,2023-02-01
inv_103124,sub_52088,296.85,2024-07-23
inv_103125,sub_52898,622.4,2024-02-14
inv_103126,sub_50994,1028.61,2024-07-19
inv_103127,sub_53480,897.21,2023-06-15
inv_103128,sub_52388,26.55,2023-11-28
inv_103129,sub_53184,390.4,2023-01-31
inv_103130,sub_50284,1110.24,2023-01-14
inv_103131,sub_50420,510.14,2024-12-06
inv_103132,sub_52982,1201.64,2024-12-10
inv_103133,sub_50240,336.41,2024-11-20
inv_103134,sub_53917,93.77,2024-02-12
inv_103135,sub_52579,1484.69,2024-02-03
inv_103136,sub_53391,393.25,2023-04-13
inv_103137,sub_52038,1276.67,2023-04-08
inv_103138,sub_52751,316.37,2024-07-07
inv_103139,sub_50130,905.11,2023-10-21
inv_103140,sub_53943,1066.31,2023-12-18
inv_103141,sub_53157,1054.77,2024-02-02
inv_103142,sub_51932,961.07,2024-01-25
inv_103143,sub_52165,142.8,2024-12-08
inv_103145,sub_50295,394.54,2024-12-17
inv_103146,sub_50318,688.31,2023-11-09
inv_103147,sub_52400,107.88,2023-09-26
inv_103148,sub_53196,997.7,2023-07-25
inv_103149,sub_51444,1423.3,2023-03-28
inv_103150,sub_50342,443.37,2024-12-10
inv_103151,sub_50040,161.47,2023-02-22
inv_103152,sub_52130,1251.59,2024-07-29
inv_103153,sub_53734,544.49,2024-09-28
inv_103154,sub_53686,380.01,2023-08-10
inv_103155,sub_52642,848.37,2023-11-20
inv_103156,sub_51527,1391.66,2023-03-23
inv_103157,sub_52784,710.92,2024-09-03
inv_103158,sub_52848,470.92,2024-02-26
inv_103159,sub_51385,503.55,2023-05-21
inv_103160,sub_51000,241.07,2023-08-23
inv_103161,sub_50798,696.95,2023-05-04
inv_103162,sub_52173,36.29,2023-07-06
inv_103163,sub_51403,1243.15,2024-10-06
inv_103164,sub_53539,214.03,2024-11-13
inv_103165,sub_53938,246.92,2024-02-10
inv_103166,sub_51494,229.03,2024-10-28
inv_103167,sub_53460,1175.25,2024-02-17
inv_103168,sub_51169,1298.47,2023-04-16
inv_103169,sub_51020,994.83,2023-06-08
inv_103170,sub_53415,238.73,2023-08-11
inv_103171,sub_50060,1134.02,2024-10-07
inv_103172,sub_51076,875.27,2024-10-17
inv_103173,sub_51564,770.0,2024-03-18
inv_103174,sub_53845,1022.22,2024-10-06
inv_103176,sub_52893,297.94,2023-06-28
inv_103177,sub_52973,1444.88,2024-05-09
inv_103178,sub_50291,77.96,2023-09-17
inv_103179,sub_50605,541.43,2024-01-02
inv_103180,sub_52293,882.74,2023-06-08
inv_103181,sub_53994,824.52,2024-05-29
inv_103182,sub_53526,788.56,2023-04-29
inv_103183,sub_53458,1459.38,2024-09-12
inv_103184,sub_50250,1248.18,2023-03-06
inv_103185,sub_52370,212.31,2023-06-08
inv_103186,sub_53091,275.63,2023-09-22
inv_103187,sub_50674,607.92,2024-06-15
inv_103188,sub_51130,1044.12,2024-12-05
inv_103189,sub_53127,639.33,2023-03-10
inv_103190,sub_51907,1292.95,2023-03-23
inv_103191,sub_53871,421.39,2023-03-03
inv_103192,sub_52077,945.14,2024-10-25
inv_103193,sub_51985,817.64,2023-11-10
inv_103194,sub_51656,1363.41,2024-07-20
inv_103195,sub_52083,479.79,2023-07-07
inv_103196,sub_51029,379.7,2024-11-30
inv_103197,sub_52771,486.72,2023-05-28
inv_103198,sub_51217,1439.86,2024-02-15
inv_103199,sub_52089,27.28,2024-05-15
inv_103200,sub_53695,1464.01,2024-07-18
inv_103201,sub_50843,818.81,2024-08-16
inv_103202,sub_51924,1134.57,2023-02-09
inv_103203,sub_53266,423.8,2023-01-10
inv_103204,sub_52225,1462.98,2023-07-19
inv_103205,sub_50737,189.22,2024-05-02
inv_103207,sub_51174,1234.83,2024-12-02
inv_103208,sub_51655,930.55,2023-10-11
inv_103209,sub_51560,40.17,2024-02-18
inv_103210,sub_52670,1123.5,2023-05-27
inv_103211,sub_50803,175.65,2023-10-26
inv_103212,sub_53169,562.6,2024-03-21
inv_103213,sub_50483,1425.17,2023-02-24
inv_103214,sub_50620,1466.05,2023-07-10
inv_103215,sub_51453,145.41,2023-10-31
inv_103216,sub_51656,433.13,2023-11-01
inv_103217,sub_53519,1381.51,2023-08-19
inv_103218,sub_53464,1122.93,2023-06-21
inv_103219,sub_51742,913.35,2024-10-20
inv_103220,sub_50256,735.95,2024-11-04
inv_103221,sub_52735,941.46,2023-08-29
inv_103222,sub_50706,1378.18,2024-01-13
inv_103223,sub_52103,620.5,2023-07-04
inv_103224,sub_51995,1296.94,2024-10-26
inv_103225,sub_51342,1245.2,2024-04-03
inv_103226,sub_53460,73.66,2024-01-24
inv_103227,sub_52671,377.24,2023-10-29
inv_103228,sub_50900,1235.45,2024-02-20
inv_103229,sub_53717,489.73,2023-03-23
inv_103230,sub_53743,207.66,2023-05-09
inv_103231,sub_51931,472.21,2023-07-30
inv_103232,sub_50282,913.51,2024-05-09
inv_103233,sub_51178,54.76,2023-05-22
inv_103234,sub_50423,536.88,2024-11-29
inv_103235,sub_52039,1437.56,2023-09-08
inv_103236,sub_53074,1081.19,2024-07-08
inv_103238,sub_51377,616.61,2023-12-09
inv_103239,sub_53110,478.26,2024-04-05
inv_103240,sub_52959,166.12,2024-05-25
inv_103241,sub_51475,271.28,2023-04-06
inv_103242,sub_53504,422.56,2023-06-10
inv_103243,sub_53965,289.55,2024-03-26
inv_103244,sub_52453,763.01,2023-06-26
inv_103245,sub_53593,1403.11,2023-08-16
inv_103246,sub_50136,702.82,2023-06-05
inv_103247,sub_50601,1079.68,2024-04-12
inv_103248,sub_50078,548.18,2023-09-16
inv_103249,sub_53249,277.45,2024-12-12
inv_103250,sub_50632,1458.18,2023-08-22
inv_103251,sub_51155,955.3,2024-01-23
inv_103252,sub_53345,82.07,2023-01-24
inv_103253,sub_53405,1034.45,2024-10-23
inv_103254,sub_51347,166.43,2023-11-01
inv_103255,sub_52616,138.9,2023-03-30
inv_103256,sub_53121,76.92,2023-08-19
inv_103257,sub_50500,485.59,2023-08-02
inv_103258,sub_52265,300.75,2024-01-22
inv_103259,sub_50483,544.15,2024-08-04
inv_103260,sub_53404,80.17,2023-07-26
inv_103261,sub_50193,1376.93,2023-06-14
inv_103262,sub_50849,671.65,2024-12-05
inv_103263,sub_51961,913.82,2023-11-09
inv_103264,sub_51089,1184.93,2023-07-27
inv_103265,sub_52550,1027.11,2023-04-05
inv_103266,sub_50713,28.83,2024-08-23
inv_103267,sub_52946,975.09,2023-05-10
inv_103269,sub_51990,1253.6,2023-08-13
inv_103270,sub_51493,437.5,2023-01-07
inv_103271,sub_51976,125.39,2024-08-17
inv_103272,sub_52558,897.71,2023-05-05
inv_103273,sub_52541,607.89,2023-09-20
inv_103274,sub_50243,728.96,2023-01-30
inv_103275,sub_50307,492.43,2023-02-10
inv_103276,sub_50092,1425.47,2024-11-01
inv_103277,sub_53827,344.39,2024-01-07
inv_103278,sub_52905,288.35,2024-03-05
inv_103279,sub_52399,149.24,2023-04-24
inv_103280,sub_50852,1355.45,2024-12-06
inv_103281,sub_52785,1300.29,2023-01-26
inv_103282,sub_51245,383.0,2024-09-04
inv_103283,sub_50424,668.65,2024-07-21
inv_103284,sub_53639,297.58,2023-07-12
inv_103285,sub_50531,326.41,2023-04-16
inv_103286,sub_50501,91.06,2023-07-30
inv_103287,sub_52086,1259.08,2024-06-30
inv_103288,sub_52280,1370.39,2023-07-05
inv_103289,sub_52889,866.77,2024-01-07
inv_103290,sub_51595,1387.37,2024-12-05
inv_103291,sub_51599,320.27,2024-08-19
inv_103292,sub_51997,244.69,2023-08-06
inv_103293,sub_52803,125.24,2023-07-07
inv_103294,sub_53748,993.19,2024-03-08
inv_103295,sub_53628,770.56,2023-07-07
inv_103296,sub_52549,734.83,2023-12-09
inv_103297,sub_51764,884.42,2024-06-13
inv_103298,sub_52237,609.78,2024-05-13
inv_103300,sub_52647,903.49,2024-09-11
inv_103301,sub_51792,434.64,2024-02-05
inv_103302,sub_53584,862.39,2023-06-18
inv_103303,sub_53872,388.81,2024-04-13
inv_103304,sub_53165,1264.13,2023-01-25
inv_103305,sub_50374,756.31,2023-11-10
inv_103306,sub_50998,409.33,2023-08-19
inv_103307,sub_53162,331.89,2024-07-04
inv_103308,sub_53655,1079.46,2023-10-02
inv_103309,sub_52191,881.84,2024-04-03
inv_103310,sub_52809,1194.76,2024-09-01
inv_103311,sub_53145,1228.3,2023-08-03
inv_103312,sub_50441,1100.56,2023-06-06
inv_103313,sub_52054,1151.85,2024-07-25
inv_103314,sub_50871,485.66,2023-05-25
inv_103315,sub_53333,28.11,2023-09-18
inv_103316,sub_53579,1115.01,2024-11-25
inv_103317,sub_50651,566.75,2023-09-07
inv_103318,sub_51236,466.83,2023-03-07
inv_103319,sub_50753,197.16,2024-03-09
inv_103320,sub_53753,1062.19,2023-01-28
inv_103321,sub_52403,109.02,2024-08-21
inv_103322,sub_50805,879.94,2024-02-04
inv_103323,sub_52305,1457.66,2024-10-25
inv_103324,sub_50120,1329.86,2024-12-10
inv_103325,sub_52595,826.11,2023-06-07
inv_103326,sub_52246,700.42,2023-01-21
inv_103327,sub_50068,1308.07,2024-05-07
inv_103328,sub_51611,276.32,2024-08-13
inv_103329,sub_52503,1383.34,2024-02-22
inv_103331,sub_52458,287.08,2023-03-23
inv_103332,sub_53524,1045.56,2023-06-17
inv_103333,sub_51462,115.28,2023-10-23
inv_103334,sub_52663,777.07,2024-12-05
inv_103335,sub_52020,520.67,2024-01-27
inv_103336,sub_52956,1024.31,2023-08-07
inv_103337,sub_51627,323.71,2023-07-27
inv_103338,sub_51022,1485.41,2024-09-01
inv_103339,sub_52862,1033.14,2023-07-26
inv_103340,sub_50982,1196.18,2023-06-28
inv_103341,sub_53214,1375.94,2023-11-03
inv_103342,sub_51556,590.04,2024-09-15
inv_103343,sub_53916,1087.15,2024-05-12
inv_103344,sub_53707,380.24,2023-05-18
inv_103345,sub_53524,1276.21,2023-06-16
inv_103346,sub_53980,1291.63,2024-11-07
inv_103347,sub_53696,1337.69,2023-11-22
inv_103348,sub_51435,1041.56,2024-03-23
inv_103349,sub_52043,543.53,2023-06-21
inv_103350,sub_50079,1268.49,2024-06-23
inv_103351,sub_51707,77.57,2024-11-02
inv_103352,sub_50588,188.28,2023-11-12
inv_103353,sub_53935,1110.22,2023-11-23
inv_103354,sub_51050,438.02,2024-09-07
inv_103355,sub_53963,805.21,2024-02-07
inv_103356,sub_52430,69.56,2024-02-05
inv_103357,sub_51398,265.71,2024-04-29
inv_103358,sub_50659,104.31,2023-09-10
inv_103359,sub_52151,1004.39,2023-03-20
inv_103360,sub_53923,453.54,2023-06-04
inv_103362,sub_51368,642.55,2023-10-25
inv_103363,sub_51132,1260.48,2024-01-07
inv_103364,sub_51948,1012.21,2023-06-03
inv_103365,sub_50199,25.19,2023-01-23
inv_103366,sub_53442,572.88,2024-11-11
inv_103367,sub_52111,85.71,2023-12-31
inv_103368,sub_52194,944.4,2023-10-11
inv_103369,sub_50626,762.46,2023-07-06
inv_103370,sub_50873,157.29,2024-07-05
inv_103371,sub_52420,919.48,2023-07-18
inv_103372,sub_52758,216.48,2023-11-04
inv_103373,sub_53546,261.7,2023-09-22
inv_103374,sub_52431,672.19,2024-07-03
inv_103375,sub_51598,640.08,2023-03-07
inv_103376,sub_51698,1156.82,2023-03-19
inv_103377,sub_53509,66.94,2024-09-27
inv_103378,sub_51272,1021.75,2023-12-19
inv_103379,sub_53922,33.77,2024-10-24
inv_103380,sub_52232,1256.82,2023-09-23
inv_103381,sub_53761,942.59,2023-04-02
inv_103382,sub_51472,1356.18,2024-09-21
inv_103383,sub_53000,549.88,2023-03-07
inv_103384,sub_52330,1496.55,2023-11-28
inv_103385,sub_53639,1425.63,2023-07-09
inv_103386,sub_50439,1149.65,2024-05-08
inv_103387,sub_53466,788.51,2024-09-12
inv_103388,sub_51092,1456.08,2023-01-06
inv_103389,sub_53172,250.42,2024-01-20
inv_103390,sub_52835,611.75,2024-05-16
inv_103391,sub_52803,618.44,2023-10-12
inv_103393,sub_50777,1283.65,2023-02-09
inv_103394,sub_51320,317.38,2023-07-27
inv_103395,sub_51075,335.51,2024-01-20
inv_103396,sub_51382,978.26,2024-05-31
inv_103397,sub_52270,296.54,2024-02-23
inv_103398,sub_52073,810.43,2023-12-26
inv_103399,sub_50052,1168.44,2024-06-29
inv_103400,sub_52052,1496.63,2023-02-21
inv_103401,sub_53502,89.59,2024-09-06
inv_103402,sub_52540,1481.27,2023-02-24
inv_103403,sub_53646,738.11,2024-03-02
inv_103404,sub_51450,1380.97,2023-05-23
inv_103405,sub_53735,809.82,2024-10-18
inv_103406,sub_51883,1127.98,2024-05-26
inv_103407,sub_50988,570.89,2024-03-17
inv_103408,sub_51810,461.62,2024-06-13
inv_103409,sub_53821,72.2,2023-12-14
inv_103410,sub_53441,793.22,2024-03-21
inv_103411,sub_52322,176.92,2023-02-02
inv_103412,sub_53462,1215.21,2023-01-04
inv_103413,sub_52327,1177.46,2024-10-03
inv_103414,sub_50965,715.31,2023-06-21
inv_103415,sub_52186,373.26,2024-09-14
inv_103416,sub_50156,86.36,2023-06-03
inv_103417,sub_52005,1451.85,2024-03-15
inv_103418,sub_53398,350.76,2024-04-16
inv_103419,sub_52602,898.54,2023-08-16
inv_103420,sub_51401,1037.65,2024-08-16
inv_103421,sub_51167,1350.96,2024-11-26
inv_103422,sub_50373,404.22,2024-04-18
inv_103424,sub_51030,880.73,2024-12-12
inv_103425,sub_50447,1429.03,2023-05-24
inv_103426,sub_50549,1240.55,2024-08-02
inv_103427,sub_50583,1154.11,2024-11-15
inv_103428,sub_53692,1478.39,2023-02-02
inv_103429,sub_53877,1361.65,2024-05-06
inv_103430,sub_53780,427.53,2024-12-07
inv_103431,sub_52439,1221.87,2023-02-22
inv_103432,sub_51690,1061.43,2023-02-02
inv_103433,sub_51607,683.89,2024-06-19
inv_103434,sub_50969,705.57,2023-02-15
inv_103435,sub_50929,935.31,2024-09-14
inv_103436,sub_51579,1077.96,2024-05-19
inv_103437,sub_52966,635.12,2024-04-14
inv_103438,sub_53978,164.92,2023-05-30
inv_103439,sub_50793,696.62,2024-08-09
inv_103440,sub_50568,1374.33,2023-02-07
inv_103441,sub_50856,963.4,2024-04-22
inv_103442,sub_53773,1461.83,2023-01-24
inv_103443,sub_52975,970.13,2024-05-02
inv_103444,sub_50231,218.69,2024-03-09
inv_103445,sub_53451,650.93,2024-04-28
inv_103446,sub_53622,1277.68,2023-02-07
inv_103447,sub_53901,274.79,2024-06-19
inv_103448,sub_50167,702.1,2023-03-29
inv_103449,sub_50658,1439.51,2024-11-13
inv_103450,sub_50327,610.92,2023-11-11
inv_103451,sub_53239,1077.79,2023-02-09
inv_103452,sub_50509,1193.22,2024-10-26
inv_103453,sub_53128,887.25,2023-06-17
inv_103455,sub_50214,73.62,2024-10-01
inv_103456,sub_52307,1272.94,2024-01-06
inv_103457,sub_51555,828.83,2023-07-23
inv_103458,sub_53524,477.34,2023-10-13
inv_103459,sub_53810,686.77,2024-11-10
inv_103460,sub_50484,327.53,2024-10-30
inv_103461,sub_50444,306.7,2023-12-28
inv_103462,sub_53549,1062.01,2024-09-13
inv_103463,sub_50602,1246.82,2023-09-24
inv_103464,sub_51569,831.0,2024-03-08
inv_103465,sub_50622,26.58,2024-03-20
inv_103466,sub_52125,765.25,2024-12-24
inv_103467,sub_50883,677.41,2023-04-06
inv_103468,sub_51434,732.82,2023-04-05
inv_103469,sub_53333,1418.03,2023-01-22
inv_103470,sub_51656,915.5,2023-11-02
inv_103471,sub_53425,753.33,2023-04-24
inv_103472,sub_50586,386.28,2023-04-10
inv_103473,sub_51901,358.65,2024-08-10
inv_103474,sub_51349,747.62,2023-06-08
inv_103475,sub_51271,1142.53,2023-10-22
inv_103476,sub_53101,912.46,2023-07-17
inv_103477,sub_53263,695.59,2024-10-23
inv_103478,sub_53653,301.58,2023-03-10
inv_103479,sub_52956,319.44,2023-02-27
inv_103480,sub_52220,566.98,2023-12-25
inv_103481,sub_51766,89.16,2024-08-19
inv_103482,sub_52395,145.97,2024-02-10
inv_103483,sub_51418,458.82,2024-10-25
inv_103484,sub_52545,466.91,2024-04-05
inv_103486,sub_50570,362.9,2024-03-13
inv_103487,sub_51362,1423.06,2024-03-05
inv_103488,sub_51104,700.47,2023-02-16
inv_103489,sub_53350,285.55,2023-01-29
inv_103490,sub_50345,1175.89,2024-07-14
inv_103491,sub_50181,1442.85,2024-05-01
inv_103492,sub_53270,413.59,2024-02-26
inv_103493,sub_52386,970.34,2023-10-22
inv_103494,sub_53474,1048.39,2024-07-27
inv_103495,sub_50247,555.83,2024-10-25
inv_103496,sub_52758,610.87,2023-12-11
inv_103497,sub_52889,1434.79,2023-03-29
inv_103498,sub_51333,382.4,2023-11-17
inv_103499,sub_50780,991.78,2024-03-16
inv_103500,sub_50991,1436.24,2024-04-20
inv_103501,sub_50676,574.4,2024-08-31
inv_103502,sub_52634,1267.77,2024-08-01
inv_103503,sub_50266,1012.86,2024-03-21
inv_103504,sub_53486,923.2,2024-06-22
inv_103505,sub_51422,134.68,2024-02-17
inv_103506,sub_53168,739.26,2024-08-25
inv_103507,sub_50065,1101.02,2024-10-06
inv_103508,sub_51763,891.14,2024-10-29
inv_103509,sub_53693,1193.61,2024-11-13
inv_103510,sub_50941,982.21,2023-07-17
inv_103511,sub_51995,392.49,2024-12-31
inv_103512,sub_50641,559.18,2023-12-02
inv_103513,sub_50706,1232.74,2024-06-29
inv_103514,sub_53468,421.5,2023-02-02
inv_103515,sub_52716,1323.33,2023-08-15
inv_103517,sub_51090,1295.88,2023-11-24
inv_103518,sub_51796,626.17,2024-06-29
inv_103519,sub_53794,1122.22,2023-09-11
inv_103520,sub_50859,495.03,2024-02-05
inv_103521,sub_51625,77.0,2024-05-05
inv_103522,sub_50769,791.88,2024-02-07
inv_103523,sub_53686,1382.03,2023-07-16
inv_103524,sub_53260,706.94,2024-06-30
inv_103525,sub_53752,1305.51,2024-12-22
inv_103526,sub_52230,1063.38,2024-01-31
inv_103527,sub_51848,176.41,2024-04-12
inv_103528,sub_53898,175.78,2023-07-17
inv_103529,sub_50758,37.53,2024-10-30
inv_103530,sub_50595,363.24,2023-07-09
inv_103531,sub_53874,1490.61,2024-02-26
inv_103532,sub_52001,1255.19,2023-06-27
inv_103533,sub_50662,730.6,2024-02-16
inv_103534,sub_53553,756.17,2023-08-17
inv_103535,sub_50654,337.37,2023-06-21
inv_103536,sub_53474,868.05,2024-10-12
inv_103537,sub_53625,29.74,2023-12-12
inv_103538,sub_52760,1105.21,2024-06-25
inv_103539,sub_50479,842.29,2024-07-29
inv_103540,sub_53132,126.14,2023-12-29
inv_103541,sub_51320,1310.9,2024-04-01
inv_103542,sub_51155,1308.18,2024-03-28
inv_103543,sub_51577,1052.11,2024-02-28
inv_103544,sub_50412,1119.47,2023-02-08
inv_103545,sub_50422,636.32,2023-06-28
inv_103546,sub_53540,132.71,2024-09-17
inv_103548,sub_52445,1336.2,2023-10-24
inv_103549,sub_53517,1409.68,2023-02-17
inv_103550,sub_53776,26.22,2024-09-29
inv_103551,sub_51647,807.46,2024-10-20
inv_103552,sub_53014,96.21,2024-08-10
inv_103553,sub_50938,663.79,2023-04-12
inv_103554,sub_51612,1211.47,2023-05-09
inv_103555,sub_50666,263.57,2024-10-17
inv_103556,sub_50219,87.13,2023-07-01
inv_103557,sub_51654,156.71,2024-03-23
inv_103558,sub_52339,539.44,2023-11-01
inv_103559,sub_50904,287.05,2023-12-14
inv_103560,sub_50250,1081.35,2024-11-04
inv_103561,sub_51062,600.53,2023-01-30
inv_103562,sub_53326,154.6,2024-01-14
inv_103563,sub_53295,544.56,2024-02-12
inv_103564,sub_51785,30.41,2023-07-03
inv_103565,sub_52206,1372.23,2024-11-06
inv_103566,sub_52197,1314.06,2024-02-01
inv_103567,sub_51332,780.17,2023-08-22
inv_103568,sub_50193,1474.44,2024-06-11
inv_103569,sub_53618,351.56,2024-03-22
inv_103570,sub_51721,988.39,2023-04-06
inv_103571,sub_53459,634.35,2023-01-17
inv_103572,sub_53304,720.11,2024-02-04
inv_103573,sub_51497,600.13,2023-09-02
inv_103574,sub_52201,1442.89,2023-12-26
inv_103575,sub_51876,564.87,2024-04-02
inv_103576,sub_50365,1451.23,2024-01-02
inv_103577,sub_50699,268.27,2023-03-13
inv_103579,sub_52415,191.35,2023-02-27
inv_103580,sub_53722,864.85,2023-01-23
inv_103581,sub_52575,498.73,2023-08-06
inv_103582,sub_52348,1245.89,2023-10-18
inv_103583,sub_50172,103.6,2023-10-02
inv_103584,sub_52991,449.5,2023-04-18
inv_103585,sub_53567,840.36,2024-04-17
inv_103586,sub_51732,1421.27,2023-08-24
inv_103587,sub_51406,105.26,2023-08-12
inv_103588,sub_52886,716.28,2024-10-11
inv_103589,sub_50129,92.2,2024-02-05
inv_103590,sub_51284,778.91,2024-12-07
inv_103591,sub_52081,1025.98,2024-08-23
inv_103592,sub_50739,332.06,2023-08-19
inv_103593,sub_53789,1280.42,2024-09-09
inv_103594,sub_50581,45.22,2023-07-25
inv_103595,sub_52203,58.49,2024-02-08
inv_103596,sub_52396,625.64,2024-05-24
inv_103597,sub_50637,904.52,2023-02-28
inv_103598,sub_51536,420.08,2024-11-21
inv_103599,sub_52616,1168.12,2024-11-12
inv_103600,sub_53649,1426.95,2023-06-08
inv_103601,sub_52127,241.43,2024-08-30
inv_103602,sub_53282,650.69,2024-08-23
inv_103603,sub_50510,617.72,2023-09-01
inv_103604,sub_53638,1155.14,2024-06-04
inv_103605,sub_53489,1128.28,2024-10-16
inv_103606,sub_52105,674.69,2023-11-23
inv_103607,sub_50542,727.51,2024-05-29
inv_103608,sub_50815,689.67,2024-10-03
inv_103610,sub_53383,785.61,2024-10-25
inv_103611,sub_53298,596.25,2024-08-08
inv_103612,sub_50387,439.59,2023-05-17
inv_103613,sub_51284,1196.33,2023-12-03
inv_103614,sub_51262,230.98,2024-11-02
inv_103615,sub_53227,494.9,2024-11-24
inv_103616,sub_52452,886.73,2024-12-08
inv_103617,sub_53400,1357.38,2023-12-17
inv_103618,sub_53999,1018.91,2023-07-24
inv_103619,sub_53487,1019.2,2024-05-23
inv_103620,sub_51643,497.48,2024-05-05
inv_103621,sub_51529,842.45,2023-09-21
inv_103622,sub_50116,839.96,2023-09-28
inv_103623,sub_50397,545.94,2024-12-10
inv_103624,sub_51402,852.28,2024-08-22
inv_103625,sub_50781,598.06,2023-02-20
inv_103626,sub_51358,1425.87,2024-11-10
inv_103627,sub_52594,304.16,2024-06-08
inv_103628,sub_50655,1376.41,2024-08-10
inv_103629,sub_50416,1355.09,2024-08-06
inv_103630,sub_51461,44.42,2024-04-21
inv_103631,sub_53042,169.03,2023-05-09
inv_103632,sub_51866,765.51,2024-01-17
inv_103633,sub_51185,740.5,2023-06-01
inv_103634,sub_52340,82.99,2024-05-03
inv_103635,sub_53429,1369.96,2024-06-21
inv_103636,sub_52379,548.64,2024-06-12
inv_103637,sub_53751,981.36,2023-09-28
inv_103638,sub_50631,1446.75,2024-09-24
inv_103639,sub_53474,507.97,2023-07-02
inv_103641,sub_50661,576.32,2024-01-28
inv_103642,sub_50365,906.57,2023-04-14
inv_103643,sub_53392,280.71,2024-07-12
inv_103644,sub_50055,512.83,2024-06-13
inv_103645,sub_53183,1017.34,2024-12-22
inv_103646,sub_51021,349.95,2023-01-18
inv_103647,sub_51278,266.18,2024-06-20
inv_103648,sub_53132,1031.98,2024-01-01
inv_103649,sub_52857,1135.95,2024-10-06
inv_103650,sub_53932,998.62,2024-02-10
inv_103651,sub_52065,304.48,2023-12-15
inv_103652,sub_50496,121.06,2023-03-01
inv_103653,sub_52991,320.75,2024-11-02
inv_103654,sub_51449,1215.71,2024-07-31
inv_103655,sub_50801,680.43,2024-12-21
inv_103656,sub_53989,556.17,2023-08-31
inv_103657,sub_52101,838.9,2024-02-03
inv_103658,sub_52210,1456.53,2023-09-04
inv_103659,sub_52782,149.87,2024-09-10
inv_103660,sub_52826,1408.2,2023-12-22
inv_103661,sub_53770,544.95,2024-03-12
inv_103662,sub_52682,466.68,2023-06-23
inv_103663,sub_52539,219.36,2024-11-04
inv_103664,sub_51857,810.25,2023-07-23
inv_103665,sub_53943,1377.02,2024-07-21
inv_103666,sub_50286,1348.72,2023-09-02
inv_103667,sub_53292,136.8,2023-09-06
inv_103668,sub_51276,214.17,2023-09-14
inv_103669,sub_50696,1201.1,2024-09-23
inv_103670,sub_53101,1356.31,2023-08-19
inv_103672,sub_52159,405.54,2024-11-17
inv_103673,sub_53641,997.04,2024-06-12
inv_103674,sub_51028,923.44,2023-02-13
inv_103675,sub_53601,1442.69,2023-01-15
inv_103676,sub_51539,1015.74,2023-02-13
inv_103677,sub_52587,1273.18,2023-06-01
inv_103678,sub_52997,293.87,2024-01-23
inv_103679,sub_52378,847.03,2023-08-03
inv_103680,sub_53168,1307.89,2023-04-28
inv_103681,sub_52836,1246.0,2023-11-12
inv_103682,sub_51327,583.31,2024-03-14
inv_103683,sub_50639,496.44,2024-06-27
inv_103684,sub_50709,957.19,2024-01-03
inv_103685,sub_50419,955.89,2023-11-06
inv_103686,sub_53057,584.74,2023-12-06
inv_103687,sub_50919,979.26,2023-03-30
inv_103688,sub_52515,1375.26,2024-07-05
inv_103689,sub_53977,461.19,2023-09-20
inv_103690,sub_50109,1358.75,2023-11-09
inv_103691,sub_51824,1069.07,2024-04-07
inv_103692,sub_52906,1477.7,2023-12-31
inv_103693,sub_50365,553.11,2025-01-01
inv_103694,sub_51280,1482.82,2024-01-29
inv_103695,sub_50739,830.45,2023-11-19
inv_103696,sub_53565,246.23,2023-08-13
inv_103697,sub_53150,88.45,2023-04-02
inv_103698,sub_51670,732.51,2024-06-29
inv_103699,sub_53543,24.43,2024-04-05
inv_103700,sub_51680,690.13,2024-04-29
inv_103701,sub_53269,821.02,2023-09-09
inv_103703,sub_50855,1057.41,2024-06-24
inv_103704,sub_51152,1120.83,2023-03-01
inv_103705,sub_50930,1040.94,2024-09-30
inv_103706,sub_50227,162.34,2023-07-24
inv_103707,sub_52561,459.22,2023-02-23
inv_103708,sub_50767,285.6,2023-12-03
inv_103709,sub_51366,906.36,2024-02-20
inv_103710,sub_50275,1273.01,2024-07-23
inv_103711,sub_52882,1395.59,2024-04-29
inv_103712,sub_53505,226.46,2023-08-08
inv_103713,sub_52619,956.3,2024-10-31
inv_103714,sub_50957,1116.92,2023-08-18
inv_103715,sub_50904,628.13,2024-08-16
inv_103716,sub_52243,381.45,2024-06-05
inv_103717,sub_52754,860.39,2023-04-12
inv_103718,sub_51588,638.52,2023-03-25
inv_103719,sub_50535,588.81,2024-10-25
inv_103720,sub_52143,1218.39,2023-04-23
inv_103721,sub_52568,1126.05,2023-07-07
inv_103722,sub_52676,474.43,2024-12-14
inv_103723,sub_52964,304.88,2023-06-05
inv_103724,sub_52252,1122.74,2024-11-25
inv_103725,sub_50865,256.37,2023-11-26
inv_103726,sub_51865,984.49,2023-10-26
inv_103727,sub_51205,474.91,2024-10-06
inv_103728,sub_51714,878.7,2024-01-15
inv_103729,sub_52192,355.11,2023-09-14
inv_103730,sub_50318,109.49,2023-07-22
inv_103731,sub_50678,1106.57,2024-04-18
inv_103732,sub_52265,832.72,2024-04-10
inv_103734,sub_53489,1430.52,2024-03-06
inv_103735,sub_50481,204.28,2023-01-03
inv_103736,sub_50403,1216.36,2023-10-18
inv_103737,sub_51226,448.2,2023-02-19
inv_103738,sub_51256,1403.12,2024-03-02
inv_103739,sub_52175,937.46,2023-01-22
inv_103740,sub_51746,348.48,2024-02-11
inv_103741,sub_51620,122.95,2023-09-29
inv_103742,sub_51043,1416.15,2024-12-16
inv_103743,sub_53528,805.42,2023-02-25
inv_103744,sub_51596,487.88,2023-08-23
inv_103745,sub_51860,1373.51,2023-08-20
inv_103746,sub_53426,22.48,2023-08-06
inv_103747,sub_53627,1356.73,2024-12-01
inv_103748,sub_53756,1024.8,2023-03-03
inv_103749,sub_51367,1082.02,2024-04-15
inv_103750,sub_50444,657.63,2024-08-04
inv_103751,sub_52981,916.3,2023-08-19
inv_103752,sub_52311,1331.87,2024-12-27
inv_103753,sub_52154,1179.9,2023-12-02
inv_103754,sub_53630,1154.88,2024-02-03
inv_103755,sub_52297,664.08,2024-04-28
inv_103756,sub_51225,984.04,2024-10-31
inv_103757,sub_51156,684.14,2023-12-06
inv_103758,sub_52126,598.64,2023-05-29
inv_103759,sub_53410,1131.13,2024-06-20
inv_103760,sub_52012,509.22,2024-12-03
inv_103761,sub_53225,51.8,2024-03-16
inv_103762,sub_53083,488.46,2023-01-07
inv_103763,sub_52909,243.46,2023-06-07
inv_103765,sub_50629,693.75,2023-05-07
inv_103766,sub_53337,369.13,2024-10-26
inv_103767,sub_51436,1378.92,2024-04-26
inv_103768,sub_51749,181.1,2024-07-08
inv_103769,sub_52686,1126.55,2023-04-28
inv_103770,sub_51500,1002.35,2023-05-08
inv_103771,sub_53718,329.81,2023-10-28
inv_103772,sub_53701,1394.02,2023-06-23
inv_103773,sub_50806,1481.54,2024-12-12
inv_103774,sub_50260,551.42,2024-11-23
inv_103775,sub_53413,327.34,2024-04-30
inv_103776,sub_53437,968.24,2024-05-10
inv_103777,sub_52720,1032.79,2023-09-19
inv_103778,sub_53641,1103.05,2024-04-25
inv_103779,sub_53618,1285.91,2024-03-21
inv_103780,sub_51938,1450.3,2024-06-14
inv_103781,sub_52485,632.93,2023-01-22
inv_103782,sub_50033,90.83,2023-05-09
inv_103783,sub_50128,575.69,2023-08-24
inv_103784,sub_50310,1216.73,2024-10-06
inv_103785,sub_53439,1214.75,2024-05-01
inv_103786,sub_53283,1032.88,2023-04-27
inv_103787,sub_52814,216.25,2023-06-06
inv_103788,sub_53954,1313.89,2024-07-19
inv_103789,sub_50203,459.61,2023-10-19
inv_103790,sub_50515,434.05,2023-05-02
inv_103791,sub_51561,644.03,2023-02-14
inv_103792,sub_53078,1407.43,2024-05-13
inv_103793,sub_50701,903.0,2024-09-27
inv_103794,sub_53419,781.74,2024-08-26
inv_103796,sub_51345,743.22,2024-02-12
inv_103797,sub_52169,1241.07,2023-08-20
inv_103798,sub_51211,1239.8,2023-07-04
inv_103799,sub_52653,231.1,2024-05-03
inv_103800,sub_53559,799.99,2024-09-05
inv_103801,sub_50820,402.41,2024-06-21
inv_103802,sub_51029,964.88,2023-07-24
inv_103803,sub_53621,341.18,2024-02-17
inv_103804,sub_50595,1416.31,2024-06-04
inv_103805,sub_53980,867.23,2023-02-22
inv_103806,sub_53254,26.91,2023-04-12
inv_103807,sub_53892,900.82,2024-08-13
inv_103808,sub_53831,324.15,2024-04-30
inv_103809,sub_53311,981.63,2024-11-22
inv_103810,sub_52703,982.57,2024-10-05
inv_103811,sub_52711,1136.6,2024-04-20
inv_103812,sub_50782,1422.77,2023-07-06
inv_103813,sub_53547,1057.02,2023-03-04
inv_103814,sub_52741,611.77,2024-11-17
inv_103815,sub_50819,962.69,2024-08-09
inv_103816,sub_52498,573.53,2023-08-20
inv_103817,sub_51150,175.56,2023-08-30
inv_103818,sub_53246,1257.08,2023-09-23
inv_103819,sub_52944,1314.39,2023-12-24
inv_103820,sub_53913,1045.0,2023-12-20
inv_103821,sub_50228,178.29,2023-12-12
inv_103822,sub_50837,103.59,2024-05-12
inv_103823,sub_52716,1130.97,2024-10-09
inv_103824,sub_50894,1473.24,2023-02-22
inv_103825,sub_50121,278.07,2024-08-29
inv_103827,sub_51805,378.84,2024-11-06
inv_103828,sub_52701,1200.84,2023-12-02
inv_103829,sub_51528,566.11,2023-10-23
inv_103830,sub_53634,472.8,2024-02-07
inv_103831,sub_53129,293.89,2023-01-13
inv_103832,sub_53115,1024.11,2024-02-14
inv_103833,sub_52466,909.41,2024-08-28
inv_103834,sub_51371,721.42,2023-12-22
inv_103835,sub_51005,1256.55,2023-02-15
inv_103836,sub_53794,968.76,2024-09-14
inv_103837,sub_52393,1298.37,2024-08-30
inv_103838,sub_50426,1086.75,2024-12-26
inv_103839,sub_50761,958.39,2023-05-14
inv_103840,sub_52137,1290.94,2023-06-14
inv_103841,sub_50291,359.38,2024-12-01
inv_103842,sub_51655,425.77,2023-01-08
inv_103843,sub_50327,1093.79,2024-02-07
inv_103844,sub_53819,637.41,2024-06-10
inv_103845,sub_52531,1166.38,2024-03-28
inv_103846,sub_52344,976.86,2023-09-05
inv_103847,sub_52906,112.47,2024-07-06
inv_103848,sub_50382,1199.16,2024-11-24
inv_103849,sub_51464,1412.36,2023-12-29
inv_103850,sub_50128,713.21,2024-03-11
inv_103851,sub_50393,1186.21,2023-09-12
inv_103852,sub_52781,91.63,2023-12-01
inv_103853,sub_52103,1064.72,2024-01-05
inv_103854,sub_50083,1014.48,2023-04-29
inv_103855,sub_52810,1324.79,2024-03-12
inv_103856,sub_53817,1088.4,2023-06-24
inv_103858,sub_52538,1220.88,2023-02-15
inv_103859,sub_51896,253.57,2024-04-15
inv_103860,sub_53728,1350.57,2023-01-02
inv_103861,sub_53697,944.81,2023-01-14
inv_103862,sub_53347,974.53,2024-01-07
inv_103863,sub_53583,230.05,2024-08-01
inv_103864,sub_51182,627.75,2023-02-07
inv_103865,sub_52991,803.83,2024-08-10
inv_103866,sub_51753,471.01,2024-08-09
inv_103867,sub_51544,292.69,2023-10-23
inv_103868,sub_53473,298.51,2023-10-11
inv_103869,sub_50452,372.37,2024-09-27
inv_103870,sub_53941,853.71,2023-05-29
inv_103871,sub_53888,517.17,2023-10-27
inv_103872,sub_52400,545.02,2024-08-07
inv_103873,sub_51516,1301.31,2024-07-29
inv_103874,sub_53410,932.83,2023-06-09
inv_103875,sub_50375,656.07,2024-05-16
inv_103876,sub_50552,212.68,2024-12-20
inv_103877,sub_53043,384.02,2023-02-01
inv_103878,sub_50729,1197.49,2024-07-14
inv_103879,sub_51877,891.88,2024-01-05
inv_103880,sub_51876,301.64,2023-09-02
inv_103881,sub_53267,966.39,2024-04-12
inv_103882,sub_51282,915.12,2023-11-29
inv_103883,sub_50902,217.74,2024-01-27
inv_103884,sub_51574,836.27,2024-02-16
inv_103885,sub_52023,583.72,2023-03-16
inv_103886,sub_53557,340.18,2023-03-27
inv_103887,sub_51873,355.39,2024-08-02
inv_103889,sub_50225,952.37,2023-07-25
inv_103890,sub_51317,656.77,2024-06-10
inv_103891,sub_51877,1131.03,2023-05-18
inv_103892,sub_52524,1446.99,2023-05-23
inv_103893,sub_52382,1077.82,2023-07-25
inv_103894,sub_50069,451.6,2023-03-30
inv_103895,sub_50333,1025.86,2023-08-25
inv_103896,sub_50134,1320.08,2023-04-05
inv_103897,sub_50596,1162.52,2023-12-31
inv_103898,sub_51491,1385.99,2023-02-06
inv_103899,sub_50477,720.63,2024-08-07
inv_103900,sub_53541,261.45,2023-11-30
inv_103901,sub_53383,1167.83,2024-03-15
inv_103902,sub_51695,984.75,2023-10-05
inv_103903,sub_50313,799.21,2023-09-29
inv_103904,sub_50622,913.06,2024-12-30
inv_103905,sub_53317,1192.48,2024-07-17
inv_103906,sub_53228,1218.94,2023-02-02
inv_103907,sub_51554,435.38,2024-11-23
inv_103908,sub_53168,88.66,2024-06-15
inv_103909,sub_53130,505.29,2023-01-10
inv_103910,sub_53619,1000.47,2024-01-28
inv_103911,sub_53355,1045.56,2024-07-29
inv_103912,sub_53104,1438.95,2023-08-31
inv_103913,sub_53733,463.67,2024-08-24
inv_103914,sub_53561,1311.09,2024-01-06
inv_103915,sub_52467,1284.69,2024-09-02
inv_103916,sub_51452,784.34,2023-06-20
inv_103917,sub_52762,1262.73,2023-06-03
inv_103918,sub_53376,460.92,2023-03-12
inv_103920,sub_50514,953.77,2024-04-02
inv_103921,sub_51943,233.74,2023-01-01
inv_103922,sub_52236,1017.26,2024-04-13
inv_103923,sub_52654,895.21,2023-11-01
inv_103924,sub_52239,1200.59,2023-11-24
inv_103925,sub_51513,306.16,2024-07-13
inv_103926,sub_50321,41.72,2024-03-17
inv_103927,sub_53687,606.24,2023-07-01
inv_103928,sub_52269,1190.45,2024-01-24
inv_103929,sub_51130,200.94,2023-07-08
inv_103930,sub_53565,1048.25,2023-01-28
inv_103931,sub_52325,1050.87,2024-02-11
inv_103932,sub_50837,1301.29,2024-10-10
inv_103933,sub_53188,493.61,2024-12-05
inv_103934,sub_53125,695.21,2024-08-11
inv_103935,sub_50624,1252.13,2023-05-27
inv_103936,sub_52529,506.62,2023-03-31
inv_103937,sub_53904,649.38,2023-08-28
inv_103938,sub_53422,1325.83,2024-09-01
inv_103939,sub_53848,831.73,2024-08-31
inv_103940,sub_52726,824.77,2023-01-28
inv_103941,sub_51487,971.68,2023-04-14
inv_103942,sub_51384,1490.28,2024-01-16
inv_103943,sub_52961,1317.01,2023-10-31
inv_103944,sub_50459,925.69,2023-06-04
inv_103945,sub_53630,1180.62,2024-08-16
inv_103946,sub_50334,484.37,2023-10-01
inv_103947,sub_52560,662.03,2024-09-20
inv_103948,sub_50357,899.14,2024-07-03
inv_103949,sub_53440,684.6,2024-04-13
inv_103951,sub_50542,1406.88,2024-04-01
inv_103952,sub_50795,515.25,2024-02-26
inv_103953,sub_50733,322.94,2024-02-02
inv_103954,sub_50458,67.58,2023-07-06
inv_103955,sub_51920,1279.62,2023-07-25
inv_103956,sub_50497,1042.49,2023-11-09
inv_103957,sub_53091,464.68,2023-06-11
inv_103958,sub_51410,1149.65,2023-04-23
inv_103959,sub_50232,1114.09,2023-04-23
inv_103960,sub_52763,1304.16,2023-02-15
inv_103961,sub_53332,910.0,2023-01-10
inv_103962,sub_53161,24.5,2024-01-09
inv_103963,sub_50847,945.82,2024-03-26
inv_103964,sub_50199,1208.69,2024-11-06
inv_103965,sub_53062,855.73,2024-11-15
inv_103966,sub_51563,1019.69,2024-11-04
inv_103967,sub_50491,1155.64,2023-05-12
inv_103968,sub_52940,911.95,2024-07-11
inv_103969,sub_52112,336.53,2023-05-15
inv_103970,sub_52675,877.22,2024-06-26
inv_103971,sub_51022,1142.54,2023-10-30
inv_103972,sub_51721,134.79,2023-06-23
inv_103973,sub_50099,702.83,2024-04-08
inv_103974,sub_50838,127.69,2024-09-29
inv_103975,sub_52001,115.59,2023-11-28
inv_103976,sub_52888,709.98,2023-07-07
inv_103977,sub_52108,339.31,2024-09-10
inv_103978,sub_53551,579.8,2024-01-05
inv_103979,sub_53777,1344.5,2024-02-14
inv_103980,sub_50902,1057.91,2024-02-09
inv_103982,sub_50818,1175.77,2023-12-09
inv_103983,sub_53949,395.74,2024-04-21
inv_103984,sub_50579,1149.12,2023-10-13
inv_103985,sub_50125,118.01,2024-09-05
inv_103986,sub_50272,554.09,2024-12-28
inv_103987,sub_52532,167.25,2024-07-24
inv_103988,sub_52811,518.76,2024-10-12
inv_103989,sub_52189,1167.69,2024-01-26
inv_103990,sub_53767,187.57,2024-01-15
inv_103991,sub_51513,1198.9,2023-11-20
inv_103992,sub_53827,131.94,2023-08-31
inv_103993,sub_51325,1020.66,2024-08-07
inv_103994,sub_50671,1314.06,2023-03-03
inv_103995,sub_51884,606.56,2024-05-13
inv_103996,sub_52432,790.03,2024-06-18
inv_103997,sub_52557,1338.42,2024-02-22
inv_103998,sub_52080,399.43,2024-05-21
inv_103999,sub_51346,1127.61,2024-07-25
inv_104000,sub_53227,453.15,2024-10-08
inv_104001,sub_51589,1168.66,2024-10-11
inv_104002,sub_50522,311.73,2023-09-30
inv_104003,sub_52451,604.19,2023-07-06
inv_104004,sub_50546,701.07,2024-04-27
inv_104005,sub_51587,1291.68,2024-06-17
inv_104006,sub_52860,732.2,2023-12-26
inv_104007,sub_51954,64.64,2023-05-03
inv_104008,sub_50249,877.47,2023-08-01
inv_104009,sub_51241,1188.2,2023-11-07
inv_104010,sub_50586,885.73,2024-03-05
inv_104011,sub_51267,333.48,2023-06-07
inv_104013,sub_51326,186.22,2023-06-05
inv_104014,sub_50356,1116.6,2024-02-18
inv_104015,sub_51083,1154.31,2023-02-19
inv_104016,sub_53385,36.7,2024-09-11
inv_104017,sub_53906,22.58,2024-08-25
inv_104018,sub_52207,680.04,2024-11-20
inv_104019,sub_52206,583.23,2024-09-05
inv_104020,sub_51806,254.28,2023-01-05
inv_104021,sub_52499,1484.69,2024-01-13
inv_104022,sub_51848,1405.28,2024-12-02
inv_104023,sub_50464,1170.76,2023-01-22
inv_104024,sub_50407,1313.43,2023-09-01
inv_104025,sub_51513,387.27,2023-03-05
inv_104026,sub_51073,799.19,2024-05-06
inv_104027,sub_51677,897.23,2024-12-27
inv_104028,sub_50777,908.69,2023-05-08
inv_104029,sub_53502,1409.97,2023-10-26
inv_104030,sub_51987,938.19,2024-09-22
inv_104031,sub_50036,941.87,2023-10-19
inv_104032,sub_50581,1060.53,2023-05-25
inv_104033,sub_51002,1317.85,2023-02-06
inv_104034,sub_50678,862.17,2023-07-18
inv_104035,sub_52572,943.78,2024-10-30
inv_104036,sub_52796,112.46,2023-08-11
inv_104037,sub_52370,257.59,2024-08-05
inv_104038,sub_50281,459.83,2024-03-14
inv_104039,sub_51899,368.06,2023-08-08
inv_104040,sub_53906,149.81,2024-02-17
inv_104041,sub_50091,39.12,2024-08-19
inv_104042,sub_53251,1228.91,2023-06-09
inv_104044,sub_52623,421.56,2024-07-07
inv_104045,sub_50137,494.6,2024-03-21
inv_104046,sub_53247,1496.99,2024-12-03
inv_104047,sub_53710,889.59,2024-10-30
inv_104048,sub_53952,931.88,2024-01-23
inv_104049,sub_50985,868.21,2023-07-25
inv_104050,sub_53326,961.11,2024-05-29
inv_104051,sub_52687,627.56,2023-04-20
inv_104052,sub_51600,71.4,2024-06-29
inv_104053,sub_52582,617.57,2023-04-27
inv_104054,sub_50660,926.7,2024-03-14
inv_104055,sub_51349,1492.94,2024-12-16
inv_104056,sub_52206,284.03,2023-07-04
inv_104057,sub_50459,166.11,2023-08-16
inv_104058,sub_51444,1441.77,2023-05-06
inv_104059,sub_52578,609.58,2023-07-18
inv_104060,sub_51659,1248.52,2023-12-21
inv_104061,sub_52004,42.77,2023-11-27
inv_104062,sub_53122,883.54,2023-10-24
inv_104063,sub_52850,831.66,2024-12-05
inv_104064,sub_53202,906.9,2024-09-18
inv_104065,sub_52143,399.63,2024-07-17
inv_104066,sub_50795,526.54,2023-04-18
inv_104067,sub_51670,1403.29,2023-08-20
inv_104068,sub_52471,1017.36,2023-09-05
inv_104069,sub_50828,1455.36,2024-10-25
inv_104070,sub_51765,170.19,2024-08-01
inv_104071,sub_50188,1429.16,2024-04-15
inv_104072,sub_50739,667.19,2024-03-09
inv_104073,sub_53676,975.39,2024-12-28
inv_104075,sub_50287,629.73,2024-11-17
inv_104076,sub_53438,485.95,2023-06-06
inv_104077,sub_51547,1313.59,2023-12-31
inv_104078,sub_51965,1383.81,2023-04-16
inv_104079,sub_51581,565.79,2023-10-16
inv_104080,sub_53266,1476.39,2024-06-08
inv_104081,sub_50089,236.41,2024-10-18
inv_104082,sub_50532,1248.35,2023-02-17
inv_104083,sub_52989,1257.31,2023-05-21
inv_104084,sub_52815,1103.83,2023-02-02
inv_104085,sub_50337,1367.06,2024-11-26
inv_104086,sub_50718,301.88,2024-04-21
inv_104087,sub_50194,242.69,2024-03-06
inv_104088,sub_53906,599.05,2024-11-21
inv_104089,sub_50428,1303.84,2023-04-29
inv_104090,sub_51496,740.42,2024-02-04
inv_104091,sub_51393,254.51,2024-11-10
inv_104092,sub_52619,1085.95,2023-04-09
inv_104093,sub_52825,326.9,2023-12-19
inv_104094,sub_52797,1051.6,2023-06-13
inv_104095,sub_53013,410.04,2024-08-04
inv_104096,sub_53647,460.59,2023-12-07
inv_104097,sub_51751,1449.91,2024-07-08
inv_104098,sub_52681,395.04,2023-01-21
inv_104099,sub_50157,615.51,2024-12-23
inv_104100,sub_53251,1464.13,2023-12-19
inv_104101,sub_52892,817.71,2023-03-20
inv_104102,sub_51378,1247.11,2023-09-14
inv_104103,sub_53144,360.82,2024-07-27
inv_104104,sub_53351,985.71,2023-05-01
inv_104106,sub_53468,112.71,2024-05-31
inv_104107,sub_53260,803.63,2023-05-27
inv_104108,sub_51205,324.15,2024-03-22
inv_104109,sub_53262,1112.39,2024-12-22
inv_104110,sub_53583,737.36,2024-12-07
inv_104111,sub_53889,1016.47,2023-02-05
inv_104112,sub_50179,1292.7,2024-02-27
inv_104113,sub_50643,266.44,2024-05-22
inv_104114,sub_50351,1041.24,2023-04-20
inv_104115,sub_50043,264.99,2023-02-19
inv_104116,sub_52655,743.5,2023-09-08
inv_104117,sub_52883,207.25,2023-04-02
inv_104118,sub_50227,525.91,2024-09-20
inv_104119,sub_52887,66.54,2023-05-02
inv_104120,sub_53188,675.79,2024-02-13
inv_104121,sub_53579,414.62,2023-10-06
inv_104122,sub_51190,195.0,2024-12-28
inv_104123,sub_50732,1456.03,2023-12-11
inv_104124,sub_50289,683.06,2025-01-01
inv_104125,sub_53154,784.61,2023-10-12
inv_104126,sub_50347,975.04,2024-01-19
inv_104127,sub_50121,993.7,2023-05-27
inv_104128,sub_51977,1470.55,2023-08-18
inv_104129,sub_52723,173.22,2024-02-03
inv_104130,sub_52353,525.23,2023-09-12
inv_104131,sub_53832,560.43,2024-12-25
inv_104132,sub_52470,1104.38,2023-07-18
inv_104133,sub_52307,272.88,2023-06-24
inv_104134,sub_50225,879.37,2023-08-19
inv_104135,sub_50662,1274.89,2023-03-05
inv_104137,sub_52806,1475.74,2024-11-12
inv_104138,sub_50440,216.59,2024-06-14
inv_104139,sub_53741,687.95,2024-12-29
inv_104140,sub_53348,496.1,2024-10-23
inv_104141,sub_50712,728.04,2023-06-29
inv_104142,sub_50089,891.83,2023-11-03
inv_104143,sub_51329,526.12,2023-09-17
inv_104144,sub_52856,648.54,2024-09-25
inv_104145,sub_52323,1302.86,2023-10-26
inv_104146,sub_53124,377.68,2023-08-20
inv_104147,sub_50463,1015.76,2024-07-24
inv_104148,sub_50594,61.46,2024-03-27
inv_104149,sub_52139,565.4,2024-04-06
inv_104150,sub_51360,388.03,2023-02-08
inv_104151,sub_51604,970.88,2023-07-19
inv_104152,sub_51224,1263.23,2024-09-12
inv_104153,sub_50672,1063.4,2023-04-21
inv_104154,sub_50783,345.92,2024-04-09
inv_104155,sub_52710,404.08,2023-12-13
inv_104156,sub_50131,260.52,2023-10-24
inv_104157,sub_51474,370.14,2023-04-03
inv_104158,sub_51508,859.9,2023-11-01
inv_104159,sub_52512,716.87,2024-10-15
inv_104160,sub_51783,1194.37,2024-10-15
inv_104161,sub_51700,1432.78,2023-07-23
inv_104162,sub_52506,175.78,2023-07-09
inv_104163,sub_53321,612.94,2023-10-22
inv_104164,sub_51500,518.72,2024-09-06
inv_104165,sub_50703,483.69,2023-01-04
inv_104166,sub_52155,1401.39,2023-11-05
inv_104168,sub_52305,159.74,2024-09-28
inv_104169,sub_51314,1276.66,2024-10-16
inv_104170,sub_51934,88.84,2023-12-15
inv_104171,sub_50704,658.05,2024-01-23
inv_104172,sub_53187,973.01,2024-03-29
inv_104173,sub_51117,281.75,2023-11-27
inv_104174,sub_52303,486.28,2024-08-13
inv_104175,sub_51705,377.08,2023-12-16
inv_104176,sub_50104,250.17,2024-08-17
inv_104177,sub_52363,804.7,2023-08-09
inv_104178,sub_52788,1358.44,2023-12-13
inv_104179,sub_51350,730.07,2023-01-03
inv_104180,sub_52582,800.53,2024-11-17
inv_104181,sub_51826,1368.24,2023-09-27
inv_104182,sub_51853,629.82,2023-12-01
inv_104183,sub_53902,224.59,2024-02-13
inv_104184,sub_52272,329.53,2024-07-12
inv_104185,sub_53595,403.76,2023-06-12
inv_104186,sub_53901,425.39,2024-10-18
inv_104187,sub_53252,644.86,2023-03-10
inv_104188,sub_51272,355.18,2023-08-15
inv_104189,sub_52093,344.99,2024-01-16
inv_104190,sub_50107,622.72,2024-08-04
inv_104191,sub_51965,1018.85,2023-10-15
inv_104192,sub_51208,1017.12,2024-03-10
inv_104193,sub_53409,848.97,2024-04-13
inv_104194,sub_50507,683.88,2024-09-12
inv_104195,sub_50031,929.48,2023-11-29
inv_104196,sub_53504,486.86,2024-09-19
inv_104197,sub_53928,1161.1,2023-01-07
inv_104199,sub_51728,1063.38,2023-07-29
inv_104200,sub_50740,115.28,2024-10-17
inv_104201,sub_50013,892.58,2023-04-21
inv_104202,sub_52023,1180.37,2024-10-25
inv_104203,sub_53693,828.59,2024-11-17
inv_104204,sub_51182,912.72,2024-12-09
inv_104205,sub_52940,603.75,2024-01-24
inv_104206,sub_53025,501.82,2024-11-09
inv_104207,sub_52101,928.61,2023-11-06
inv_104208,sub_52475,229.62,2024-11-20
inv_104209,sub_51277,752.41,2024-07-05
inv_104210,sub_51313,677.25,2023-09-15
inv_104211,sub_50118,872.07,2024-09-01
inv_104212,sub_52730,1116.9,2023-06-12
inv_104213,sub_51623,427.67,2023-08-03
inv_104214,sub_53492,609.58,2024-10-30
inv_104215,sub_50149,210.5,2024-01-16
inv_104216,sub_53276,1198.69,2023-11-17
inv_104217,sub_53184,506.58,2023-07-05
inv_104218,sub_51438,112.62,2024-02-26
inv_104219,sub_50480,233.07,2024-08-18
inv_104220,sub_53433,1450.67,2023-10-17
inv_104221,sub_50115,151.16,2024-09-13
inv_104222,sub_52884,566.74,2024-08-03
inv_104223,sub_52134,1241.7,2024-09-12
inv_104224,sub_52302,374.34,2023-07-17
inv_104225,sub_51965,85.66,2023-10-22
inv_104226,sub_53545,121.31,2023-12-26
inv_104227,sub_50691,769.78,2023-09-01
inv_104228,sub_51493,927.42,2023-09-06
inv_104230,sub_53930,1276.06,2023-09-27
inv_104231,sub_50482,758.51,2024-05-05
inv_104232,sub_53612,1497.32,2023-09-14
inv_104233,sub_53488,1143.99,2024-04-16
inv_104234,sub_52253,62.74,2024-02-05
inv_104235,sub_50049,295.45,2023-02-20
inv_104236,sub_50306,547.12,2023-04-22
inv_104237,sub_53185,295.07,2024-06-12
inv_104238,sub_53318,716.85,2023-10-28
inv_104239,sub_51827,1437.29,2024-08-14
inv_104240,sub_52886,1022.42,2023-05-11
inv_104241,sub_50086,1048.5,2023-05-15
inv_104242,sub_53006,435.66,2024-03-13
inv_104243,sub_52602,1178.97,2024-12-18
inv_104244,sub_50841,1382.99,2023-09-09
inv_104245,sub_53708,287.08,2023-03-15
inv_104246,sub_53747,1497.71,2023-10-13
inv_104247,sub_51885,665.82,2023-01-11
inv_104248,sub_51561,901.39,2024-11-05
inv_104249,sub_50980,754.56,2024-12-08
inv_104250,sub_52951,1006.55,2023-04-16
inv_104251,sub_52242,346.53,2023-11-21
inv_104252,sub_53218,1096.68,2023-07-28
inv_104253,sub_52211,432.47,2023-06-28
inv_104254,sub_51800,346.14,2023-01-28
inv_104255,sub_51697,1121.64,2024-07-28
inv_104256,sub_53871,158.89,2023-12-05
inv_104257,sub_50511,786.32,2023-01-08
inv_104258,sub_52903,1159.76,2023-10-12
inv_104259,sub_52411,1475.65,2024-11-23
inv_104261,sub_51968,81.23,2023-06-22
inv_104262,sub_52036,1461.08,2023-01-30
inv_104263,sub_52589,278.52,2023-01-06
inv_104264,sub_50113,997.57,2023-12-15
inv_104265,sub_52248,64.71,2024-09-14
inv_104266,sub_53328,805.35,2023-06-24
inv_104267,sub_51592,1119.54,2024-03-14
inv_104268,sub_51667,1133.27,2024-03-01
inv_104269,sub_53453,841.71,2023-10-19
inv_104270,sub_53683,234.58,2024-01-02
inv_104271,sub_50051,317.93,2024-07-09
inv_104272,sub_53004,565.87,2023-08-19
inv_104273,sub_51780,718.19,2023-03-14
inv_104274,sub_51867,596.61,2023-08-04
inv_104275,sub_53384,422.15,2023-08-22
inv_104276,sub_52118,380.11,2023-07-01
inv_104277,sub_52684,176.7,2023-10-30
inv_104278,sub_52605,118.93,2024-06-22
inv_104279,sub_52625,66.3,2024-11-02
inv_104280,sub_53384,403.25,2024-04-18
inv_104281,sub_50435,781.01,2023-08-23
inv_104282,sub_50099,1433.83,2023-08-27
inv_104283,sub_52902,1039.43,2023-02-04
inv_104284,sub_50433,136.2,2023-06-21
inv_104285,sub_51896,405.92,2023-02-05
inv_104286,sub_52707,485.27,2023-02-28
inv_104287,sub_52746,911.6,2024-06-23
inv_104288,sub_51336,956.04,2024-02-08
inv_104289,sub_51874,78.2,2023-07-10
inv_104290,sub_50345,570.94,2023-09-15
inv_104292,sub_53514,1155.86,2024-05-03
inv_104293,sub_52484,1148.51,2024-04-22
inv_104294,sub_53704,1199.99,2023-04-19
inv_104295,sub_52232,489.25,2024-10-08
inv_104296,sub_51196,377.97,2024-03-22
inv_104297,sub_51676,1408.78,2024-01-02
inv_104298,sub_50203,273.47,2024-05-28
inv_104299,sub_51146,1148.42,2023-03-31
inv_104300,sub_52236,968.86,2023-03-26
inv_104301,sub_52065,525.03,2023-09-03
inv_104302,sub_52107,119.55,2023-07-02
inv_104303,sub_51087,381.44,2024-12-04
inv_104304,sub_53821,317.05,2023-04-17
inv_104305,sub_51107,177.82,2023-02-13
inv_104306,sub_52460,1041.4,2024-04-21
inv_104307,sub_52171,255.59,2024-08-17
inv_104308,sub_53484,415.95,2024-11-23
inv_104309,sub_50364,1043.77,2024-12-19
inv_104310,sub_52539,914.24,2024-02-20
inv_104311,sub_51303,1048.29,2023-02-23
inv_104312,sub_52691,1491.09,2024-06-20
inv_104313,sub_50671,692.74,2023-05-21
inv_104314,sub_50367,518.37,2023-02-17
inv_104315,sub_53117,301.11,2024-10-15
inv_104316,sub_51775,1058.3,2024-12-29
inv_104317,sub_50111,202.99,2024-02-24
inv_104318,sub_52275,237.43,2024-07-07
inv_104319,sub_53738,1367.59,2023-09-18
inv_104320,sub_50148,1312.13,2023-09-21
inv_104321,sub_52329,248.45,2023-06-22
inv_104323,sub_52696,955.15,2024-02-07
inv_104324,sub_50522,75.89,2024-12-03
inv_104325,sub_52669,1455.08,2024-08-22
inv_104326,sub_51031,873.04,2024-01-15
inv_104327,sub_53957,161.8,2024-10-09
inv_104328,sub_50291,1419.48,2024-07-09
inv_104329,sub_53318,878.12,2024-11-11
inv_104330,sub_52611,998.62,2023-11-13
inv_104331,sub_53092,1328.5,2024-05-07
inv_104332,sub_53612,949.2,2024-11-24
inv_104333,sub_53606,1006.11,2024-12-24
inv_104334,sub_51927,116.92,2024-05-22
inv_104335,sub_50985,1203.65,2024-11-13
inv_104336,sub_50748,147.18,2024-02-18
inv_104337,sub_52952,64.38,2023-04-17
inv_104338,sub_50839,1119.09,2024-08-27
inv_104339,sub_51045,1337.94,2024-04-28
inv_104340,sub_51656,520.56,2024-06-05
inv_104341,sub_51140,538.48,2024-02-15
inv_104342,sub_50657,120.21,2024-10-03
inv_104343,sub_50178,987.34,2023-06-12
inv_104344,sub_50125,660.8,2023-05-04
inv_104345,sub_53505,39.42,2024-12-29
inv_104346,sub_51714,892.61,2024-03-07
inv_104347,sub_50423,308.24,2024-03-28
inv_104348,sub_53159,381.14,2024-10-30
inv_104349,sub_51174,352.98,2024-05-05
inv_104350,sub_53497,134.72,2023-04-06
inv_104351,sub_53247,1312.38,2023-01-22
inv_104352,sub_52938,205.03,2023-08-23
inv_104354,sub_50204,435.22,2023-05-19
inv_104355,sub_52721,866.69,2023-06-17
inv_104356,sub_50791,1183.04,2024-07-09
inv_104357,sub_53401,1417.6,2024-10-26
inv_104358,sub_50887,858.53,2023-08-10
inv_104359,sub_51824,217.82,2024-09-06
inv_104360,sub_52229,191.4,2024-05-17
inv_104361,sub_51610,389.33,2023-06-02
inv_104362,sub_53706,1368.55,2023-04-14
inv_104363,sub_53507,94.03,2023-03-31
inv_104364,sub_53514,1265.27,2023-10-13
inv_104365,sub_53854,408.35,2024-09-01
inv_104366,sub_53370,336.66,2023-01-23
inv_104367,sub_51690,1369.6,2024-08-05
inv_104368,sub_53888,1037.33,2024-07-12
inv_104369,sub_50710,1184.73,2023-05-13
inv_104370,sub_52725,140.75,2024-06-02
inv_104371,sub_51175,594.12,2023-10-27
inv_104372,sub_51629,279.27,2024-05-01
inv_104373,sub_50369,397.06,2023-06-10
inv_104374,sub_51439,467.02,2024-01-31
inv_104375,sub_52791,1273.08,2023-09-07
inv_104376,sub_50946,95.85,2023-05-10
inv_104377,sub_51930,988.38,2023-03-09
inv_104378,sub_50550,1117.41,2023-12-17
inv_104379,sub_51775,861.63,2024-02-04
inv_104380,sub_51578,160.74,2023-10-20
inv_104381,sub_53892,598.59,2024-09-12
inv_104382,sub_53660,546.89,2023-04-24
inv_104383,sub_51055,1437.23,2024-11-26
inv_104385,sub_52992,956.98,2023-03-05
inv_104386,sub_53692,485.14,2023-07-12
inv_104387,sub_53047,860.95,2023-01-09
inv_104388,sub_50850,346.26,2023-01-05
inv_104389,sub_50064,905.65,2024-08-31
inv_104390,sub_53219,1174.64,2024-09-21
inv_104391,sub_50842,892.06,2023-04-27
inv_104392,sub_53741,509.83,2023-11-15
inv_104393,sub_51185,350.46,2023-09-27
inv_104394,sub_50519,836.49,2023-04-07
inv_104395,sub_53705,1303.39,2023-05-07
inv_104396,sub_52088,476.41,2024-02-13
inv_104397,sub_53364,1439.45,2024-11-30
inv_104398,sub_50737,886.11,2024-12-19
inv_104399,sub_52985,987.98,2023-01-15
inv_104400,sub_50455,95.12,2024-05-17
inv_104401,sub_50515,284.3,2024-07-03
inv_104402,sub_51906,190.93,2023-03-23
inv_104403,sub_51695,443.34,2024-06-27
inv_104404,sub_52113,989.58,2024-05-13
inv_104405,sub_52251,1025.27,2024-06-28
inv_104406,sub_53425,365.04,2024-10-23
inv_104407,sub_51995,356.34,2023-07-06
inv_104408,sub_50127,1215.91,2024-01-02
inv_104409,sub_50860,1477.95,2023-08-25
inv_104410,sub_52518,1416.86,2024-02-29
inv_104411,sub_51292,1130.23,2023-10-16
inv_104412,sub_50025,277.19,2024-04-23
inv_104413,sub_53663,808.95,2023-12-04
inv_104414,sub_52789,1433.38,2024-03-02
inv_104416,sub_51712,812.85,2024-06-16
inv_104417,sub_50347,956.37,2023-08-24
inv_104418,sub_53303,444.25,2024-02-24
inv_104419,sub_52307,786.42,2023-04-02
inv_104420,sub_52541,1473.08,2024-07-21
inv_104421,sub_53317,1381.19,2024-01-12
inv_104422,sub_53730,310.48,2024-08-09
inv_104423,sub_50937,1217.62,2024-11-21
inv_104424,sub_53298,980.5,2023-12-17
inv_104425,sub_53847,963.1,2024-10-07
inv_104426,sub_53731,39.27,2024-08-17
inv_104427,sub_51368,624.78,2023-03-22
inv_104428,sub_53546,402.16,2024-06-29
inv_104429,sub_50089,1467.19,2023-03-18
inv_104430,sub_52410,333.84,2023-10-08
inv_104431,sub_50831,448.18,2023-09-02
inv_104432,sub_52175,1119.71,2024-05-04
inv_104433,sub_53771,138.49,2023-09-16
inv_104434,sub_51224,377.85,2023-04-30
inv_104435,sub_51399,999.28,2024-09-01
inv_104436,sub_50869,978.69,2024-02-23
inv_104437,sub_52043,541.77,2023-12-29
inv_104438,sub_52539,407.67,2024-03-23
inv_104439,sub_51250,491.56,2023-12-31
inv_104440,sub_50747,1061.2,2023-06-12
inv_104441,sub_53645,1204.18,2023-05-04
inv_104442,sub_53536,1137.32,2024-10-08
inv_104443,sub_50798,1376.7,2024-07-21
inv_104444,sub_52742,1247.85,2024-10-01
inv_104445,sub_51654,30.65,2023-01-12
inv_104447,sub_52630,795.79,2023-02-23
inv_104448,sub_50459,1012.2,2023-04-09
inv_104449,sub_52855,1181.68,2024-02-27
inv_104450,sub_51214,1209.2,2024-03-23
inv_104451,sub_50921,204.96,2023-03-07
inv_104452,sub_53039,241.66,2023-09-12
inv_104453,sub_52683,1264.83,2023-03-24
inv_104454,sub_53963,21.77,2024-09-19
inv_104455,sub_53447,93.15,2024-02-09
inv_104456,sub_53269,1354.44,2023-06-01
inv_104457,sub_52401,485.1,2023-04-30
inv_104458,sub_50574,1389.37,2023-10-04
inv_104459,sub_52791,980.61,2023-01-14
inv_104460,sub_52428,283.37,2024-11-25
inv_104461,sub_50278,793.27,2024-09-11
inv_104462,sub_53842,1164.88,2023-02-13
inv_104463,sub_50254,1006.55,2024-08-19
inv_104464,sub_50273,382.55,2023-05-13
inv_104465,sub_51526,1454.36,2023-03-17
inv_104466,sub_53283,173.09,2024-08-25
inv_104467,sub_52952,92.34,2023-09-19
inv_104468,sub_51896,1344.24,2023-06-23
inv_104469,sub_53622,1167.29,2023-01-14
inv_104470,sub_50054,372.83,2024-10-31
inv_104471,sub_53870,1385.04,2024-06-03
inv_104472,sub_51464,128.55,2023-06-25
inv_104473,sub_51489,1009.13,2023-01-27
inv_104474,sub_53374,557.03,2023-02-01
inv_104475,sub_50901,401.66,2023-12-11
inv_104476,sub_52099,494.19,2024-01-06
inv_104478,sub_53376,437.8,2024-03-21
inv_104479,sub_50136,475.66,2023-04-15
inv_104480,sub_53360,69.38,2024-03-28
inv_104481,sub_53375,1010.22,2023-02-12
inv_104482,sub_52302,653.48,2023-02-20
inv_104483,sub_53279,1155.99,2023-02-19
inv_104484,sub_51211,961.01,2023-11-30
inv_104485,sub_50504,224.67,2024-02-01
inv_104486,sub_53715,1066.6,2023-10-02
inv_104487,sub_52437,1476.73,2024-07-22
inv_104488,sub_52898,422.94,2024-11-23
inv_104489,sub_50907,734.21,2024-01-29
inv_104490,sub_53470,191.9,2024-08-17
inv_104491,sub_53174,240.28,2024-08-04
inv_104492,sub_51139,443.1,2023-06-10
inv_104493,sub_52182,1215.85,2024-08-24
inv_104494,sub_52766,965.8,2023-04-22
inv_104495,sub_51101,793.6,2023-03-16
inv_104496,sub_52710,1073.65,2023-08-02
inv_104497,sub_51220,1180.73,2023-04-07
inv_104498,sub_51530,740.59,2024-08-30
inv_104499,sub_50413,926.71,2023-05-24
inv_104500,sub_52418,138.62,2024-03-09
inv_104501,sub_52278,416.94,2024-12-17
inv_104502,sub_50450,593.35,2024-05-18
inv_104503,sub_50424,129.01,2023-02-11
inv_104504,sub_51848,930.43,2023-12-30
inv_104505,sub_50314,1343.34,2023-07-02
inv_104506,sub_53136,1299.74,2024-10-19
inv_104507,sub_50424,815.12,2023-10-03
inv_104509,sub_51785,882.54,2024-10-08
inv_104510,sub_52005,1218.72,2024-04-01
inv_104511,sub_51784,876.32,2023-09-21
inv_104512,sub_50889,186.21,2024-05-04
inv_104513,sub_51508,230.92,2023-02-02
inv_104514,sub_50823,1095.74,2024-01-15
inv_104515,sub_52743,247.22,2024-03-02
inv_104516,sub_52850,31.92,2023-10-08
inv_104517,sub_52062,657.55,2024-01-26
inv_104518,sub_51664,1370.8,2024-11-07
inv_104519,sub_51420,1358.31,2023-07-20
inv_104520,sub_53095,481.02,2024-03-04
inv_104521,sub_50584,366.04,2024-11-20
inv_104522,sub_53070,147.89,2024-06-25
inv_104523,sub_53877,1180.29,2023-10-23
inv_104524,sub_53771,1161.69,2024-08-20
inv_104525,sub_51805,507.42,2023-08-06
inv_104526,sub_53590,222.61,2023-10-13
inv_104527,sub_50134,886.62,2023-08-15
inv_104528,sub_53938,911.11,2023-09-21
inv_104529,sub_50587,1186.24,2024-01-08
inv_104530,sub_53361,63.5,2023-08-24
inv_104531,sub_50771,644.73,2024-02-22
inv_104532,sub_51127,152.91,2023-05-08
inv_104533,sub_51573,1450.59,2023-08-01
inv_104534,sub_50020,1388.66,2023-06-19
inv_104535,sub_51850,80.5,2024-06-07
inv_104536,sub_53677,960.48,2024-11-23
inv_104537,sub_52674,594.38,2024-09-02
inv_104538,sub_50332,83.92,2024-11-30
inv_104540,sub_50655,912.9,2023-07-04
inv_104541,sub_51053,1178.5,2024-08-15
inv_104542,sub_52355,882.17,2023-02-18
inv_104543,sub_53612,1297.4,2024-01-24
inv_104544,sub_50823,1094.37,2024-08-08
inv_104545,sub_53397,640.95,2024-04-08
inv_104546,sub_50917,905.19,2023-07-01
inv_104547,sub_53221,980.91,2024-10-30
inv_104548,sub_53826,1239.81,2023-07-07
inv_104549,sub_52622,514.39,2023-05-07
inv_104550,sub_50686,634.06,2024-05-31
inv_104551,sub_52769,335.1,2023-04-05
inv_104552,sub_53577,676.91,2024-12-17
inv_104553,sub_51155,358.76,2023-03-30
inv_104554,sub_51998,127.88,2024-08-05
inv_104555,sub_52442,1292.28,2023-03-13
inv_104556,sub_53435,85.7,2023-11-26
inv_104557,sub_50263,1117.27,2024-04-26
inv_104558,sub_52990,1258.23,2023-12-15
inv_104559,sub_53425,1253.35,2023-02-11
inv_104560,sub_52519,1179.35,2024-04-26
inv_104561,sub_51228,1306.6,2023-03-28
inv_104562,sub_53641,646.63,2024-09-16
inv_104563,sub_50718,684.45,2023-01-25
inv_104564,sub_51401,1405.99,2024-08-21
inv_104565,sub_50860,1471.6,2024-09-20
inv_104566,sub_51175,1477.24,2024-02-25
inv_104567,sub_50230,956.83,2023-04-17
inv_104568,sub_52265,159.57,2023-07-03
inv_104569,sub_52414,887.97,2024-10-31
inv_104571,sub_52253,928.13,2023-01-06
inv_104572,sub_50147,1030.95,2024-03-07
inv_104573,sub_51853,850.03,2024-03-26
inv_104574,sub_50838,919.6,2024-02-15
inv_104575,sub_52595,1139.56,2023-08-18
inv_104576,sub_53097,1265.94,2024-07-08
inv_104577,sub_50394,1173.41,2024-04-25
inv_104578,sub_53095,1029.93,2024-05-22
inv_104579,sub_52220,413.29,2023-02-21
inv_104580,sub_50456,1443.85,2024-07-26
inv_104581,sub_53887,764.11,2024-09-22
inv_104582,sub_53472,736.24,2023-05-28
inv_104583,sub_52810,1175.45,2023-11-14
inv_104584,sub_52202,547.05,2023-03-24
inv_104585,sub_50903,595.05,2023-06-14
inv_104586,sub_51686,280.74,2024-03-28
inv_104587,sub_50776,456.51,2023-10-16
inv_104588,sub_52208,710.84,2023-05-15
inv_104589,sub_50359,856.58,2024-11-23
inv_104590,sub_52143,215.47,2023-03-18
inv_104591,sub_50340,1020.74,2023-06-04
inv_104592,sub_50409,750.05,2024-06-01
inv_104593,sub_53846,517.48,2023-01-11
inv_104594,sub_52728,1056.5,2023-05-17
inv_104595,sub_53459,618.76,2023-01-12
inv_104596,sub_50601,491.22,2023-06-11
inv_104597,sub_53261,418.09,2024-07-19
inv_104598,sub_51185,43.76,2024-08-22
inv_104599,sub_53092,892.68,2023-05-03
inv_104600,sub_51045,757.46,2023-01-29
inv_104602,sub_53042,608.08,2024-01-19
inv_104603,sub_50227,579.06,2024-07-08
inv_104604,sub_53357,1342.24,2023-07-24
inv_104605,sub_52761,749.76,2024-01-20
inv_104606,sub_50387,1439.89,2024-12-08
inv_104607,sub_50905,570.96,2024-06-13
inv_104608,sub_50739,623.99,2023-03-29
inv_104609,sub_52837,1406.57,2024-07-26
inv_104610,sub_50795,258.06,2023-10-21
inv_104611,sub_50335,129.97,2025-01-01
inv_104612,sub_53152,1214.92,2024-02-26
inv_104613,sub_52166,645.64,2024-10-17
inv_104614,sub_53777,1191.65,2024-06-21
inv_104615,sub_52975,916.01,2023-01-27
inv_104616,sub_52315,476.81,2024-09-05
inv_104617,sub_53487,534.78,2024-12-21
inv_104618,sub_50312,659.49,2023-02-22
inv_104619,sub_53344,1287.04,2023-01-23
inv_104620,sub_51408,77.88,2024-12-22
inv_104621,sub_52511,268.42,2023-06-13
inv_104622,sub_52006,1437.54,2023-06-22
inv_104623,sub_52189,599.7,2024-03-22
inv_104624,sub_51022,1272.69,2023-10-20
inv_104625,sub_51444,1340.31,2023-08-24
inv_104626,sub_53841,66.31,2023-10-09
inv_104627,sub_52019,87.74,2023-05-06
inv_104628,sub_52925,864.41,2024-12-10
inv_104629,sub_53769,177.53,2023-11-06
inv_104630,sub_52966,1086.69,2023-09-24
inv_104631,sub_53893,308.72,2023-12-01
inv_104633,sub_50762,465.26,2024-03-26
inv_104634,sub_53031,105.89,2024-07-17
inv_104635,sub_53694,427.36,2024-12-22
inv_104636,sub_51283,37.51,2023-08-31
inv_104637,sub_51999,1219.85,2024-05-09
inv_104638,sub_50283,993.72,2023-12-02
inv_104639,sub_51624,1287.88,2024-08-12
inv_104640,sub_52964,1358.15,2023-03-28
inv_104641,sub_50403,36.2,2023-09-15
inv_104642,sub_51923,967.58,2024-07-05
inv_104643,sub_53338,521.02,2023-08-31
inv_104644,sub_53147,177.6,2023-05-12
inv_104645,sub_51235,1050.04,2024-12-16
inv_104646,sub_53386,718.81,2023-04-15
inv_104647,sub_51872,764.61,2023-04-12
inv_104648,sub_50948,1362.33,2024-01-02
inv_104649,sub_52569,410.65,2023-05-20
inv_104650,sub_50325,810.4,2023-03-17
inv_104651,sub_53369,216.19,2023-10-25
inv_104652,sub_50459,533.84,2024-04-11
inv_104653,sub_52509,506.01,2024-05-16
inv_104654,sub_53519,1150.99,2024-01-05
inv_104655,sub_52597,960.11,2024-03-13
inv_104656,sub_52328,1166.19,2023-03-13
inv_104657,sub_53410,1039.26,2023-02-17
inv_104658,sub_50428,352.81,2023-12-04
inv_104659,sub_52082,339.39,2023-06-14
inv_104660,sub_50587,1474.3,2024-08-08
inv_104661,sub_52081,231.93,2024-01-27
inv_104662,sub_53204,1026.91,2024-02-23
inv_104664,sub_53525,1334.06,2023-06-24
inv_104665,sub_51361,398.13,2024-06-21
inv_104666,sub_51804,227.87,2023-04-13
inv_104667,sub_50788,658.14,2023-05-31
inv_104668,sub_51802,1423.39,2024-04-22
inv_104669,sub_52361,272.52,2024-12-31
inv_104670,sub_52354,86.69,2024-11-17
inv_104671,sub_51382,1409.05,2023-03-16
inv_104672,sub_53722,332.64,2023-07-12
inv_104673,sub_50476,670.38,2023-10-17
inv_104674,sub_53057,655.23,2023-09-06
inv_104675,sub_53324,803.3,2024-12-01
inv_104676,sub_51671,956.48,2024-02-24
inv_104677,sub_52367,1284.63,2023-12-17
inv_104678,sub_50005,738.78,2023-03-10
inv_104679,sub_51269,422.17,2023-04-07
inv_104680,sub_50578,56.77,2024-03-25
inv_104681,sub_51221,616.91,2024-09-01
inv_104682,sub_51350,287.64,2023-09-20
inv_104683,sub_53472,617.24,2024-10-08
inv_104684,sub_52660,592.01,2023-05-28
inv_104685,sub_50347,1153.57,2024-02-04
inv_104686,sub_50080,328.81,2024-05-29
inv_104687,sub_50012,786.16,2023-01-01
inv_104688,sub_51826,340.88,2024-02-08
inv_104689,sub_52624,1002.12,2023-11-26
inv_104690,sub_50406,144.68,2023-08-04
inv_104691,sub_50800,256.33,2023-09-30
inv_104692,sub_51084,915.98,2024-10-17
inv_104693,sub_51521,78.18,2023-11-09
inv_104695,sub_53064,760.87,2023-02-11
inv_104696,sub_52851,1322.07,2024-08-03
inv_104697,sub_51804,926.12,2024-10-12
inv_104698,sub_50274,419.32,2023-09-07
inv_104699,sub_53552,1386.88,2023-09-12
inv_104700,sub_53959,1105.06,2024-01-07
inv_104701,sub_51851,418.86,2023-01-12
inv_104702,sub_53730,961.57,2023-05-17
inv_104703,sub_50639,654.54,2023-08-27
inv_104704,sub_53250,1009.97,2023-02-19
inv_104705,sub_50106,1135.78,2024-09-08
inv_104706,sub_53168,1393.83,2023-06-18
inv_104707,sub_52417,1115.75,2024-07-26
inv_104708,sub_53645,1438.99,2023-02-13
inv_104709,sub_52552,1290.51,2024-07-18
inv_104710,sub_52101,1042.31,2023-05-13
inv_104711,sub_50151,78.19,2024-01-02
inv_104712,sub_51344,55.85,2023-12-28
inv_104713,sub_53956,604.42,2023-04-04
inv_104714,sub_52051,668.3,2024-12-20
inv_104715,sub_52773,564.28,2024-09-18
inv_104716,sub_52604,1266.64,2024-01-23
inv_104717,sub_50762,636.12,2023-08-09
inv_104718,sub_50682,239.79,2024-03-21
inv_104719,sub_53252,800.47,2024-06-28
inv_104720,sub_50057,1438.04,2024-07-29
inv_104721,sub_50335,582.16,2023-04-08
inv_104722,sub_51934,375.41,2023-01-18
inv_104723,sub_50015,256.25,2023-03-13
inv_104724,sub_53341,368.45,2024-03-23
inv_104726,sub_52207,428.63,2023-08-14
inv_104727,sub_51774,659.55,2023-05-31
inv_104728,sub_53065,103.93,2023-04-19
inv_104729,sub_50021,1131.96,2024-02-15
inv_104730,sub_53605,787.5,2023-08-17
inv_104731,sub_51015,1243.73,2024-10-12
inv_104732,sub_53669,694.95,2024-01-27
inv_104733,sub_52947,924.28,2023-02-15
inv_104734,sub_50072,1321.65,2024-04-21
inv_104735,sub_50702,1080.41,2023-07-30
inv_104736,sub_53738,1255.07,2024-08-02
inv_104737,sub_53690,571.85,2024-05-01
inv_104738,sub_52193,1063.45,2024-07-27
inv_104739,sub_50076,1108.51,2023-09-25
inv_104740,sub_53973,1280.16,2023-03-20
inv_104741,sub_50715,1188.43,2023-06-04
inv_104742,sub_50557,1234.78,2024-07-03
inv_104743,sub_52054,183.4,2024-07-21
inv_104744,sub_50530,1171.12,2023-10-19
inv_104745,sub_52892,206.76,2024-06-20
inv_104746,sub_50610,655.52,2023-10-15
inv_104747,sub_51133,995.58,2024-06-22
inv_104748,sub_51607,302.27,2024-10-09
inv_104749,sub_53881,774.5,2024-12-31
inv_104750,sub_51796,716.21,2023-04-10
inv_104751,sub_51291,577.35,2023-05-07
inv_104752,sub_50255,1147.55,2023-02-16
inv_104753,sub_53602,1338.16,2024-06-19
inv_104754,sub_50014,1157.23,2023-08-26
inv_104755,sub_51280,655.93,2024-12-06
inv_104757,sub_51356,291.59,2023-01-24
inv_104758,sub_52357,1343.43,2024-12-24
inv_104759,sub_52191,368.03,2024-01-01
inv_104760,sub_50545,757.02,2023-11-21
inv_104761,sub_51657,1493.74,2024-04-06
inv_104762,sub_50335,995.06,2024-08-09
inv_104763,sub_53407,700.34,2024-11-29
inv_104764,sub_52518,1045.56,2024-05-15
inv_104765,sub_50539,1138.65,2024-04-01
inv_104766,sub_50058,1405.18,2023-03-23
inv_104767,sub_53674,290.86,2023-11-26
inv_104768,sub_53970,614.94,2023-09-28
inv_104769,sub_53500,1206.66,2024-04-06
inv_104770,sub_53211,790.47,2024-08-31
inv_104771,sub_52481,1309.8,2023-07-27
inv_104772,sub_51459,1174.16,2023-06-18
inv_104773,sub_53291,543.73,2024-11-07
inv_104774,sub_50996,746.21,2023-01-10
inv_104775,sub_50179,771.2,2023-11-23
inv_104776,sub_50484,1374.71,2023-07-19
inv_104777,sub_52178,1195.98,2024-08-29
inv_104778,sub_51604,1469.17,2024-03-11
inv_104779,sub_52979,320.06,2023-08-21
inv_104780,sub_51751,539.73,2023-08-06
inv_104781,sub_52774,790.22,2023-10-10
inv_104782,sub_51986,703.2,2023-08-29
inv_104783,sub_50989,989.51,2023-06-15
inv_104784,sub_50849,439.52,2024-10-02
inv_104785,sub_51434,1319.51,2023-06-03
inv_104786,sub_52203,903.2,2024-03-10
inv_104788,sub_51840,1100.86,2023-08-12
inv_104789,sub_50637,532.25,2023-12-31
inv_104790,sub_53431,1163.58,2023-07-29
inv_104791,sub_52277,214.39,2023-01-21
inv_104792,sub_53366,687.1,2024-12-14
inv_104793,sub_50784,1199.81,2023-12-07
inv_104794,sub_50762,1151.21,2024-06-02
inv_104795,sub_52445,1342.18,2024-06-01
inv_104796,sub_53729,821.75,2024-12-19
inv_104797,sub_51484,1459.18,2024-10-17
inv_104798,sub_51336,79.51,2024-01-04
inv_104799,sub_53129,883.89,2024-11-27
inv_104800,sub_50168,605.83,2023-07-28
inv_104801,sub_51010,740.85,2024-02-01
inv_104802,sub_52653,1400.7,2024-04-11
inv_104803,sub_52528,1235.27,2023-01-30
inv_104804,sub_51126,220.29,2023-11-30
inv_104805,sub_53822,485.82,2024-05-12
inv_104806,sub_52526,1491.32,2024-05-06
inv_104807,sub_50821,1083.27,2023-06-03
inv_104808,sub_53236,197.34,2024-02-15
inv_104809,sub_50608,1152.34,2023-07-02
inv_104810,sub_50870,63.38,2024-07-02
inv_104811,sub_52183,1006.71,2024-12-27
inv_104812,sub_53614,361.41,2024-01-13
inv_104813,sub_52525,840.59,2024-04-02
inv_104814,sub_50357,410.5,2023-06-25
inv_104815,sub_50504,928.71,2023-08-27
inv_104816,sub_53005,1208.11,2024-03-12
inv_104817,sub_51071,592.46,2024-02-13
inv_104819,sub_52266,902.19,2023-12-09
inv_104820,sub_51013,1214.7,2024-07-12
inv_104821,sub_51098,1088.46,2023-08-20
inv_104822,sub_51496,681.34,2024-06-06
inv_104823,sub_53307,1212.29,2024-12-18
inv_104824,sub_52161,408.14,2023-04-26
inv_104825,sub_51525,1043.59,2023-10-13
inv_104826,sub_50456,552.68,2024-05-23
inv_104827,sub_50006,980.83,2023-09-19
inv_104828,sub_53183,145.92,2023-08-14
inv_104829,sub_51250,538.9,2023-02-09
inv_104830,sub_51221,1084.84,2024-10-24
inv_104831,sub_50932,373.98,2024-12-14
inv_104832,sub_53917,1278.31,2024-03-22
inv_104833,sub_51722,1066.42,2024-04-12
inv_104834,sub_53172,1298.59,2024-03-12
inv_104835,sub_53252,1031.66,2023-12-29
inv_104836,sub_53120,630.79,2024-02-11
inv_104837,sub_53218,551.28,2023-12-07
inv_104838,sub_52340,1279.6,2023-06-01
inv_104839,sub_52704,1221.78,2024-02-07
inv_104840,sub_52699,85.96,2023-04-03
inv_104841,sub_50017,852.07,2024-03-28
inv_104842,sub_53349,1197.05,2024-05-30
inv_104843,sub_50202,34.15,2023-12-27
inv_104844,sub_53724,890.52,2024-06-07
inv_104845,sub_52392,314.79,2023-03-24
inv_104846,sub_52448,905.62,2023-03-07
inv_104847,sub_51830,1009.22,2023-10-23
inv_104848,sub_53775,415.38,2023-05-13
inv_104850,sub_51325,849.28,2023-09-14
inv_104851,sub_53598,1072.04,2024-06-28
inv_104852,sub_52426,1352.98,2024-05-12
inv_104853,sub_53692,712.89,2023-10-03
inv_104854,sub_52324,1353.07,2023-12-16
inv_104855,sub_51048,1127.62,2023-12-27
inv_104856,sub_50234,609.9,2024-04-20
inv_104857,sub_52743,779.84,2023-03-11
inv_104858,sub_51054,454.12,2024-03-21
inv_104859,sub_53426,1384.99,2024-11-25
inv_104860,sub_52391,1399.15,2023-10-29
inv_104861,sub_52632,540.79,2024-08-27
inv_104862,sub_52436,243.2,2024-07-14
inv_104863,sub_52652,530.98,2024-12-31
inv_104864,sub_53802,1013.32,2024-11-11
inv_104865,sub_50499,1345.48,2024-03-21
inv_104866,sub_50340,1440.0,2024-11-09
inv_104867,sub_50933,1214.81,2023-08-14
inv_104868,sub_50950,1436.43,2024-01-31
inv_104869,sub_51945,1276.2,2024-11-17
inv_104870,sub_50717,835.55,2024-06-26
inv_104871,sub_53297,1302.9,2023-02-18
inv_104872,sub_52807,1484.69,2024-08-09
inv_104873,sub_50299,48.48,2024-06-18
inv_104874,sub_53949,395.77,2024-06-07
inv_104875,sub_53590,219.88,2023-04-21
inv_104876,sub_52035,857.96,2024-01-20
inv_104877,sub_52793,1130.63,2023-07-09
inv_104878,sub_53399,1196.6,2023-07-05
inv_104879,sub_51439,587.63,2023-06-19
inv_104881,sub_50849,1136.72,2024-12-08
inv_104882,sub_51494,1357.44,2023-01-07
inv_104883,sub_51413,146.81,2023-08-28
inv_104884,sub_50720,751.66,2024-05-27
inv_104885,sub_52007,1245.1,2023-11-29
inv_104886,sub_52772,1032.98,2024-02-15
inv_104887,sub_51626,249.93,2023-08-27
inv_104888,sub_50166,821.91,2024-02-02
inv_104889,sub_53210,190.89,2023-12-09
inv_104890,sub_52121,1426.4,2024-08-06
inv_104891,sub_50658,510.11,2024-05-02
inv_104892,sub_50373,299.33,2023-07-25
inv_104893,sub_52435,1132.32,2023-12-14
inv_104894,sub_52457,1032.96,2023-11-22
inv_104895,sub_50524,1307.99,2024-01-05
inv_104896,sub_53105,691.88,2024-01-29
inv_104897,sub_51505,880.43,2023-03-25
inv_104898,sub_51253,911.48,2024-04-16
inv_104899,sub_50219,703.56,2024-01-02
inv_104900,sub_52653,712.59,2023-10-15
inv_104901,sub_50154,934.61,2024-02-02
inv_104902,sub_53606,1433.63,2023-01-04
inv_104903,sub_50742,469.75,2023-02-03
inv_104904,sub_50305,148.94,2024-03-24
inv_104905,sub_52764,66.5,2023-11-23
inv_104906,sub_53958,1134.21,2023-05-26
inv_104907,sub_50890,581.66,2023-02-16
inv_104908,sub_51676,1112.37,2023-07-31
inv_104909,sub_52103,628.6,2023-07-31
inv_104910,sub_51736,34.82,2024-01-17
inv_104912,sub_53141,1224.82,2024-02-28
inv_104913,sub_53956,720.04,2023-09-11
inv_104914,sub_50351,78.18,2024-12-20
inv_104915,sub_51347,196.62,2023-03-27
inv_104916,sub_53611,1006.22,2024-05-16
inv_104917,sub_52945,695.65,2023-04-20
inv_104918,sub_50831,773.97,2024-04-10
inv_104919,sub_50587,881.43,2023-08-17
inv_104920,sub_52607,846.19,2023-07-25
inv_104921,sub_52784,1458.0,2024-01-02
inv_104922,sub_52265,1346.78,2023-12-17
inv_104923,sub_51476,816.78,2023-03-09
inv_104924,sub_53233,1235.14,2024-06-03
inv_104925,sub_51088,813.2,2024-11-18
inv_104926,sub_51341,1079.78,2023-02-03
inv_104927,sub_53659,502.45,2023-09-12
inv_104928,sub_51527,1286.05,2024-12-24
inv_104929,sub_50920,1223.56,2024-12-05
inv_104930,sub_51686,673.77,2024-03-27
inv_104931,sub_50909,849.53,2023-03-16
inv_104932,sub_50315,55.04,2024-10-10
inv_104933,sub_51799,316.33,2023-11-10
inv_104934,sub_50601,897.55,2024-01-23
inv_104935,sub_53142,446.43,2023-03-21
inv_104936,sub_53027,157.81,2024-05-15
inv_104937,sub_53357,1330.62,2023-08-25
inv_104938,sub_52326,302.89,2024-02-05
inv_104939,sub_50880,1327.88,2024-05-30
inv_104940,sub_53894,1015.32,2024-05-30
inv_104941,sub_50557,1126.27,2023-12-25
inv_104943,sub_50581,1190.31,2023-05-01
inv_104944,sub_50670,228.47,2023-03-08
inv_104945,sub_51758,1109.38,2024-11-24
inv_104946,sub_52177,264.12,2024-11-09
inv_104947,sub_50869,324.06,2023-06-18
inv_104948,sub_52327,401.44,2023-04-27
inv_104949,sub_52358,1358.41,2024-01-30
inv_104950,sub_53424,22.99,2023-01-05
inv_104951,sub_53453,727.99,2024-10-29
inv_104952,sub_51355,180.92,2023-04-19
inv_104953,sub_51342,1082.89,2024-05-11
inv_104954,sub_51479,70.71,2023-10-05
inv_104955,sub_50353,180.44,2023-01-15
inv_104956,sub_51338,29.83,2024-06-16
inv_104957,sub_50895,193.39,2024-02-09
inv_104958,sub_52464,269.82,2023-07-22
inv_104959,sub_52361,1368.03,2024-02-24
inv_104960,sub_52239,1413.86,2024-11-17
inv_104961,sub_50534,880.93,2024-02-24
inv_104962,sub_51012,1135.11,2024-05-06
inv_104963,sub_52100,667.17,2024-07-13
inv_104964,sub_50233,833.04,2024-06-03
inv_104965,sub_52874,794.65,2024-07-27
inv_104966,sub_50522,981.99,2024-09-19
inv_104967,sub_53487,101.99,2023-02-19
inv_104968,sub_53763,543.25,2023-06-10
inv_104969,sub_50962,777.41,2023-06-13
inv_104970,sub_53689,455.49,2023-06-14
inv_104971,sub_52615,570.75,2024-03-05
inv_104972,sub_50797,700.44,2024-05-09
inv_104974,sub_51774,639.06,2024-06-06
inv_104975,sub_51227,1090.12,2024-10-17
inv_104976,sub_52042,1247.22,2023-02-18
inv_104977,sub_53328,1423.97,2024-05-19
inv_104978,sub_52738,1455.19,2024-04-16
inv_104979,sub_50276,162.66,2023-03-16
inv_104980,sub_52006,399.03,2023-09-07
inv_104981,sub_51492,1043.83,2023-06-08
inv_104982,sub_51833,27.71,2023-01-19
inv_104983,sub_52160,1309.39,2024-05-02
inv_104984,sub_52083,32.24,2023-08-07
inv_104985,sub_50750,438.84,2024-11-29
inv_104986,sub_53844,1168.32,2024-08-18
inv_104987,sub_51981,1360.28,2023-04-22
inv_104988,sub_51716,294.73,2023-09-03
inv_104989,sub_51122,1430.32,2024-05-22
inv_104990,sub_51385,480.99,2023-01-21
inv_104991,sub_50021,1277.59,2023-06-01
inv_104992,sub_52496,156.48,2024-03-18
inv_104993,sub_53639,755.66,2024-02-22
inv_104994,sub_53911,42.33,2024-07-23
inv_104995,sub_51724,102.34,2024-02-04
inv_104996,sub_50103,728.83,2023-05-17
inv_104997,sub_50738,328.32,2024-09-02
inv_104998,sub_51828,74.41,2024-09-24
inv_104999,sub_52984,1176.45,2023-05-27
inv_105000,sub_52968,1250.8,2024-10-03
inv_105001,sub_53655,1022.6,2024-12-24
inv_105002,sub_52096,1222.67,2023-04-29
inv_105003,sub_53692,958.55,2023-11-12
inv_105005,sub_50186,1367.27,2023-04-05
inv_105006,sub_52961,1492.53,2024-07-16
inv_105007,sub_51839,1166.75,2023-03-03
inv_105008,sub_53297,914.28,2023-07-06
inv_105009,sub_52592,639.65,2024-10-27
inv_105010,sub_51797,609.66,2024-07-11
inv_105011,sub_50476,842.87,2023-06-19
inv_105012,sub_52144,1047.72,2023-07-15
inv_105013,sub_52720,147.26,2024-12-12
inv_105014,sub_50843,165.54,2023-07-30
inv_105015,sub_52445,1114.0,2024-10-02
inv_105016,sub_52661,129.44,2024-12-01
inv_105017,sub_53938,378.08,2024-05-08
inv_105018,sub_51277,190.03,2023-08-08
inv_105019,sub_50256,506.0,2024-11-05
inv_105020,sub_52035,681.21,2024-05-13
inv_105021,sub_50926,366.71,2023-01-04
inv_105022,sub_50307,1322.39,2024-10-10
inv_105023,sub_52533,290.85,2024-05-16
inv_105024,sub_52584,971.36,2024-09-20
inv_105025,sub_50288,386.27,2023-04-23
inv_105026,sub_52985,79.89,2023-04-06
inv_105027,sub_51570,307.19,2023-01-25
inv_105028,sub_52589,907.41,2023-10-18
inv_105029,sub_53029,100.76,2024-03-09
inv_105030,sub_50841,80.06,2024-12-18
inv_105031,sub_52805,901.35,2023-09-09
inv_105032,sub_51645,1159.16,2024-11-11
inv_105033,sub_51291,852.15,2024-07-19
inv_105034,sub_51394,653.84,2023-07-18
inv_105036,sub_51796,765.51,2023-11-30
inv_105037,sub_52195,640.5,2023-04-21
inv_105038,sub_52850,1069.53,2024-09-06
inv_105039,sub_51022,1196.3,2024-08-01
inv_105040,sub_50637,885.85,2023-03-22
inv_105041,sub_52375,1285.42,2024-06-05
inv_105042,sub_50543,652.96,2023-08-04
inv_105043,sub_50167,299.62,2024-09-05
inv_105044,sub_53910,861.76,2023-09-23
inv_105045,sub_52799,27.82,2024-12-04
inv_105046,sub_50443,249.33,2024-03-20
inv_105047,sub_50398,1216.38,2024-02-08
inv_105048,sub_50153,323.22,2023-09-13
inv_105049,sub_53950,855.81,2024-11-21
inv_105050,sub_52368,1494.78,2023-01-15
inv_105051,sub_53149,1054.75,2023-11-17
inv_105052,sub_52754,800.66,2024-02-23
inv_105053,sub_50377,1222.2,2023-12-13
inv_105054,sub_51714,1060.7,2023-12-07
inv_105055,sub_50816,981.91,2023-05-21
inv_105056,sub_50838,457.73,2023-12-05
inv_105057,sub_51990,726.53,2023-12-14
inv_105058,sub_53472,1120.29,2023-01-07
inv_105059,sub_53359,185.98,2024-11-26
inv_105060,sub_53487,1038.77,2024-10-19
inv_105061,sub_52864,417.24,2024-02-26
inv_105062,sub_52311,1270.03,2024-08-06
inv_105063,sub_50905,77.25,2024-04-05
inv_105064,sub_53122,750.25,2023-03-22
inv_105065,sub_50674,313.82,2023-05-01
inv_105067,sub_53397,76.6,2024-08-10
inv_105068,sub_53108,1070.67,2023-05-23
inv_105069,sub_53643,1232.37,2023-10-28
inv_105070,sub_52071,758.82,2024-11-30
inv_105071,sub_53545,1010.38,2024-05-10
inv_105072,sub_50757,1452.19,2024-04-13
inv_105073,sub_51939,973.72,2024-10-18
inv_105074,sub_50376,1425.2,2023-11-29
inv_105075,sub_51488,934.5,2023-02-24
inv_105076,sub_52790,496.89,2024-05-18
inv_105077,sub_51734,978.94,2023-08-22
inv_105078,sub_50131,1107.75,2024-07-24
inv_105079,sub_50425,1288.08,2024-03-25
inv_105080,sub_52003,1004.33,2023-05-11
inv_105081,sub_53974,1074.38,2023-01-26
inv_105082,sub_52896,764.85,2024-09-27
inv_105083,sub_51588,419.55,2023-06-17
inv_105084,sub_52815,1362.84,2023-04-10
inv_105085,sub_51559,707.54,2024-12-21
inv_105086,sub_52482,639.49,2023-05-03
inv_105087,sub_50914,1145.02,2023-02-19
inv_105088,sub_52309,494.03,2023-08-03
inv_105089,sub_52507,329.41,2024-09-10
inv_105090,sub_50753,335.33,2024-02-08
inv_105091,sub_51934,908.53,2024-03-02
inv_105092,sub_53952,690.4,2023-07-24
inv_105093,sub_50263,597.9,2023-03-18
inv_105094,sub_52615,874.79,2024-07-05
inv_105095,sub_53113,1383.64,2023-11-10
inv_105096,sub_51615,1431.84,2023-04-28
inv_105098,sub_53023,870.43,2024-03-04
inv_105099,sub_50612,793.67,2023-05-05
inv_105100,sub_52930,1022.25,2023-07-20
inv_105101,sub_53006,726.95,2024-07-06
inv_105102,sub_52980,938.83,2023-12-11
inv_105103,sub_50767,582.43,2024-09-20
inv_105104,sub_50546,1483.05,2025-01-01
inv_105105,sub_53443,1099.36,2024-01-12
inv_105106,sub_52736,392.95,2023-07-05
inv_105107,sub_52877,547.11,2023-09-18
inv_105108,sub_50298,585.1,2024-02-01
inv_105109,sub_53199,1248.03,2024-02-01
inv_105110,sub_53110,379.65,2024-05-13
inv_105111,sub_50753,1181.48,2024-08-06
inv_105112,sub_51470,1187.55,2024-05-10
inv_105113,sub_52823,418.63,2024-10-03
inv_105114,sub_50280,1189.08,2023-09-30
inv_105115,sub_52166,1315.46,2023-08-29
inv_105116,sub_50600,1121.55,2024-03-19
inv_105117,sub_51896,976.9,2023-07-27
inv_105118,sub_50856,391.43,2023-05-08
inv_105119,sub_51723,821.29,2024-03-30
inv_105120,sub_52289,1259.78,2024-10-17
inv_105121,sub_52416,1216.61,2024-02-09
inv_105122,sub_51479,444.95,2024-09-08
inv_105123,sub_51488,1499.95,2023-06-12
inv_105124,sub_52010,1196.33,2024-05-12
inv_105125,sub_50461,1030.56,2023-07-27
inv_105126,sub_50710,64.88,2023-07-27
inv_105127,sub_50278,351.12,2023-08-27
inv_105129,sub_51852,385.97,2023-08-26
inv_105130,sub_53154,589.42,2024-08-24
inv_105131,sub_50317,1200.46,2023-11-13
inv_105132,sub_52789,364.23,2024-03-16
inv_105133,sub_53785,909.69,2023-04-30
inv_105134,sub_52942,729.98,2023-08-11
inv_105135,sub_50780,887.04,2024-07-01
inv_105136,sub_52182,372.55,2023-12-20
inv_105137,sub_51315,99.19,2023-03-19
inv_105138,sub_52259,1176.23,2024-01-13
inv_105139,sub_50631,826.6,2024-05-14
inv_105140,sub_53959,596.78,2023-08-29
inv_105141,sub_52053,222.16,2023-07-26
inv_105142,sub_53340,1473.15,2023-02-05
inv_105143,sub_51925,1165.56,2024-11-29
inv_105144,sub_52908,1113.22,2023-01-01
inv_105145,sub_50400,357.64,2024-03-01
inv_105146,sub_52968,813.57,2023-08-27
inv_105147,sub_50435,137.02,2024-10-03
inv_105148,sub_51125,900.7,2023-01-15
inv_105149,sub_53286,642.48,2023-02-14
inv_105150,sub_51100,580.89,2024-09-29
inv_105151,sub_51004,278.05,2023-07-19
inv_105152,sub_51681,718.59,2024-01-15
inv_105153,sub_53866,387.04,2024-03-02
inv_105154,sub_52925,965.06,2024-12-09
inv_105155,sub_50077,517.14,2024-10-20
inv_105156,sub_53526,956.21,2023-04-06
inv_105157,sub_52980,1368.52,2023-09-25
inv_105158,sub_52524,1445.52,2024-04-14
inv_105160,sub_51441,512.59,2023-03-24
inv_105161,sub_51272,592.24,2024-08-05
inv_105162,sub_53455,85.92,2024-02-21
inv_105163,sub_50383,1365.52,2024-11-14
inv_105164,sub_53154,1384.05,2023-09-01
inv_105165,sub_53957,306.03,2024-10-01
inv_105166,sub_53269,935.8,2023-04-27
inv_105167,sub_50789,358.51,2024-04-11
inv_105168,sub_53877,286.55,2023-07-26
inv_105169,sub_50833,925.98,2024-10-17
inv_105170,sub_50470,852.63,2023-03-05
inv_105171,sub_50616,1499.39,2024-12-15
inv_105172,sub_53685,225.44,2024-10-29
inv_105173,sub_50884,318.44,2023-10-12
inv_105174,sub_52234,409.68,2024-03-23
inv_105175,sub_50077,111.38,2024-03-09
inv_105176,sub_50161,1282.14,2023-01-02
inv_105177,sub_53216,1494.38,2024-07-01
inv_105178,sub_51585,1491.11,2024-06-09
inv_105179,sub_51708,404.55,2024-10-10
inv_105180,sub_53959,929.38,2023-06-23
inv_105181,sub_52036,932.32,2023-09-28
inv_105182,sub_50539,974.83,2024-11-29
inv_105183,sub_52490,1053.38,2024-07-17
inv_105184,sub_50418,760.02,2024-12-02
inv_105185,sub_51597,1242.77,2024-09-10
inv_105186,sub_53869,1389.33,2024-11-29
inv_105187,sub_52225,1318.48,2023-10-02
inv_105188,sub_51069,285.91,2024-02-10
inv_105189,sub_52330,223.76,2024-01-06
inv_105191,sub_50425,876.46,2023-01-01
inv_105192,sub_51523,1052.25,2024-05-09
inv_105193,sub_52801,511.7,2023-09-22
inv_105194,sub_52936,1381.1,2024-04-14
inv_105195,sub_50723,1144.67,2024-12-03
inv_105196,sub_52040,829.2,2024-08-05
inv_105197,sub_50228,430.64,2023-06-22
inv_105198,sub_50623,1499.38,2024-09-27
inv_105199,sub_51795,1155.13,2024-07-29
inv_105200,sub_52295,392.5,2023-04-07
inv_105201,sub_52394,1058.42,2023-01-23
inv_105202,sub_50793,337.66,2024-04-18
inv_105203,sub_52855,180.73,2024-06-12
inv_105204,sub_52980,82.46,2024-12-01
inv_105205,sub_51487,1127.11,2023-04-19
inv_105206,sub_53728,655.93,2024-01-07
inv_105207,sub_51049,604.03,2023-12-02
inv_105208,sub_53925,1187.28,2023-08-19
inv_105209,sub_52512,1015.12,2024-11-02
inv_105210,sub_52426,126.41,2024-02-11
inv_105211,sub_50111,333.19,2024-04-20
inv_105212,sub_52654,1045.49,2024-12-05
inv_105213,sub_50446,40.78,2024-01-16
inv_105214,sub_52688,203.89,2024-12-09
inv_105215,sub_51833,1171.67,2023-11-22
inv_105216,sub_50805,716.71,2024-05-03
inv_105217,sub_53275,1347.64,2023-03-25
inv_105218,sub_50754,477.33,2024-09-17
inv_105219,sub_53297,213.67,2024-12-29
inv_105220,sub_53507,782.12,2023-11-23
inv_105222,sub_51481,38.6,2023-03-28
inv_105223,sub_52296,150.92,2024-11-03
inv_105224,sub_52746,1419.05,2024-01-19
inv_105225,sub_51134,1190.54,2024-07-04
inv_105226,sub_52650,709.07,2023-01-13
inv_105227,sub_52369,1439.25,2024-06-01
inv_105228,sub_52688,311.38,2024-05-22
inv_105229,sub_52244,342.1,2023-04-01
inv_105230,sub_52361,1407.69,2023-01-20
inv_105231,sub_50086,917.6,2024-03-27
inv_105232,sub_50917,771.65,2024-10-06
inv_105233,sub_53260,101.54,2023-09-08
inv_105234,sub_53146,846.35,2023-08-27
inv_105235,sub_51947,203.37,2023-07-24
inv_105236,sub_50748,742.97,2023-02-10
inv_105237,sub_53787,328.2,2024-12-02
inv_105238,sub_50949,267.48,2023-06-24
inv_105239,sub_51390,1027.52,2023-08-06
inv_105240,sub_52583,1190.49,2023-02-16
inv_105241,sub_51217,917.53,2023-03-12
inv_105242,sub_50141,52.08,2024-09-08
inv_105243,sub_53368,187.36,2024-11-11
inv_105244,sub_53485,1162.94,2024-06-05
inv_105245,sub_53798,1038.51,2023-07-27
inv_105246,sub_50098,1013.08,2024-07-16
inv_105247,sub_51583,1254.31,2023-01-21
inv_105248,sub_51579,462.13,2024-12-12
inv_105249,sub_50614,679.35,2023-05-29
inv_105250,sub_51531,873.5,2024-05-16
inv_105251,sub_50746,132.25,2023-04-15
inv_105253,sub_53615,268.19,2024-10-02
inv_105254,sub_50578,857.2,2023-12-19
inv_105255,sub_52719,998.17,2024-04-20
inv_105256,sub_53957,1284.45,2023-05-18
inv_105257,sub_53699,825.84,2023-12-08
inv_105258,sub_51371,926.38,2023-06-24
inv_105259,sub_51848,1064.33,2024-02-11
inv_105260,sub_53281,689.77,2023-04-28
inv_105261,sub_53648,1309.24,2024-10-26
inv_105262,sub_53197,624.7,2023-11-30
inv_105263,sub_52130,111.59,2023-10-23
inv_105264,sub_53490,1255.97,2024-06-18
inv_105265,sub_52495,182.75,2023-05-25
inv_105266,sub_53616,774.94,2023-10-01
inv_105267,sub_53493,564.77,2023-03-24
inv_105268,sub_52081,783.25,2023-03-07
inv_105269,sub_51166,1022.88,2024-12-09
inv_105270,sub_50262,310.7,2023-06-10
inv_105271,sub_53154,831.6,2024-09-26
inv_105272,sub_50359,1050.0,2024-10-03
inv_105273,sub_50317,947.46,2023-03-14
inv_105274,sub_50250,683.84,2023-02-27
inv_105275,sub_53097,483.72,2023-12-16
inv_105276,sub_52700,574.16,2023-04-21
inv_105277,sub_53891,957.65,2023-09-09
inv_105278,sub_52384,851.7,2024-05-18
inv_105279,sub_50414,421.26,2024-03-11
inv_105280,sub_51105,267.5,2023-07-17
inv_105281,sub_52494,695.38,2023-11-06
inv_105282,sub_50572,1292.18,2023-12-26
inv_105284,sub_52139,233.0,2024-03-27
inv_105285,sub_53049,1024.6,2024-11-11
inv_105286,sub_52016,344.98,2023-07-22
inv_105287,sub_53908,1232.63,2023-06-30
inv_105288,sub_52009,1023.96,2023-06-09
inv_105289,sub_50533,206.61,2023-09-13
inv_105290,sub_52513,95.24,2024-06-27
inv_105291,sub_53245,1109.42,2024-01-26
inv_105292,sub_52688,1442.89,2023-06-15
inv_105293,sub_51340,437.74,2024-11-22
inv_105294,sub_53049,477.14,2023-04-18
inv_105295,sub_53379,671.78,2024-08-29
inv_105296,sub_50676,222.15,2023-03-03
inv_105297,sub_50868,573.02,2023-04-20
inv_105298,sub_51146,546.95,2024-07-16
inv_105299,sub_51618,205.68,2024-04-14
inv_105300,sub_53471,500.59,2024-04-15
inv_105301,sub_51061,58.11,2024-03-21
inv_105302,sub_53233,186.55,2024-05-27
inv_105303,sub_51566,296.15,2024-03-24
inv_105304,sub_52632,698.87,2024-10-03
inv_105305,sub_51743,436.87,2023-09-01
inv_105306,sub_51139,594.35,2023-05-11
inv_105307,sub_50125,673.51,2023-06-11
inv_105308,sub_51475,149.23,2023-09-29
inv_105309,sub_50865,392.02,2024-10-20
inv_105310,sub_51761,808.33,2024-01-02
inv_105311,sub_51685,1198.36,2024-07-24
inv_105312,sub_51620,50.53,2024-11-03
inv_105313,sub_52732,22.26,2023-11-02
inv_105315,sub_52310,843.18,2023-04-03
inv_105316,sub_50983,963.25,2024-04-18
inv_105317,sub_50110,781.66,2024-12-07
inv_105318,sub_53319,65.71,2024-10-05
inv_105319,sub_53530,67.4,2024-01-08
inv_105320,sub_53762,89.98,2024-11-19
inv_105321,sub_51969,358.58,2024-02-28
inv_105322,sub_50802,272.61,2024-11-20
inv_105323,sub_53252,472.94,2023-07-08
inv_105324,sub_50057,329.28,2024-01-29
inv_105325,sub_51830,186.49,2024-06-16
inv_105326,sub_50605,67.16,2024-03-13
inv_105327,sub_52644,1408.65,2024-05-05
inv_105328,sub_51729,285.25,2024-05-29
inv_105329,sub_52866,485.4,2024-05-16
inv_105330,sub_53066,753.29,2024-12-22
inv_105331,sub_50813,840.94,2024-12-27
inv_105332,sub_53328,124.55,2023-08-14
inv_105333,sub_53214,439.57,2024-02-27
inv_105334,sub_51174,290.45,2023-05-05
inv_105335,sub_51678,1156.38,2024-10-23
inv_105336,sub_51960,1245.4,2024-09-21
inv_105337,sub_50796,956.22,2024-07-01
inv_105338,sub_52734,1241.27,2024-12-16
inv_105339,sub_53033,1111.83,2023-09-14
inv_105340,sub_51200,316.62,2023-05-18
inv_105341,sub_51847,820.07,2024-11-18
inv_105342,sub_53414,1320.62,2024-01-22
inv_105343,sub_52109,363.8,2024-04-27
inv_105344,sub_51132,827.05,2024-05-22
inv_105346,sub_53145,199.19,2023-02-28
inv_105347,sub_50292,457.37,2024-07-10
inv_105348,sub_53212,1141.49,2023-01-06
inv_105349,sub_50603,288.7,2024-10-04
inv_105350,sub_50014,674.21,2024-12-06
inv_105351,sub_53599,1046.78,2023-12-03
inv_105352,sub_51669,548.23,2024-06-28
inv_105353,sub_53300,1414.66,2024-01-17
inv_105354,sub_50316,636.17,2024-11-25
inv_105355,sub_50800,1179.91,2024-11-08
inv_105356,sub_50629,554.02,2023-09-23
inv_105357,sub_50799,882.13,2023-10-17
inv_105358,sub_50294,742.41,2023-01-07
inv_105359,sub_53611,1219.49,2023-12-14
inv_105360,sub_50739,1363.77,2024-05-21
inv_105361,sub_50853,1161.17,2023-03-25
inv_105362,sub_53823,1212.51,2024-01-29
inv_105363,sub_52262,260.19,2023-05-27
inv_105364,sub_51157,963.58,2023-07-30
inv_105365,sub_52715,1122.29,2023-01-19
inv_105366,sub_52409,1412.48,2023-03-11
inv_105367,sub_52878,1436.27,2024-04-22
inv_105368,sub_50887,818.91,2024-07-17
inv_105369,sub_50097,219.82,2023-05-11
inv_105370,sub_50582,1188.0,2024-06-05
inv_105371,sub_51634,856.22,2023-06-02
inv_105372,sub_52475,257.53,2024-11-14
inv_105373,sub_50148,1412.31,2023-09-12
inv_105374,sub_53956,1034.19,2023-04-08
inv_105375,sub_52493,140.59,2023-06-11
inv_105377,sub_51165,205.16,2023-11-08
inv_105378,sub_51560,753.54,2024-03-14
inv_105379,sub_50424,586.64,2024-11-02
inv_105380,sub_51053,730.13,2024-09-24
inv_105381,sub_51391,1455.06,2024-09-28
inv_105382,sub_50967,846.3,2023-09-20
inv_105383,sub_50709,575.96,2023-10-20
inv_105384,sub_50228,76.87,2024-06-17
inv_105385,sub_53182,731.04,2024-09-17
inv_105386,sub_50334,679.34,2023-07-09
inv_105387,sub_53774,25.16,2024-01-10
inv_105388,sub_50734,1228.62,2024-01-20
inv_105389,sub_52947,1145.74,2024-02-09
inv_105390,sub_50814,1067.84,2024-11-16
inv_105391,sub_50044,1462.29,2023-07-17
inv_105392,sub_53862,121.01,2024-03-07
inv_105393,sub_50767,1241.59,2023-08-13
inv_105394,sub_52853,1043.8,2024-10-02
inv_105395,sub_50226,1413.96,2024-09-14
inv_105396,sub_53398,1244.52,2024-02-29
inv_105397,sub_51602,262.46,2024-08-28
inv_105398,sub_50018,634.31,2024-11-16
inv_105399,sub_51228,1147.39,2024-12-18
inv_105400,sub_50023,195.48,2023-09-02
inv_105401,sub_51644,366.29,2023-12-25
inv_105402,sub_50641,752.46,2024-05-02
inv_105403,sub_53203,629.96,2023-07-08
inv_105404,sub_53271,664.23,2024-09-01
inv_105405,sub_50812,863.39,2024-10-20
inv_105406,sub_51805,117.69,2023-08-19
inv_105408,sub_53754,1462.51,2023-12-13
inv_105409,sub_53892,1072.38,2023-08-24
inv_105410,sub_51390,737.19,2024-11-25
inv_105411,sub_51557,1255.39,2023-02-18
inv_105412,sub_51532,1146.13,2023-01-03
inv_105413,sub_52192,1212.76,2024-12-20
inv_105414,sub_51063,89.55,2024-06-16
inv_105415,sub_51260,471.61,2023-12-25
inv_105416,sub_50361,76.33,2024-03-02
inv_105417,sub_52814,840.09,2024-11-14
inv_105418,sub_52206,1437.06,2024-07-16
inv_105419,sub_53229,563.63,2023-06-11
inv_105420,sub_52627,914.44,2023-01-23
inv_105421,sub_51698,541.85,2023-02-14
inv_105422,sub_50364,515.06,2024-10-14
inv_105423,sub_52481,513.51,2024-09-11
inv_105424,sub_50678,950.31,2024-06-20
inv_105425,sub_51779,664.58,2023-03-02
inv_105426,sub_52449,528.61,2024-01-20
inv_105427,sub_50706,540.6,2024-06-12
inv_105428,sub_50873,989.09,2024-08-07
inv_105429,sub_53149,933.96,2024-01-09
inv_105430,sub_51634,638.8,2024-02-28
inv_105431,sub_50882,731.57,2023-10-16
inv_105432,sub_50948,1441.6,2023-02-18
inv_105433,sub_52960,495.24,2024-11-12
inv_105434,sub_52048,71.2,2023-07-16
inv_105435,sub_51830,632.17,2024-01-12
inv_105436,sub_52613,1400.05,2024-05-09
inv_105437,sub_52095,365.95,2023-11-09
inv_105439,sub_50813,792.07,2023-08-03
inv_105440,sub_51148,1125.7,2024-12-30
inv_105441,sub_52152,340.5,2023-08-17
inv_105442,sub_51812,176.64,2023-12-09
inv_105443,sub_53227,1040.95,2023-10-21
inv_105444,sub_52836,546.27,2023-10-29
inv_105445,sub_52973,374.88,2023-03-16
inv_105446,sub_53173,1385.65,2023-08-11
inv_105447,sub_51999,1159.47,2023-10-13
inv_105448,sub_50760,1395.46,2023-03-03
inv_105449,sub_50518,1006.82,2024-10-25
inv_105450,sub_53187,823.1,2024-06-08
inv_105451,sub_50328,1300.51,2023-02-09
inv_105452,sub_52100,1033.66,2024-10-11
inv_105453,sub_53087,1183.93,2023-08-31
inv_105454,sub_53527,1245.35,2023-09-06
inv_105455,sub_50718,1074.97,2024-10-02
inv_105456,sub_50374,1159.33,2024-12-21
inv_105457,sub_50781,228.55,2023-09-08
inv_105458,sub_52668,157.41,2023-03-12
inv_105459,sub_53393,53.86,2024-04-23
inv_105460,sub_51485,296.21,2024-05-08
inv_105461,sub_52292,933.64,2024-02-11
inv_105462,sub_50605,802.92,2023-10-17
inv_105463,sub_53968,729.45,2024-11-28
inv_105464,sub_50500,1053.77,2023-12-13
inv_105465,sub_53798,798.51,2024-02-13
inv_105466,sub_52273,539.2,2023-09-15
inv_105467,sub_50638,1330.56,2024-05-11
inv_105468,sub_52861,1493.55,2023-06-13
inv_105470,sub_52096,252.4,2023-08-04
inv_105471,sub_52575,493.47,2023-03-26
inv_105472,sub_50701,1305.92,2024-08-02
inv_105473,sub_53291,1258.5,2023-06-16
inv_105474,sub_52819,1155.01,2023-05-05
inv_105475,sub_53476,32.6,2024-05-31
inv_105476,sub_51179,624.09,2024-12-19
inv_105477,sub_52473,957.02,2024-01-25
inv_105478,sub_52899,170.38,2024-03-28
inv_105479,sub_52913,150.97,2023-06-16
inv_105480,sub_50885,1444.91,2024-05-22
inv_105481,sub_50856,830.1,2023-05-14
inv_105482,sub_52682,717.6,2024-12-24
inv_105483,sub_52305,717.54,2023-10-08
inv_105484,sub_50342,383.57,2024-10-29
inv_105485,sub_52716,669.68,2023-03-20
inv_105486,sub_52580,1264.47,2024-05-25
inv_105487,sub_53744,751.68,2024-01-21
inv_105488,sub_51822,502.55,2023-04-21
inv_105489,sub_51248,867.34,2023-02-07
inv_105490,sub_51163,1018.94,2023-11-18
inv_105491,sub_52235,451.49,2024-11-09
inv_105492,sub_50547,188.05,2023-06-11
inv_105493,sub_52532,1244.23,2023-10-11
inv_105494,sub_50840,1445.85,2023-10-01
inv_105495,sub_50105,107.79,2023-06-13
inv_105496,sub_52890,149.79,2024-12-12
inv_105497,sub_52039,432.05,2024-06-30
inv_105498,sub_52149,1441.58,2024-08-31
inv_105499,sub_50086,1217.69,2024-01-31
inv_105501,sub_53163,1116.61,2023-10-24
inv_105502,sub_53381,983.13,2024-03-04
inv_105503,sub_51459,112.35,2024-02-01
inv_105504,sub_51005,833.09,2024-11-15
inv_105505,sub_52945,533.29,2024-04-28
inv_105506,sub_51020,121.58,2024-10-05
inv_105507,sub_51683,1146.64,2024-06-30
inv_105508,sub_53129,459.2,2024-12-07
inv_105509,sub_50066,835.86,2023-10-05
inv_105510,sub_52801,1470.95,2023-02-08
inv_105511,sub_52072,1321.04,2023-05-19
inv_105512,sub_52729,342.51,2024-04-02
inv_105513,sub_52921,821.87,2023-09-03
inv_105514,sub_52062,556.96,2023-06-21
inv_105515,sub_53200,1302.95,2023-07-28
inv_105516,sub_52844,557.16,2023-07-22
inv_105517,sub_50658,530.04,2023-12-17
inv_105518,sub_52222,1172.68,2024-08-02
inv_105519,sub_52365,335.67,2024-11-24
inv_105520,sub_50482,670.32,2023-08-04
inv_105521,sub_53806,1214.64,2024-08-30
inv_105522,sub_50016,130.87,2024-10-01
inv_105523,sub_53049,129.18,2023-11-06
inv_105524,sub_53360,664.03,2024-11-24
inv_105525,sub_53574,36.37,2024-11-27
inv_105526,sub_50937,632.45,2023-04-04
inv_105527,sub_51491,523.71,2023-05-31
inv_105528,sub_53193,654.45,2023-06-11
inv_105529,sub_51783,746.92,2024-10-03
inv_105530,sub_52778,120.11,2023-03-30
inv_105532,sub_50995,384.46,2024-11-11
inv_105533,sub_50193,423.67,2023-09-14
inv_105534,sub_51878,428.01,2023-12-02
inv_105535,sub_52539,150.21,2023-08-08
inv_105536,sub_50380,638.63,2023-07-18
inv_105537,sub_52082,1277.55,2023-07-02
inv_105538,sub_53494,831.87,2024-07-08
inv_105539,sub_51667,1443.52,2023-10-15
inv_105540,sub_53331,887.68,2023-01-01
inv_105541,sub_52392,249.9,2024-07-18
inv_105542,sub_52459,784.25,2023-09-25
inv_105543,sub_51450,749.55,2023-11-11
inv_105544,sub_53148,867.6,2024-07-25
inv_105545,sub_52558,415.6,2023-09-04
inv_105546,sub_52248,1191.9,2023-03-03
inv_105547,sub_52713,1158.81,2024-01-01
inv_105548,sub_51247,406.34,2023-01-20
inv_105549,sub_52215,637.59,2024-09-02
inv_105550,sub_50370,1350.14,2024-05-10
inv_105551,sub_53216,1218.4,2023-12-24
inv_105552,sub_51503,1201.57,2023-11-21
inv_105553,sub_51550,1137.07,2024-05-01
inv_105554,sub_52481,394.47,2023-02-01
inv_105555,sub_53642,416.11,2023-01-25
inv_105556,sub_52395,34.65,2024-09-25
inv_105557,sub_51517,870.55,2024-10-22
inv_105558,sub_51190,392.17,2023-03-05
inv_105559,sub_51473,659.35,2024-01-09
inv_105560,sub_52786,534.64,2023-03-13
inv_105561,sub_52522,750.02,2023-04-25
inv_105563,sub_53665,1151.89,2023-08-22
inv_105564,sub_53987,1111.38,2023-07-18
inv_105565,sub_52743,49.84,2024-05-18
inv_105566,sub_52182,1302.34,2024-01-09
inv_105567,sub_52865,226.53,2024-03-31
inv_105568,sub_52697,824.17,2024-05-11
inv_105569,sub_53193,89.42,2023-05-09
inv_105570,sub_51552,972.09,2024-06-27
inv_105571,sub_52668,543.7,2023-02-28
inv_105572,sub_53677,210.8,2024-04-27
inv_105573,sub_53767,213.28,2023-10-02
inv_105574,sub_52086,1049.97,2023-03-05
inv_105575,sub_52875,229.99,2024-11-11
inv_105576,sub_50636,176.51,2023-03-17
inv_105577,sub_53832,908.84,2024-07-25
inv_105578,sub_52425,251.97,2023-11-03
inv_105579,sub_53819,60.65,2024-05-02
inv_105580,sub_52017,818.65,2023-12-01
inv_105581,sub_52756,333.63,2024-02-04
inv_105582,sub_52629,368.4,2024-03-05
inv_105583,sub_51265,483.38,2024-11-12
inv_105584,sub_53312,941.58,2023-10-04
inv_105585,sub_53695,940.17,2024-03-13
inv_105586,sub_51942,185.24,2024-02-17
inv_105587,sub_50076,804.81,2023-01-22
inv_105588,sub_51660,1198.53,2024-04-29
inv_105589,sub_53337,1131.39,2023-11-05
inv_105590,sub_52705,1361.86,2023-05-11
inv_105591,sub_52835,1067.65,2023-08-13
inv_105592,sub_53131,204.92,2024-12-18
inv_105594,sub_52319,90.17,2023-07-13
inv_105595,sub_53099,1486.35,2024-04-07
inv_105596,sub_53851,1156.96,2023-12-29
inv_105597,sub_53746,25.67,2023-09-22
inv_105598,sub_52827,912.92,2024-02-27
inv_105599,sub_52240,449.08,2024-03-15
inv_105600,sub_50210,392.73,2024-06-28
inv_105601,sub_52705,931.87,2024-09-21
inv_105602,sub_53847,955.92,2024-04-19
inv_105603,sub_51465,367.3,2024-02-25
inv_105604,sub_51413,858.51,2024-09-22
inv_105605,sub_52977,616.61,2024-12-10
inv_105606,sub_50994,260.79,2023-11-02
inv_105607,sub_53251,856.82,2023-03-12
inv_105608,sub_53692,692.97,2024-08-15
inv_105609,sub_50858,577.75,2023-12-11
inv_105610,sub_53144,1163.65,2024-04-21
inv_105611,sub_50175,458.33,2024-06-19
inv_105612,sub_50221,623.03,2024-08-23
inv_105613,sub_53356,223.94,2024-06-04
inv_105614,sub_50684,377.51,2023-07-10
inv_105615,sub_53307,1314.22,2024-03-19
inv_105616,sub_53162,1272.92,2024-02-17
inv_105617,sub_50644,136.67,2023-07-08
inv_105618,sub_52536,1182.6,2024-10-07
inv_105619,sub_52305,1372.04,2023-09-27
inv_105620,sub_53861,501.88,2024-05-01
inv_105621,sub_53066,1395.92,2024-07-24
inv_105622,sub_51073,999.02,2024-08-31
inv_105623,sub_53278,1307.62,2023-05-18
inv_105625,sub_51486,918.26,2024-05-07
inv_105626,sub_53725,642.02,2023-05-11
inv_105627,sub_50396,462.69,2023-03-04
inv_105628,sub_50021,1182.18,2024-05-30
inv_105629,sub_53015,1290.48,2023-02-16
inv_105630,sub_51573,949.87,2024-10-11
inv_105631,sub_52125,630.31,2023-06-19
inv_105632,sub_52829,1336.11,2024-06-03
inv_105633,sub_53611,179.2,2024-04-01
inv_105634,sub_51892,528.83,2023-11-13
inv_105635,sub_50884,57.61,2024-10-03
inv_105636,sub_52132,792.85,2023-10-06
inv_105637,sub_50457,426.82,2023-04-17
inv_105638,sub_50939,650.39,2024-09-10
inv_105639,sub_52350,769.76,2024-04-06
inv_105640,sub_52419,62.32,2023-09-21
inv_105641,sub_51483,1082.9,2024-03-12
inv_105642,sub_51193,1227.03,2024-05-21
inv_105643,sub_53046,383.06,2024-12-18
inv_105644,sub_52821,1313.32,2023-04-01
inv_105645,sub_51658,744.5,2023-10-17
inv_105646,sub_52023,945.81,2023-11-10
inv_105647,sub_50666,754.98,2024-07-08
inv_105648,sub_51513,1075.6,2023-03-27
inv_105649,sub_51216,1190.3,2024-12-29
inv_105650,sub_50396,247.83,2023-10-26
inv_105651,sub_53556,455.75,2024-02-09
inv_105652,sub_51454,765.55,2024-06-02
inv_105653,sub_53271,657.54,2023-06-08
inv_105654,sub_50450,599.18,2024-12-30
inv_105656,sub_53824,1496.77,2024-11-21
inv_105657,sub_51577,1248.57,2023-06-02
inv_105658,sub_53648,540.62,2023-04-16
inv_105659,sub_51364,1373.19,2024-11-08
inv_105660,sub_53715,448.65,2023-07-20
inv_105661,sub_52377,723.17,2024-07-04
inv_105662,sub_53039,1059.48,2024-07-04
inv_105663,sub_52882,1066.66,2024-05-26
inv_105664,sub_51804,1282.46,2024-12-10
inv_105665,sub_50146,618.12,2023-03-16
inv_105666,sub_52746,761.29,2023-08-19
inv_105667,sub_51207,1230.25,2023-03-31
inv_105668,sub_52013,868.6,2023-07-01
inv_105669,sub_52330,628.03,2024-05-11
inv_105670,sub_51819,1083.29,2024-08-02
inv_105671,sub_50259,831.7,2024-06-20
inv_105672,sub_53907,456.38,2023-07-18
inv_105673,sub_53447,674.0,2024-01-29
inv_105674,sub_51553,1139.25,2024-04-17
inv_105675,sub_51911,234.74,2024-06-05
inv_105676,sub_51599,449.75,2023-01-22
inv_105677,sub_52593,1168.51,2023-08-06
inv_105678,sub_53385,237.49,2023-08-30
inv_105679,sub_51263,935.19,2023-05-25
inv_105680,sub_53594,644.8,2024-06-01
inv_105681,sub_50433,1186.08,2023-05-28
inv_105682,sub_50647,398.97,2023-04-02
inv_105683,sub_50445,1437.16,2024-11-30
inv_105684,sub_52702,773.58,2023-08-13
inv_105685,sub_50582,450.87,2023-05-25
inv_105687,sub_53305,262.43,2023-11-10
inv_105688,sub_50129,803.66,2024-04-11
inv_105689,sub_51755,1013.87,2024-05-14
inv_105690,sub_51222,917.25,2024-03-09
inv_105691,sub_51404,902.63,2023-12-30
inv_105692,sub_52338,1124.28,2023-03-04
inv_105693,sub_50199,664.78,2024-09-10
inv_105694,sub_52146,1257.54,2023-12-11
inv_105695,sub_52295,1116.36,2024-03-24
inv_105696,sub_53319,197.8,2023-08-07
inv_105697,sub_52136,190.31,2023-04-13
inv_105698,sub_52168,452.52,2024-09-07
inv_105699,sub_52833,951.51,2023-07-21
inv_105700,sub_50928,654.4,2023-11-23
inv_105701,sub_53759,1105.39,2024-06-07
inv_105702,sub_50451,1454.26,2024-01-15
inv_105703,sub_51022,392.11,2023-05-01
inv_105704,sub_50857,66.29,2023-04-17
inv_105705,sub_51613,675.2,2023-12-05
inv_105706,sub_50186,1373.9,2023-08-19
inv_105707,sub_52595,866.09,2023-03-16
inv_105708,sub_52905,794.47,2023-07-12
inv_105709,sub_51782,497.32,2023-04-08
inv_105710,sub_53063,1426.34,2023-12-19
inv_105711,sub_52982,645.27,2023-08-01
inv_105712,sub_53540,1268.49,2024-06-25
inv_105713,sub_52044,93.69,2024-05-07
inv_105714,sub_52736,1176.75,2023-08-08
inv_105715,sub_50835,662.62,2023-06-10
inv_105716,sub_53874,260.74,2023-09-30
inv_105718,sub_51837,1042.48,2024-07-07
inv_105719,sub_53593,1132.37,2024-01-27
inv_105720,sub_51497,1137.69,2023-04-26
inv_105721,sub_52663,786.23,2023-12-17
inv_105722,sub_50174,1346.83,2023-09-11
inv_105723,sub_51518,418.03,2023-06-24
inv_105724,sub_51482,558.71,2024-02-16
inv_105725,sub_50722,1365.98,2024-12-21
inv_105726,sub_53438,267.18,2023-01-30
inv_105727,sub_52401,333.62,2024-01-09
inv_105728,sub_53870,142.71,2023-04-10
inv_105729,sub_53509,34.9,2024-06-26
inv_105730,sub_52599,964.35,2024-05-17
inv_105731,sub_50665,561.06,2023-06-27
inv_105732,sub_52384,82.07,2024-04-23
inv_105733,sub_53815,415.72,2023-08-17
inv_105734,sub_53016,1095.94,2024-06-13
inv_105735,sub_52992,950.27,2024-09-01
inv_105736,sub_50513,1197.27,2023-11-21
inv_105737,sub_52647,586.2,2023-07-18
inv_105738,sub_50490,882.33,2024-08-19
inv_105739,sub_52527,246.37,2023-01-01
inv_105740,sub_50272,509.42,2023-02-24
inv_105741,sub_52604,1052.37,2023-03-26
inv_105742,sub_50557,1037.98,2023-12-14
inv_105743,sub_50091,621.53,2024-07-11
inv_105744,sub_51162,1120.8,2024-07-28
inv_105745,sub_53654,254.02,2024-12-31
inv_105746,sub_53250,977.66,2024-11-11
inv_105747,sub_53930,167.65,2024-08-18
inv_105749,sub_52429,1487.04,2024-12-30
inv_105750,sub_52993,967.72,2023-06-09
inv_105751,sub_51666,636.36,2024-08-11
inv_105752,sub_52806,981.11,2024-08-16
inv_105753,sub_53393,763.24,2023-06-22
inv_105754,sub_53555,632.41,2023-01-11
inv_105755,sub_51356,988.32,2024-09-15
inv_105756,sub_50558,781.0,2024-02-24
inv_105757,sub_51351,483.24,2023-02-15
inv_105758,sub_53591,1320.01,2024-11-04
inv_105759,sub_53993,1388.19,2023-08-31
inv_105760,sub_53260,430.2,2024-06-21
inv_105761,sub_50591,728.74,2023-04-27
inv_105762,sub_52075,481.41,2024-10-05
inv_105763,sub_52025,101.49,2024-05-21
inv_105764,sub_53538,996.04,2024-04-01
inv_105765,sub_50619,1243.6,2024-05-12
inv_105766,sub_51266,985.63,2023-02-27
inv_105767,sub_53486,131.05,2024-11-18
inv_105768,sub_53979,121.18,2023-03-06
inv_105769,sub_50039,1291.62,2023-01-19
inv_105770,sub_52779,661.22,2023-12-18
inv_105771,sub_52194,892.75,2024-06-21
inv_105772,sub_52094,1100.37,2023-10-13
inv_105773,sub_53780,26.12,2024-01-28
inv_105774,sub_52347,1258.36,2023-10-08
inv_105775,sub_50637,1088.51,2023-03-18
inv_105776,sub_52186,1334.18,2023-08-19
inv_105777,sub_51040,114.47,2023-01-12
inv_105778,sub_51327,1367.64,2024-05-16
inv_105780,sub_50701,343.32,2024-02-25
inv_105781,sub_50759,1496.47,2024-11-17
inv_105782,sub_51207,553.9,2024-04-05
inv_105783,sub_53477,1128.46,2024-03-20
inv_105784,sub_50278,45.51,2024-10-26
inv_105785,sub_51345,1293.82,2024-11-20
inv_105786,sub_52120,749.66,2024-06-16
inv_105787,sub_50233,1320.07,2023-01-03
inv_105788,sub_52299,795.94,2023-08-04
inv_105789,sub_52419,1253.23,2024-10-01
inv_105790,sub_50795,1373.86,2024-12-25
inv_105791,sub_53749,997.56,2023-10-28
inv_105792,sub_52826,727.47,2023-07-10
inv_105793,sub_52457,1464.77,2024-08-13
inv_105794,sub_52535,243.48,2023-07-25
inv_105795,sub_53645,1169.36,2023-07-23
inv_105796,sub_51577,1333.56,2023-08-30
inv_105797,sub_52130,1265.67,2023-03-31
inv_105798,sub_53350,77.54,2023-09-05
inv_105799,sub_50666,1467.92,2023-07-04
inv_105800,sub_51332,626.39,2023-10-30
inv_105801,sub_52118,1377.82,2023-07-29
inv_105802,sub_51636,805.56,2023-08-10
inv_105803,sub_51963,1400.59,2024-12-06
inv_105804,sub_51755,447.32,2024-02-06
inv_105805,sub_52683,129.42,2024-08-11
inv_105806,sub_51037,1171.15,2023-04-28
inv_105807,sub_50000,543.03,2023-04-12
inv_105808,sub_51914,1102.84,2024-10-24
inv_105809,sub_53608,1448.55,2023-12-04
inv_105811,sub_50452,508.6,2024-01-16
inv_105812,sub_52574,650.98,2024-06-21
inv_105813,sub_50617,249.61,2024-11-19
inv_105814,sub_52214,170.06,2024-05-11
inv_105815,sub_50899,303.01,2024-05-24
inv_105816,sub_50769,1089.88,2023-07-13
inv_105817,sub_52454,132.56,2023-07-01
inv_105818,sub_53068,1208.23,2023-11-06
inv_105819,sub_51565,1151.14,2024-05-01
inv_105820,sub_50486,1134.74,2023-05-01
inv_105821,sub_53360,174.27,2023-02-28
inv_105822,sub_53545,1458.01,2024-10-17
inv_105823,sub_53597,717.48,2024-12-05
inv_105824,sub_52027,891.22,2024-04-15
inv_105825,sub_50098,1459.31,2024-09-21
inv_105826,sub_51521,1129.43,2024-10-16
inv_105827,sub_53024,1052.38,2024-12-28
inv_105828,sub_51757,849.33,2023-01-23
inv_105829,sub_50542,1093.22,2024-06-28
inv_105830,sub_52403,739.56,2024-05-10
inv_105831,sub_52474,733.59,2024-10-15
inv_105832,sub_51651,715.88,2023-02-20
inv_105833,sub_52917,511.28,2024-05-21
inv_105834,sub_51319,1053.29,2024-10-15
inv_105835,sub_52487,568.38,2023-05-14
inv_105836,sub_52005,448.2,2023-01-04
inv_105837,sub_50792,591.15,2024-12-27
inv_105838,sub_51398,309.94,2023-07-06
inv_105839,sub_51213,320.5,2023-09-25
inv_105840,sub_51311,697.73,2023-04-08
inv_105842,sub_51930,981.39,2023-02-26
inv_105843,sub_53607,978.88,2023-09-06
inv_105844,sub_52352,1448.91,2023-09-15
inv_105845,sub_53680,1276.12,2023-07-22
inv_105846,sub_53953,282.18,2024-10-11
inv_105847,sub_51272,864.18,2023-06-05
inv_105848,sub_50841,1219.08,2024-04-02
inv_105849,sub_52347,1409.41,2024-06-28
inv_105850,sub_50659,168.74,2023-07-05
inv_105851,sub_51806,240.59,2023-07-29
inv_105852,sub_52340,392.64,2023-11-03
inv_105853,sub_51567,1142.28,2024-04-04
inv_105854,sub_51665,85.72,2024-07-19
inv_105855,sub_53648,20.67,2023-11-08
inv_105856,sub_50808,1444.56,2023-01-21
inv_105857,sub_53975,603.52,2024-02-17
inv_105858,sub_53954,1172.55,2024-06-04
inv_105859,sub_53678,117.07,2024-04-11
inv_105860,sub_52223,113.26,2023-01-22
inv_105861,sub_53262,325.12,2023-04-06
inv_105862,sub_51052,1454.94,2023-03-21
inv_105863,sub_52055,966.97,2023-03-31
inv_105864,sub_51745,821.39,2024-05-06
inv_105865,sub_53906,1032.26,2024-01-24
inv_105866,sub_52010,149.61,2023-08-23
inv_105867,sub_50513,1313.67,2023-12-30
inv_105868,sub_53702,1365.12,2024-02-15
inv_105869,sub_50682,1197.68,2023-05-30
inv_105870,sub_52840,798.02,2023-05-17
inv_105871,sub_50982,999.06,2023-03-07
inv_105873,sub_50007,344.36,2024-10-20
inv_105874,sub_53465,1040.95,2023-10-25
inv_105875,sub_52442,261.15,2023-11-20
inv_105876,sub_52268,339.92,2024-08-13
inv_105877,sub_50500,791.06,2024-05-11
inv_105878,sub_50955,1325.89,2023-02-18
inv_105879,sub_53835,910.05,2024-07-29
inv_105880,sub_53668,63.53,2024-11-03
inv_105881,sub_51896,139.44,2023-09-14
inv_105882,sub_52175,808.45,2024-11-04
inv_105883,sub_51257,1125.05,2024-02-28
inv_105884,sub_51731,52.25,2023-03-31
inv_105885,sub_53305,1215.68,2023-10-05
inv_105886,sub_52891,64.76,2024-02-20
inv_105887,sub_52059,711.02,2023-01-27
inv_105888,sub_52513,397.15,2023-11-12
inv_105889,sub_50654,324.99,2023-01-06
inv_105890,sub_51559,1364.26,2023-09-21
inv_105891,sub_53444,1308.32,2024-11-11
inv_105892,sub_51694,344.37,2024-08-03
inv_105893,sub_51539,39.9,2024-12-02
inv_105894,sub_52536,1359.84,2024-08-14
inv_105895,sub_51400,251.13,2024-10-25
inv_105896,sub_51481,1343.27,2023-07-06
inv_105897,sub_50306,481.7,2023-06-18
inv_105898,sub_53049,1378.79,2024-06-04
inv_105899,sub_51501,200.85,2023-06-08
inv_105900,sub_51290,921.61,2023-02-13
inv_105901,sub_52996,729.65,2023-04-30
inv_105902,sub_50185,902.07,2024-05-25
inv_105904,sub_50328,751.35,2024-01-28
inv_105905,sub_50601,1310.95,2023-02-24
inv_105906,sub_51389,335.88,2024-12-12
inv_105907,sub_53309,1123.14,2023-11-06
inv_105908,sub_50788,774.28,2023-02-22
inv_105909,sub_51190,618.48,2023-01-10
inv_105910,sub_51956,531.28,2024-05-25
inv_105911,sub_50411,898.05,2024-12-26
inv_105912,sub_52220,638.22,2024-04-02
inv_105913,sub_53910,1335.97,2024-03-01
inv_105914,sub_52897,684.4,2023-10-13
inv_105915,sub_50953,924.57,2023-04-11
inv_105916,sub_53361,1409.55,2023-05-18
inv_105917,sub_53324,452.14,2024-12-16
inv_105918,sub_52934,1233.95,2024-05-24
inv_105919,sub_53224,616.01,2023-11-30
inv_105920,sub_52077,140.01,2024-04-21
inv_105921,sub_52373,865.51,2024-05-27
inv_105922,sub_52369,938.07,2023-09-22
inv_105923,sub_51408,950.85,2024-06-16
inv_105924,sub_53268,693.26,2024-09-19
inv_105925,sub_53147,244.36,2023-12-05
inv_105926,sub_50914,1284.82,2023-04-03
inv_105927,sub_51272,132.15,2023-03-06
inv_105928,sub_53969,224.89,2023-10-14
inv_105929,sub_51835,850.52,2024-04-04
inv_105930,sub_53298,413.4,2024-01-04
inv_105931,sub_52151,595.43,2024-03-26
inv_105932,sub_50566,945.99,2024-05-04
inv_105933,sub_52161,124.18,2023-10-21
inv_105935,sub_50375,529.76,2024-06-10
inv_105936,sub_53489,424.83,2024-01-24
inv_105937,sub_53812,1405.65,2023-11-29
inv_105938,sub_53197,1055.97,2024-10-09
inv_105939,sub_52067,722.59,2024-03-07
inv_105940,sub_53002,851.9,2024-06-15
inv_105941,sub_52948,1195.12,2024-06-07
inv_105942,sub_53501,938.38,2023-08-16
inv_105943,sub_52575,535.28,2023-12-11
inv_105944,sub_53516,742.35,2024-10-27
inv_105945,sub_51286,1406.22,2023-08-28
inv_105946,sub_50803,913.97,2023-01-10
inv_105947,sub_52411,298.68,2024-04-11
inv_105948,sub_51710,56.19,2024-07-07
inv_105949,sub_53506,1132.51,2024-03-19
inv_105950,sub_53990,833.16,2023-07-01
inv_105951,sub_52523,1219.38,2023-01-27
inv_105952,sub_53781,303.92,2024-12-01
inv_105953,sub_52883,1211.44,2024-07-18
inv_105954,sub_52671,1489.5,2024-11-12
inv_105955,sub_53972,967.11,2023-11-03
inv_105956,sub_51661,1005.49,2024-09-25
inv_105957,sub_50420,624.18,2024-04-02
inv_105958,sub_50927,1020.88,2024-07-20
inv_105959,sub_50827,1031.23,2023-06-13
inv_105960,sub_52647,44.31,2024-09-27
inv_105961,sub_51661,1375.98,2024-05-13
inv_105962,sub_50261,1383.58,2023-12-28
inv_105963,sub_50537,676.7,2023-08-22
inv_105964,sub_50535,1007.06,2023-04-18
inv_105966,sub_50321,1039.9,2023-09-09
inv_105967,sub_51775,315.23,2024-06-11
inv_105968,sub_53896,1060.13,2023-10-21
inv_105969,sub_51331,1184.54,2024-05-10
inv_105970,sub_50211,1298.04,2024-12-22
inv_105971,sub_51725,249.43,2023-09-27
inv_105972,sub_53605,1035.55,2023-09-09
inv_105973,sub_52808,1393.42,2024-02-15
inv_105974,sub_52864,1443.4,2023-08-30
inv_105975,sub_53823,339.65,2023-09-06
inv_105976,sub_52454,41.84,2023-06-11
inv_105977,sub_52446,1167.18,2024-01-12
inv_105978,sub_52767,155.28,2024-03-17
inv_105979,sub_50754,1470.32,2023-08-20
inv_105980,sub_52460,359.66,2023-06-14
inv_105981,sub_50448,1211.0,2024-08-04
inv_105982,sub_51431,794.68,2023-11-23
inv_105983,sub_52683,604.22,2024-08-05
inv_105984,sub_53129,42.84,2023-08-15
inv_105985,sub_52616,325.27,2023-10-22
inv_105986,sub_52095,247.66,2023-09-21
inv_105987,sub_51366,1207.98,2023-06-30
inv_105988,sub_51123,1318.51,2023-01-27
inv_105989,sub_51389,1487.28,2023-08-08
inv_105990,sub_52868,551.4,2023-08-07
inv_105991,sub_52947,997.2,2024-08-05
inv_105992,sub_51329,210.71,2023-01-29
inv_105993,sub_51902,941.37,2023-03-07
inv_105994,sub_53847,494.42,2024-12-04
inv_105995,sub_51904,90.17,2024-08-10
inv_105997,sub_53981,804.69,2024-04-10
inv_105998,sub_53807,735.59,2024-01-11
inv_105999,sub_52273,417.29,2024-03-01
inv_106000,sub_52594,718.88,2024-12-10
inv_106001,sub_53598,1178.67,2024-04-24
inv_106002,sub_51661,1305.14,2023-04-25
inv_106003,sub_52127,851.27,2024-02-21
inv_106004,sub_52744,1277.85,2024-07-23
inv_106005,sub_50722,1023.74,2024-02-21
inv_106006,sub_51358,127.09,2023-01-04
inv_106007,sub_53705,984.33,2024-06-04
inv_106008,sub_52433,1148.2,2023-12-24
inv_106009,sub_50240,876.77,2024-10-11
inv_106010,sub_53745,345.19,2024-04-21
inv_106011,sub_53355,1333.85,2023-04-18
inv_106012,sub_50437,1375.57,2023-10-15
inv_106013,sub_51832,1339.5,2024-04-18
inv_106014,sub_51686,966.44,2024-06-12
inv_106015,sub_53405,451.46,2023-09-23
inv_106016,sub_53319,1011.72,2023-06-29
inv_106017,sub_52023,712.89,2023-05-19
inv_106018,sub_52904,296.42,2023-09-21
inv_106019,sub_51104,481.77,2024-11-30
inv_106020,sub_50836,817.87,2023-11-09
inv_106021,sub_52011,519.6,2024-10-11
inv_106022,sub_50361,1409.04,2023-07-01
inv_106023,sub_51455,471.99,2024-10-15
inv_106024,sub_50423,1448.28,2023-05-30
inv_106025,sub_52379,1145.26,2023-08-01
inv_106026,sub_50538,813.88,2024-07-31
inv_106028,sub_51274,889.49,2024-12-07
inv_106029,sub_50724,914.68,2023-10-10
inv_106030,sub_51970,170.12,2024-02-09
inv_106031,sub_53856,26.85,2023-10-21
inv_106032,sub_50510,689.29,2024-06-17
inv_106033,sub_53048,449.78,2023-12-08
inv_106034,sub_50269,683.67,2023-01-31
inv_106035,sub_50078,637.78,2024-02-03
inv_106036,sub_52846,252.81,2024-06-09
inv_106037,sub_51403,532.39,2024-06-06
inv_106038,sub_53087,475.69,2023-03-06
inv_106039,sub_53265,33.07,2024-03-16
inv_106040,sub_52026,267.65,2023-06-11
inv_106041,sub_53299,1288.77,2023-05-15
inv_106042,sub_50376,1398.88,2024-03-19
inv_106043,sub_51396,448.59,2024-04-23
inv_106044,sub_52103,620.55,2023-10-06
inv_106045,sub_52562,617.48,2024-07-08
inv_106046,sub_50345,976.12,2023-12-28
inv_106047,sub_52519,1382.99,2024-02-12
inv_106048,sub_53422,851.08,2024-09-21
inv_106049,sub_50643,692.28,2024-01-15
inv_106050,sub_51574,272.18,2023-11-24
inv_106051,sub_51221,709.26,2024-04-07
inv_106052,sub_53109,1348.14,2024-12-02
inv_106053,sub_51491,855.56,2024-12-18
inv_106054,sub_52055,366.05,2023-05-13
inv_106055,sub_53425,493.74,2024-06-29
inv_106056,sub_52415,35.18,2024-03-06
inv_106057,sub_52749,1216.8,2023-12-07
inv_106059,sub_51353,785.88,2024-10-29
inv_106060,sub_50353,1403.43,2023-09-20
inv_106061,sub_50844,84.1,2024-03-23
inv_106062,sub_51581,859.36,2023-11-08
inv_106063,sub_50383,740.12,2024-12-22
inv_106064,sub_50584,705.62,2024-05-17
inv_106065,sub_52372,1038.04,2023-12-30
inv_106066,sub_53572,172.8,2024-07-19
inv_106067,sub_53749,1356.37,2024-12-04
inv_106068,sub_51691,1064.33,2024-04-20
inv_106069,sub_52275,639.65,2023-07-01
inv_106070,sub_52402,156.28,2023-12-04
inv_106071,sub_53660,1299.67,2024-07-06
inv_106072,sub_53185,121.81,2024-05-21
inv_106073,sub_53828,468.07,2024-04-16
inv_106074,sub_51010,735.41,2023-10-18
inv_106075,sub_50654,1267.05,2023-12-27
inv_106076,sub_50293,321.79,2023-02-03
inv_106077,sub_50388,1190.58,2023-01-13
inv_106078,sub_53477,1120.83,2023-02-26
inv_106079,sub_50059,719.57,2023-04-27
inv_106080,sub_51708,343.97,2023-08-22
inv_106081,sub_50296,191.88,2023-12-23
inv_106082,sub_53130,1201.88,2024-04-13
inv_106083,sub_51878,1475.96,2023-03-06
inv_106084,sub_50298,1081.36,2023-08-23
inv_106085,sub_50921,1481.51,2023-05-16
inv_106086,sub_53733,105.44,2023-06-05
inv_106087,sub_52296,673.99,2023-08-24
inv_106088,sub_52343,591.29,2024-11-02
inv_106090,sub_50957,245.11,2024-02-25
inv_106091,sub_50581,46.8,2023-05-29
inv_106092,sub_51501,581.89,2023-05-11
inv_106093,sub_53871,1109.48,2024-02-12
inv_106094,sub_51364,138.6,2023-08-31
inv_106095,sub_53518,984.27,2024-05-12
inv_106096,sub_50578,777.65,2024-03-06
inv_106097,sub_52676,155.39,2024-08-07
inv_106098,sub_53065,1163.52,2024-01-30
inv_106099,sub_52293,645.16,2023-04-27
inv_106100,sub_52812,1368.84,2023-05-11
inv_106101,sub_52189,539.64,2024-01-16
inv_106102,sub_53219,1030.13,2023-03-01
inv_106103,sub_50658,856.23,2023-02-08
inv_106104,sub_51695,244.44,2024-10-07
inv_106105,sub_52063,920.09,2024-06-23
inv_106106,sub_50574,1170.39,2023-02-04
inv_106107,sub_53246,1480.33,2023-06-04
inv_106108,sub_51521,1073.91,2023-04-20
inv_106109,sub_51254,917.36,2023-09-29
inv_106110,sub_51674,327.63,2023-09-30
inv_106111,sub_52348,693.21,2023-08-24
inv_106112,sub_51344,379.39,2023-10-17
inv_106113,sub_52324,1482.98,2023-05-09
inv_106114,sub_51526,296.03,2024-10-29
inv_106115,sub_53835,524.7,2023-01-14
inv_106116,sub_52095,778.12,2024-05-15
inv_106117,sub_52804,995.27,2024-05-12
inv_106118,sub_52660,148.14,2024-04-19
inv_106119,sub_53789,602.92,2023-07-29
inv_106121,sub_50412,838.15,2024-10-29
inv_106122,sub_50265,564.83,2023-12-11
inv_106123,sub_52407,1374.99,2024-05-04
inv_106124,sub_50593,831.04,2023-04-02
inv_106125,sub_50739,863.82,2023-11-24
inv_106126,sub_53683,783.91,2023-12-07
inv_106127,sub_53267,1148.63,2023-08-03
inv_106128,sub_50081,53.5,2024-08-06
inv_106129,sub_52254,330.53,2023-07-13
inv_106130,sub_53598,1451.0,2024-02-08
inv_106131,sub_53343,61.39,2023-02-03
inv_106132,sub_51385,778.28,2023-11-02
inv_106133,sub_51505,1410.24,2023-03-20
inv_106134,sub_51672,65.96,2023-03-12
inv_106135,sub_50337,705.92,2024-12-24
inv_106136,sub_53310,1494.43,2023-10-12
inv_106137,sub_52497,1119.98,2024-06-20
inv_106138,sub_50717,305.02,2024-12-21
inv_106139,sub_52270,690.24,2023-04-07
inv_106140,sub_51434,917.96,2023-12-22
inv_106141,sub_51451,400.11,2023-04-26
inv_106142,sub_51985,527.84,2023-11-06
inv_106143,sub_52692,670.81,2023-03-18
inv_106144,sub_52369,1148.14,2024-06-23
inv_106145,sub_53296,832.71,2023-04-05
inv_106146,sub_50131,876.41,2024-12-28
inv_106147,sub_52460,38.23,2024-11-12
inv_106148,sub_51253,317.02,2024-05-25
inv_106149,sub_50247,1356.41,2023-03-16
inv_106150,sub_53387,925.78,2024-04-04
inv_106152,sub_52832,276.32,2023-04-10
inv_106153,sub_51869,445.94,2024-05-07
inv_106154,sub_52540,1273.98,2023-08-31
inv_106155,sub_53995,1063.83,2024-02-08
inv_106156,sub_51813,1218.1,2023-04-01
inv_106157,sub_50451,1024.41,2024-08-23
inv_106158,sub_52849,638.72,2024-02-22
inv_106159,sub_52890,1093.86,2024-03-16
inv_106160,sub_51541,723.37,2023-04-18
inv_106161,sub_51463,1480.47,2024-04-27
inv_106162,sub_50435,1453.78,2024-06-15
inv_106163,sub_51881,197.43,2023-05-26
inv_106164,sub_50186,199.23,2024-06-30
inv_106165,sub_53451,1204.45,2023-08-28
inv_106166,sub_51988,518.01,2024-05-16
inv_106167,sub_51339,465.35,2024-08-27
inv_106168,sub_51537,145.95,2024-11-23
inv_106169,sub_52310,90.79,2023-06-22
inv_106170,sub_52026,1397.68,2023-09-09
inv_106171,sub_51222,1063.56,2024-04-28
inv_106172,sub_53933,1366.03,2024-06-17
inv_106173,sub_52832,805.52,2023-04-28
inv_106174,sub_52227,774.64,2023-03-31
inv_106175,sub_50768,1422.7,2023-08-15
inv_106176,sub_51724,1337.86,2023-06-15
inv_106177,sub_50318,336.5,2024-09-24
inv_106178,sub_51612,1498.14,2023-07-27
inv_106179,sub_53638,168.84,2024-05-17
inv_106180,sub_51960,1183.24,2023-11-19
inv_106181,sub_51403,533.2,2024-03-07
inv_106183,sub_51050,731.71,2024-08-08
inv_106184,sub_52761,1392.55,2023-09-14
inv_106185,sub_50203,1060.09,2023-07-30
inv_106186,sub_50998,638.26,2024-04-09
inv_106187,sub_50165,270.32,2023-04-15
inv_106188,sub_52864,319.07,2024-05-26
inv_106189,sub_51619,120.93,2023-08-18
inv_106190,sub_51317,289.89,2024-10-03
inv_106191,sub_53680,337.84,2024-09-07
inv_106192,sub_50043,750.89,2023-06-26
inv_106193,sub_53510,895.17,2023-01-01
inv_106194,sub_50479,1396.59,2023-09-13
inv_106195,sub_53139,1003.15,2024-06-10
inv_106196,sub_52324,470.77,2023-01-24
inv_106197,sub_50975,723.7,2024-02-15
inv_106198,sub_50271,28.31,2024-07-13
inv_106199,sub_50202,190.66,2024-12-13
inv_106200,sub_51739,233.45,2024-02-23
inv_106201,sub_53650,38.52,2024-07-20
inv_106202,sub_50349,1058.7,2023-12-13
inv_106203,sub_52820,1061.12,2024-08-26
inv_106204,sub_53873,1116.19,2024-01-11
inv_106205,sub_50442,785.04,2024-03-23
inv_106206,sub_53236,686.47,2024-02-02
inv_106207,sub_51654,1327.32,2023-11-04
inv_106208,sub_52339,960.96,2023-04-24
inv_106209,sub_50880,420.92,2024-09-13
inv_106210,sub_52295,526.81,2024-09-30
inv_106211,sub_52190,1280.97,2024-04-14
inv_106212,sub_53278,1287.46,2023-08-15
inv_106214,sub_51724,1025.64,2024-07-16
inv_106215,sub_53344,343.8,2023-06-18
inv_106216,sub_52819,620.74,2024-07-18
inv_106217,sub_53085,615.0,2023-05-05
inv_106218,sub_52913,871.76,2023-10-15
inv_106219,sub_51576,194.14,2023-03-07
inv_106220,sub_50085,595.8,2023-12-16
inv_106221,sub_50039,978.52,2024-12-23
inv_106222,sub_52201,1331.84,2023-12-24
inv_106223,sub_52904,697.99,2024-11-24
inv_106224,sub_51623,923.48,2024-04-17
inv_106225,sub_53669,1457.56,2023-10-21
inv_106226,sub_51357,641.18,2024-11-20
inv_106227,sub_52067,1487.18,2024-08-23
inv_106228,sub_52311,630.41,2023-01-03
inv_106229,sub_51018,1180.33,2024-10-30
inv_106230,sub_50841,533.81,2023-07-26
inv_106231,sub_53846,1132.3,2024-07-18
inv_106232,sub_50891,677.41,2024-10-01
inv_106233,sub_52993,572.22,2023-08-25
inv_106234,sub_50790,648.75,2024-12-22
inv_106235,sub_52484,689.88,2023-04-06
inv_106236,sub_51830,1262.73,2024-01-14
inv_106237,sub_50016,1335.32,2023-08-16
inv_106238,sub_53521,519.55,2024-12-11
inv_106239,sub_50337,748.52,2024-04-14
inv_106240,sub_50605,1485.16,2024-01-22
inv_106241,sub_53992,929.5,2024-02-06
inv_106242,sub_53537,437.1,2024-01-26
inv_106243,sub_50739,286.07,2023-03-05
inv_106245,sub_51451,918.49,2024-05-29
inv_106246,sub_52724,1410.14,2023-02-05
inv_106247,sub_52627,1233.7,2024-05-19
inv_106248,sub_51503,1168.37,2023-08-15
inv_106249,sub_53025,1267.58,2024-12-30
inv_106250,sub_50952,952.39,2024-09-26
inv_106251,sub_50851,1451.59,2023-03-20
inv_106252,sub_50385,57.38,2024-01-28
inv_106253,sub_53309,1055.42,2023-07-23
inv_106254,sub_53912,1423.72,2024-05-10
inv_106255,sub_52467,992.86,2024-12-03
inv_106256,sub_52183,1183.02,2023-12-23
inv_106257,sub_53677,1317.8,2023-05-28
inv_106258,sub_50736,257.39,2024-09-11
inv_106259,sub_52317,118.91,2023-04-27
inv_106260,sub_53963,1288.9,2024-07-01
inv_106261,sub_52808,417.9,2023-02-22
inv_106262,sub_53772,26.78,2023-05-18
inv_106263,sub_53344,553.16,2023-02-02
inv_106264,sub_52023,415.16,2023-07-16
inv_106265,sub_53051,442.75,2023-10-06
inv_106266,sub_53360,812.73,2023-05-08
inv_106267,sub_52064,620.82,2024-06-23
inv_106268,sub_53809,400.01,2024-01-02
inv_106269,sub_51628,1427.7,2024-03-31
inv_106270,sub_52899,881.03,2024-08-25
inv_106271,sub_51888,1130.54,2023-08-30
inv_106272,sub_52206,838.47,2023-12-30
inv_106273,sub_50688,836.4,2023-12-18
inv_106274,sub_53582,28.66,2024-02-22
inv_106276,sub_51294,187.68,2024-09-30
inv_106277,sub_50078,1487.29,2024-11-19
inv_106278,sub_52840,448.5,2023-06-23
inv_106279,sub_50898,1289.51,2023-08-13
inv_106280,sub_52121,807.86,2024-04-05
inv_106281,sub_51833,645.29,2024-08-11
inv_106282,sub_50958,892.44,2024-09-28
inv_106283,sub_52113,104.09,2024-06-15
inv_106284,sub_50548,118.18,2023-06-01
inv_106285,sub_51489,1411.96,2023-03-18
inv_106286,sub_53550,1253.85,2023-01-06
inv_106287,sub_52333,1476.51,2023-05-05
inv_106288,sub_51483,873.69,2023-08-11
inv_106289,sub_50271,1432.96,2023-10-25
inv_106290,sub_52471,965.43,2024-04-19
inv_106291,sub_52210,108.53,2024-01-02
inv_106292,sub_50099,714.79,2023-02-23
inv_106293,sub_53328,1194.41,2023-02-01
inv_106294,sub_52171,956.1,2024-12-25
inv_106295,sub_51055,1127.11,2023-12-01
inv_106296,sub_52024,292.48,2023-05-28
inv_106297,sub_53845,159.21,2024-09-26
inv_106298,sub_51724,1345.76,2023-07-19
inv_106299,sub_53888,845.07,2023-04-12
inv_106300,sub_52751,35.5,2023-06-22
inv_106301,sub_50497,55.9,2023-12-20
inv_106302,sub_50362,792.33,2024-06-14
inv_106303,sub_50661,1184.23,2023-08-22
inv_106304,sub_51951,911.65,2024-07-19
inv_106305,sub_53326,561.88,2023-09-25
inv_106307,sub_51112,286.04,2024-05-08
inv_106308,sub_53831,255.27,2024-10-09
inv_106309,sub_51842,967.36,2024-06-03
inv_106310,sub_53443,251.18,2023-12-17
inv_106311,sub_53490,85.57,2024-04-18
inv_106312,sub_51357,1399.42,2023-06-21
inv_106313,sub_50040,1007.54,2024-12-20
inv_106314,sub_53985,1430.57,2023-03-22
inv_106315,sub_51282,1230.03,2024-09-08
inv_106316,sub_50909,958.12,2023-08-01
inv_106317,sub_51096,91.92,2024-11-04
inv_106318,sub_53469,312.39,2023-08-27
inv_106319,sub_53493,549.02,2023-10-17
inv_106320,sub_52649,630.63,2023-08-02
inv_106321,sub_53296,1407.09,2024-01-14
inv_106322,sub_50653,1067.81,2025-01-01
inv_106323,sub_51404,1337.19,2023-09-09
inv_106324,sub_52336,75.31,2023-02-17
inv_106325,sub_51096,1003.1,2024-06-02
inv_106326,sub_50050,438.24,2023-01-30
inv_106327,sub_52353,256.07,2024-07-07
inv_106328,sub_52219,1316.96,2023-08-04
inv_106329,sub_50196,489.96,2024-09-17
inv_106330,sub_51812,552.68,2024-08-27
inv_106331,sub_51460,1151.85,2023-03-09
inv_106332,sub_50539,132.53,2023-06-24
inv_106333,sub_53621,760.7,2024-11-15
inv_106334,sub_52384,827.88,2023-06-07
inv_106335,sub_53255,1099.13,2023-06-23
inv_106336,sub_51480,451.05,2023-02-17
inv_106338,sub_50091,753.23,2023-02-05
inv_106339,sub_50354,1146.3,2024-02-12
inv_106340,sub_50343,618.2,2023-09-16
inv_106341,sub_52693,1051.56,2023-07-30
inv_106342,sub_50323,995.11,2023-10-09
inv_106343,sub_52061,1009.05,2023-02-07
inv_106344,sub_50820,212.11,2023-05-31
inv_106345,sub_50508,1315.37,2023-10-19
inv_106346,sub_53999,1202.08,2023-05-10
inv_106347,sub_51989,736.97,2024-07-12
inv_106348,sub_50324,71.76,2023-10-17
inv_106349,sub_53739,649.77,2023-09-16
inv_106350,sub_52722,234.45,2023-04-21
inv_106351,sub_53734,587.18,2023-08-08
inv_106352,sub_53663,1114.23,2023-01-20
inv_106353,sub_53527,830.79,2024-02-11
inv_106354,sub_51411,585.62,2023-09-29
inv_106355,sub_52575,1073.39,2023-07-17
inv_106356,sub_50722,478.24,2024-01-14
inv_106357,sub_53699,391.89,2023-11-28
inv_106358,sub_53498,397.55,2024-12-23
inv_106359,sub_53306,1498.8,2023-03-25
inv_106360,sub_50851,1203.34,2023-10-30
inv_106361,sub_51512,1086.15,2023-07-08
inv_106362,sub_50764,676.15,2024-02-15
inv_106363,sub_50463,831.33,2023-09-06
inv_106364,sub_50583,798.58,2024-07-19
inv_106365,sub_52319,1325.97,2023-07-25
inv_106366,sub_53760,1338.58,2024-08-02
inv_106367,sub_52393,982.91,2024-01-18
inv_106369,sub_51866,714.27,2023-05-07
inv_106370,sub_51139,660.65,2023-05-25
inv_106371,sub_53518,606.32,2023-11-19
inv_106372,sub_53806,1097.86,2024-09-10
inv_106373,sub_50776,759.49,2024-12-29
inv_106374,sub_53009,174.3,2024-05-03
inv_106375,sub_53479,1109.38,2024-10-29
inv_106376,sub_51016,539.07,2024-01-04
inv_106377,sub_52804,33.37,2023-10-11
inv_106378,sub_52899,1339.9,2024-09-02
inv_106379,sub_50916,1306.55,2024-01-24
inv_106380,sub_51180,659.96,2024-09-17
inv_106381,sub_51663,76.95,2024-05-05
inv_106382,sub_51254,1472.02,2024-08-02
inv_106383,sub_51559,1242.22,2024-03-09
inv_106384,sub_50751,246.94,2023-10-03
inv_106385,sub_53874,634.85,2024-08-10
inv_106386,sub_53013,1033.61,2024-09-01
inv_106387,sub_50463,510.12,2024-12-28
inv_106388,sub_52967,408.51,2023-01-27
inv_106389,sub_52471,1112.16,2024-05-23
inv_106390,sub_53068,1110.28,2024-10-04
inv_106391,sub_52252,1403.77,2024-12-30
inv_106392,sub_53700,1120.52,2024-12-23
inv_106393,sub_50015,29.82,2023-08-02
inv_106394,sub_52490,139.33,2024-03-12
inv_106395,sub_50502,752.82,2024-03-13
inv_106396,sub_50430,73.89,2023-09-14
inv_106397,sub_52429,549.89,2023-10-05
inv_106398,sub_50338,653.21,2023-07-11
inv_106400,sub_52142,119.54,2023-05-18
inv_106401,sub_52439,1499.46,2024-11-28
inv_106402,sub_53194,100.85,2023-05-24
inv_106403,sub_53000,165.33,2025-01-01
inv_106404,sub_50230,1408.22,2023-01-22
inv_106405,sub_50412,700.4,2024-06-10
inv_106406,sub_53376,327.59,2023-08-11
inv_106407,sub_51743,152.16,2024-12-12
inv_106408,sub_52114,1477.59,2023-08-13
inv_106409,sub_50572,701.08,2023-10-21
inv_106410,sub_52567,1016.45,2023-03-02
inv_106411,sub_52028,342.83,2024-11-30
inv_106412,sub_50010,439.51,2024-02-29
inv_106413,sub_52904,344.28,2024-05-05
inv_106414,sub_51257,698.6,2023-07-19
inv_106415,sub_51083,1014.02,2023-11-26
inv_106416,sub_52042,1373.41,2024-02-25
inv_106417,sub_50030,569.32,2023-02-26
inv_106418,sub_53197,1353.94,2024-01-17
inv_106419,sub_50087,323.14,2023-09-10
inv_106420,sub_53986,1366.22,2023-09-14
inv_106421,sub_53512,1040.42,2023-07-14
inv_106422,sub_53175,306.57,2024-11-17
inv_106423,sub_53122,432.74,2024-08-19
inv_106424,sub_51234,880.29,2023-11-25
inv_106425,sub_53883,630.43,2024-05-16
inv_106426,sub_53797,832.06,2024-04-15
inv_106427,sub_51153,1210.55,2023-03-11
inv_106428,sub_51411,954.73,2024-09-27
inv_106429,sub_52299,611.58,2023-12-05
inv_106431,sub_53475,140.06,2024-08-24
inv_106432,sub_52310,820.4,2024-01-07
inv_106433,sub_53110,167.9,2024-03-24
inv_106434,sub_51735,237.16,2023-06-24
inv_106435,sub_50728,845.05,2024-02-01
inv_106436,sub_51658,1448.17,2023-12-15
inv_106437,sub_53926,130.32,2023-04-08
inv_106438,sub_51687,628.17,2023-04-01
inv_106439,sub_53490,968.11,2024-12-15
inv_106440,sub_50788,109.82,2024-02-02
inv_106441,sub_50964,598.38,2023-07-14
inv_106442,sub_50202,429.69,2023-05-10
inv_106443,sub_50265,1188.48,2023-05-22
inv_106444,sub_50897,585.38,2024-06-27
inv_106445,sub_52606,1431.86,2024-09-05
inv_106446,sub_53841,156.55,2024-08-10
inv_106447,sub_50684,952.07,2024-11-30
inv_106448,sub_53581,739.5,2024-03-24
inv_106449,sub_52429,40.11,2024-01-27
inv_106450,sub_50027,1177.52,2023-05-30
inv_106451,sub_50072,859.34,2023-04-02
inv_106452,sub_51383,1217.75,2023-03-23
inv_106453,sub_51359,872.33,2023-12-15
inv_106454,sub_51540,411.54,2023-02-07
inv_106455,sub_53392,1033.16,2023-05-26
inv_106456,sub_50965,803.25,2023-12-27
inv_106457,sub_53612,304.57,2024-07-07
inv_106458,sub_52812,1234.9,2023-06-17
inv_106459,sub_50736,764.65,2023-09-19
inv_106460,sub_51081,1070.11,2023-04-24
inv_106462,sub_50831,860.87,2023-09-28
inv_106463,sub_53919,615.74,2024-08-11
inv_106464,sub_51374,1188.15,2023-01-25
inv_106465,sub_52074,441.83,2024-07-06
inv_106466,sub_51255,976.54,2023-08-19
inv_106467,sub_53491,589.06,2023-02-17
inv_106468,sub_51552,1140.01,2023-07-14
inv_106469,sub_52251,70.12,2023-07-18
inv_106470,sub_53331,213.08,2023-11-16
inv_106471,sub_50854,553.81,2024-07-11
inv_106472,sub_50835,452.64,2023-01-09
inv_106473,sub_53571,1144.99,2023-01-26
inv_106474,sub_52223,387.43,2023-03-04
inv_106475,sub_53142,449.98,2023-02-20
inv_106476,sub_52469,821.52,2024-09-02
inv_106477,sub_53065,526.79,2024-03-11
inv_106478,sub_50549,513.64,2024-06-22
inv_106479,sub_52548,1324.87,2023-09-29
inv_106480,sub_53134,463.77,2023-12-11
inv_106481,sub_53381,1474.48,2023-07-27
inv_106482,sub_50379,938.7,2024-01-14
inv_106483,sub_51424,927.39,2024-09-26
inv_106484,sub_52196,141.6,2024-06-01
inv_106485,sub_51459,384.79,2023-11-13
inv_106486,sub_51040,1228.52,2023-10-26
inv_106487,sub_52303,1138.42,2024-09-11
inv_106488,sub_50102,1241.95,2024-04-20
inv_106489,sub_50519,724.57,2024-10-13
inv_106490,sub_51126,1369.33,2023-12-25
inv_106491,sub_52326,129.24,2024-08-16
inv_106493,sub_51262,168.98,2023-04-15
inv_106494,sub_53085,1445.45,2023-10-12
inv_106495,sub_52683,1126.93,2024-12-02
inv_106496,sub_51949,479.93,2023-12-06
inv_106497,sub_50710,1315.59,2024-01-01
inv_106498,sub_51806,1312.93,2024-01-02
inv_106499,sub_52412,131.94,2023-09-03
inv_106500,sub_53203,47.5,2023-01-11
inv_106501,sub_50067,1115.11,2023-08-04
inv_106502,sub_52694,1080.35,2023-12-07
inv_106503,sub_50722,1204.36,2024-08-11
inv_106504,sub_52465,449.3,2023-11-26
inv_106505,sub_51360,795.45,2024-04-05
inv_106506,sub_51324,360.31,2024-03-13
inv_106507,sub_53162,254.1,2024-10-13
inv_106508,sub_51877,1080.91,2023-03-08
inv_106509,sub_50751,705.93,2023-11-24
inv_106510,sub_50485,1382.8,2024-08-19
inv_106511,sub_52547,1026.94,2023-09-01
inv_106512,sub_51767,925.39,2024-06-01
inv_106513,sub_52835,444.25,2023-04-13
inv_106514,sub_51734,1175.93,2023-11-21
inv_106515,sub_52364,630.65,2024-08-22
inv_106516,sub_51530,1233.07,2024-02-18
inv_106517,sub_50305,533.6,2023-02-14
inv_106518,sub_52495,39.29,2023-02-07
inv_106519,sub_50600,226.87,2024-07-26
inv_106520,sub_51054,1386.87,2024-07-22
inv_106521,sub_51804,1197.02,2024-09-21
inv_106522,sub_50983,55.71,2024-05-08
inv_106524,sub_51953,1010.02,2024-04-09
inv_106525,sub_53995,587.95,2023-04-27
inv_106526,sub_50129,375.71,2023-10-14
inv_106527,sub_51956,1484.74,2023-04-04
inv_106528,sub_51848,345.45,2023-11-23
inv_106529,sub_51645,500.18,2024-03-07
inv_106530,sub_53406,1465.33,2024-06-14
inv_106531,sub_53451,1319.85,2024-07-19
inv_106532,sub_50750,235.05,2023-12-10
inv_106533,sub_53601,188.9,2024-05-19
inv_106534,sub_50207,893.19,2023-06-16
inv_106535,sub_51464,976.07,2024-03-24
inv_106536,sub_51819,1187.9,2023-08-24
inv_106537,sub_51248,757.82,2024-06-25
inv_106538,sub_52456,1401.51,2023-04-03
inv_106539,sub_51630,204.61,2024-09-08
inv_106540,sub_52016,260.22,2024-10-19
inv_106541,sub_52043,1334.63,2024-06-04
inv_106542,sub_50911,1188.64,2023-11-19
inv_106543,sub_50761,798.32,2024-08-06
inv_106544,sub_52185,714.0,2024-08-26
inv_106545,sub_53401,1271.57,2024-03-25
inv_106546,sub_51069,909.41,2023-01-09
inv_106547,sub_51581,565.53,2024-03-26
inv_106548,sub_52458,1230.26,2023-04-18
inv_106549,sub_50630,392.58,2024-10-10
inv_106550,sub_53076,995.28,2023-05-31
inv_106551,sub_52931,34.07,2024-12-30
inv_106552,sub_52465,1409.14,2023-04-05
inv_106553,sub_50229,167.43,2024-01-22
inv_106555,sub_53599,204.29,2024-02-14
inv_106556,sub_53656,855.99,2023-11-19
inv_106557,sub_52727,265.23,2024-02-14
inv_106558,sub_52713,318.89,2024-09-17
inv_106559,sub_51727,569.7,2023-02-06
inv_106560,sub_53786,465.44,2023-02-05
inv_106561,sub_50437,146.02,2023-10-31
inv_106562,sub_51439,796.01,2023-04-09
inv_106563,sub_53277,685.15,2024-09-26
inv_106564,sub_51849,1242.98,2024-06-16
inv_106565,sub_53615,211.59,2024-08-24
inv_106566,sub_51119,1070.76,2023-10-09
inv_106567,sub_50079,646.82,2023-06-06
inv_106568,sub_52940,1035.91,2024-10-07
inv_106569,sub_50338,421.06,2023-06-05
inv_106570,sub_51058,1392.54,2024-12-28
inv_106571,sub_50965,1367.54,2023-01-23
inv_106572,sub_53836,373.52,2024-08-17
inv_106573,sub_51956,677.46,2023-04-21
inv_106574,sub_50661,590.63,2023-01-25
inv_106575,sub_50228,689.51,2024-12-12
inv_106576,sub_51347,455.48,2024-03-03
inv_106577,sub_52955,359.38,2023-05-12
inv_106578,sub_53250,246.02,2023-12-20
inv_106579,sub_52570,513.26,2023-04-09
inv_106580,sub_50502,1357.83,2024-04-20
inv_106581,sub_50699,633.43,2023-04-12
inv_106582,sub_51802,1008.08,2024-12-13
inv_106583,sub_51813,1418.14,2023-01-15
inv_106584,sub_51589,1291.82,2024-10-18
inv_106586,sub_53741,1099.61,2023-10-31
inv_106587,sub_52377,1236.17,2023-08-03
inv_106588,sub_52070,625.43,2024-03-10
inv_106589,sub_50587,1064.85,2023-06-12
inv_106590,sub_51761,159.44,2024-07-24
inv_106591,sub_53551,609.86,2024-11-02
inv_106592,sub_53899,1051.11,2023-11-28
inv_106593,sub_50742,996.36,2023-07-14
inv_106594,sub_50456,1103.76,2024-03-30
inv_106595,sub_53418,1217.92,2024-12-11
inv_106596,sub_50128,1282.67,2023-10-21
inv_106597,sub_51521,104.25,2023-07-20
inv_106598,sub_53229,1227.21,2024-12-20
inv_106599,sub_53652,1185.6,2023-10-27
inv_106600,sub_53171,1394.79,2023-08-22
inv_106601,sub_53184,395.23,2024-01-23
inv_106602,sub_50896,306.98,2023-11-05
inv_106603,sub_51863,1240.91,2024-12-21
inv_106604,sub_53873,1430.98,2024-11-06
inv_106605,sub_51223,1433.64,2024-09-03
inv_106606,sub_50851,326.43,2023-03-10
inv_106607,sub_53602,663.89,2024-02-24
inv_106608,sub_51500,57.55,2023-08-23
inv_106609,sub_52289,1259.12,2024-11-07
inv_106610,sub_50072,489.11,2024-05-23
inv_106611,sub_53665,1246.62,2023-01-10
inv_106612,sub_53726,1009.03,2024-07-08
inv_106613,sub_51629,706.11,2024-12-13
inv_106614,sub_51264,370.12,2024-02-28
inv_106615,sub_52547,1467.01,2023-10-10
inv_106617,sub_53126,1163.63,2023-07-09
inv_106618,sub_51283,860.9,2023-12-22
inv_106619,sub_50493,1303.79,2023-04-20
inv_106620,sub_52806,134.39,2024-02-18
inv_106621,sub_52197,1314.34,2024-08-08
inv_106622,sub_52950,204.99,2023-02-12
inv_106623,sub_52781,507.84,2024-08-09
inv_106624,sub_53375,384.62,2024-04-26
inv_106625,sub_52086,1190.36,2024-12-14
inv_106626,sub_50110,180.67,2023-06-29
inv_106627,sub_52437,777.08,2023-12-02
inv_106628,sub_53043,694.95,2023-10-09
inv_106629,sub_51243,813.66,2023-08-07
inv_106630,sub_50076,1269.15,2024-04-18
inv_106631,sub_51444,1038.02,2024-01-03
inv_106632,sub_52175,1181.51,2023-11-14
inv_106633,sub_52707,763.57,2023-12-16
inv_106634,sub_52304,1448.64,2023-08-12
inv_106635,sub_50490,374.03,2024-04-22
inv_106636,sub_50073,403.66,2024-10-12
inv_106637,sub_53548,289.65,2023-05-08
inv_106638,sub_53066,1371.08,2024-07-04
inv_106639,sub_52001,73.42,2024-09-07
inv_106640,sub_53579,676.21,2024-03-28
inv_106641,sub_50536,1023.01,2023-08-08
inv_106642,sub_51333,769.49,2023-05-06
inv_106643,sub_51184,1031.93,2024-09-26
inv_106644,sub_50662,1091.78,2024-02-21
inv_106645,sub_53493,1384.02,2023-03-22
inv_106646,sub_50307,1063.79,2023-05-22
inv_106648,sub_50886,1394.0,2023-12-18
inv_106649,sub_52935,1382.51,2024-04-20
inv_106650,sub_52625,1210.17,2023-01-31
inv_106651,sub_50779,1415.42,2023-08-27
inv_106652,sub_53595,1330.76,2024-12-11
inv_106653,sub_50071,98.36,2024-02-16
inv_106654,sub_52959,399.35,2024-03-18
inv_106655,sub_53509,1172.37,2024-05-03
inv_106656,sub_52260,1305.91,2024-05-21
inv_106657,sub_51447,453.5,2023-11-02
inv_106658,sub_50046,340.74,2024-11-04
inv_106659,sub_50093,1286.73,2024-04-19
inv_106660,sub_53950,1252.8,2023-06-29
inv_106661,sub_51793,631.11,2024-01-24
inv_106662,sub_50889,877.43,2023-12-18
inv_106663,sub_52513,882.36,2023-11-10
inv_106664,sub_51000,286.16,2024-10-20
inv_106665,sub_50253,635.46,2024-07-21
inv_106666,sub_52365,445.38,2024-09-01
inv_106667,sub_50166,805.17,2023-10-26
inv_106668,sub_53495,36.56,2023-11-20
inv_106669,sub_52193,981.32,2024-04-18
inv_106670,sub_50851,695.13,2024-11-14
inv_106671,sub_52593,512.33,2024-09-29
inv_106672,sub_50474,279.04,2024-11-05
inv_106673,sub_53527,1197.04,2023-04-02
inv_106674,sub_50015,883.21,2023-05-03
inv_106675,sub_51138,913.13,2024-02-20
inv_106676,sub_52925,976.27,2024-07-06
inv_106677,sub_53159,759.86,2024-10-03
inv_106679,sub_50681,240.74,2023-02-12
inv_106680,sub_50031,1319.38,2024-07-12
inv_106681,sub_51077,402.04,2023-04-10
inv_106682,sub_51564,850.05,2024-03-12
inv_106683,sub_51106,573.41,2024-04-19
inv_106684,sub_53621,405.23,2024-11-02
inv_106685,sub_51560,1330.84,2024-04-29
inv_106686,sub_50661,1258.63,2023-03-08
inv_106687,sub_53078,495.92,2023-10-14
inv_106688,sub_52088,726.04,2024-06-27
inv_106689,sub_52491,1361.87,2023-10-28
inv_106690,sub_52728,654.83,2023-08-20
inv_106691,sub_52973,687.54,2024-02-22
inv_106692,sub_51867,903.84,2024-07-28
inv_106693,sub_51117,1495.37,2024-05-22
inv_106694,sub_53927,1051.61,2023-01-25
inv_106695,sub_52053,783.83,2023-10-01
inv_106696,sub_51547,1399.22,2023-04-23
inv_106697,sub_51778,514.16,2024-04-27
inv_106698,sub_50133,95.57,2024-07-03
inv_106699,sub_50854,163.52,2024-07-15
inv_106700,sub_53985,1122.18,2023-07-06
inv_106701,sub_51942,273.31,2023-09-05
inv_106702,sub_53700,123.78,2024-04-28
inv_106703,sub_51369,528.44,2024-10-20
inv_106704,sub_52884,1402.81,2023-08-20
inv_106705,sub_51156,840.81,2024-05-22
inv_106706,sub_51644,1395.7,2024-12-26
inv_106707,sub_51813,997.33,2024-03-20
inv_106708,sub_53515,1178.69,2024-10-16
inv_106710,sub_53725,155.76,2024-05-03
inv_106711,sub_50032,730.35,2023-02-22
inv_106712,sub_52454,652.81,2023-08-10
inv_106713,sub_52429,1251.65,2024-02-29
inv_106714,sub_51140,32.94,2024-05-27
inv_106715,sub_50548,1017.83,2024-08-30
inv_106716,sub_53461,378.32,2024-02-13
inv_106717,sub_51896,1296.5,2023-08-31
inv_106718,sub_52612,480.18,2024-09-28
inv_106719,sub_53414,565.38,2023-05-28
inv_106720,sub_51703,432.88,2024-12-01
inv_106721,sub_50313,1338.39,2024-07-07
inv_106722,sub_51812,1241.71,2023-08-13
inv_106723,sub_52185,1455.18,2024-01-26
inv_106724,sub_52856,865.95,2024-03-13
inv_106725,sub_52743,795.51,2023-03-15
inv_106726,sub_51413,1425.43,2023-06-23
inv_106727,sub_53954,1182.12,2024-02-28
inv_106728,sub_53871,1225.18,2023-11-13
inv_106729,sub_50690,308.54,2023-06-13
inv_106730,sub_53250,194.42,2023-02-22
inv_106731,sub_52256,183.32,2023-04-29
inv_106732,sub_51646,648.2,2024-07-04
inv_106733,sub_53952,63.13,2024-03-20
inv_106734,sub_52649,1230.93,2024-11-24
inv_106735,sub_52135,619.02,2023-09-05
inv_106736,sub_53074,933.23,2023-08-11
inv_106737,sub_50619,243.2,2023-11-06
inv_106738,sub_52342,1174.04,2024-12-22
inv_106739,sub_50687,1401.49,2024-08-07
inv_106741,sub_51034,1023.7,2024-05-13
inv_106742,sub_50168,1429.18,2023-01-09
inv_106743,sub_53826,1459.31,2023-07-07
inv_106744,sub_52503,819.32,2023-02-17
inv_106745,sub_50747,70.9,2023-09-11
inv_106746,sub_53490,404.17,2024-09-06
inv_106747,sub_51023,449.74,2023-09-10
inv_106748,sub_53003,1089.25,2023-02-14
inv_106749,sub_51319,1125.87,2024-05-27
inv_106750,sub_52992,228.13,2024-10-12
inv_106751,sub_52918,203.34,2023-07-06
inv_106752,sub_50844,117.14,2023-08-29
inv_106753,sub_52789,1362.06,2023-01-08
inv_106754,sub_52051,1430.82,2024-02-01
inv_106755,sub_52471,119.71,2023-07-21
inv_106756,sub_51728,440.53,2023-05-05
inv_106757,sub_50934,1427.96,2023-07-17
inv_106758,sub_53066,583.47,2023-11-08
inv_106759,sub_50192,1378.78,2023-05-13
inv_106760,sub_50663,109.53,2023-06-10
inv_106761,sub_51394,736.91,2024-09-19
inv_106762,sub_50359,85.67,2024-10-21
inv_106763,sub_50666,641.04,2023-08-29
inv_106764,sub_53310,1276.3,2023-04-01
inv_106765,sub_53983,207.61,2024-05-20
inv_106766,sub_53227,1054.29,2023-11-30
inv_106767,sub_52616,1434.64,2024-02-18
inv_106768,sub_50565,476.02,2024-12-01
inv_106769,sub_51801,762.16,2023-10-01
inv_106770,sub_52080,559.88,2023-05-07
inv_106772,sub_53623,456.88,2024-09-13
inv_106773,sub_50365,716.84,2024-02-08
inv_106774,sub_53618,84.15,2024-03-17
inv_106775,sub_50779,489.24,2023-12-30
inv_106776,sub_51059,276.12,2023-04-14
inv_106777,sub_50464,720.07,2024-11-11
inv_106778,sub_50839,827.46,2024-09-14
inv_106779,sub_50515,154.58,2024-02-29
inv_106780,sub_53544,204.86,2024-08-20
inv_106781,sub_50506,871.87,2024-06-07
inv_106782,sub_50831,866.64,2023-08-11
inv_106783,sub_53879,455.81,2024-11-04
inv_106784,sub_53522,1399.98,2023-05-01
inv_106785,sub_51338,334.81,2024-03-15
inv_106786,sub_50415,23.38,2023-10-02
inv_106787,sub_52571,1123.19,2023-06-12
inv_106788,sub_51001,1119.23,2024-11-07
inv_106789,sub_50455,1216.67,2024-11-15
inv_106790,sub_50641,95.99,2023-11-05
inv_106791,sub_53693,801.83,2023-08-22
inv_106792,sub_51438,449.81,2024-01-28
inv_106793,sub_50580,574.76,2024-09-22
inv_106794,sub_51840,1466.54,2023-10-14
inv_106795,sub_53593,44.74,2024-12-09
inv_106796,sub_51290,172.21,2024-10-11
inv_106797,sub_50510,458.32,2023-08-06
inv_106798,sub_51470,609.37,2024-05-28
inv_106799,sub_50669,532.13,2023-03-10
inv_106800,sub_51485,1235.96,2023-01-20
inv_106801,sub_52294,376.18,2024-03-19
inv_106803,sub_51162,953.02,2023-12-24
inv_106804,sub_50417,617.62,2024-09-18
inv_106805,sub_52205,1008.35,2024-05-13
inv_106806,sub_51702,692.4,2024-03-17
inv_106807,sub_52092,428.77,2024-10-30
inv_106808,sub_52453,933.27,2024-02-19
inv_106809,sub_53516,1161.01,2023-05-15
inv_106810,sub_51529,1081.38,2023-03-15
inv_106811,sub_51192,555.8,2023-08-11
inv_106812,sub_53029,1226.13,2023-01-29
inv_106813,sub_52558,131.55,2023-10-17
inv_106814,sub_53838,1283.43,2024-07-01
inv_106815,sub_52110,256.4,2023-06-03
inv_106816,sub_50269,128.17,2023-01-24
inv_106817,sub_52018,1469.76,2023-05-17
inv_106818,sub_52219,1434.85,2023-08-29
inv_106819,sub_51704,201.52,2024-08-18
inv_106820,sub_51301,595.2,2023-07-23
inv_106821,sub_50922,1049.93,2023-09-30
inv_106822,sub_51339,1398.45,2023-09-26
inv_106823,sub_52541,1178.9,2023-11-20
inv_106824,sub_53684,46.59,2024-07-31
inv_106825,sub_50551,448.13,2023-04-14
inv_106826,sub_51261,1168.75,2024-07-02
inv_106827,sub_50329,832.32,2023-09-23
inv_106828,sub_51361,947.38,2024-11-26
inv_106829,sub_50352,1001.32,2023-07-10
inv_106830,sub_51532,117.72,2023-09-26
inv_106831,sub_50260,254.34,2024-04-23
inv_106832,sub_51940,477.61,2023-11-07
inv_106834,sub_50673,192.33,2023-04-15
inv_106835,sub_52785,110.8,2024-06-06
inv_106836,sub_50443,195.26,2024-08-21
inv_106837,sub_50548,1038.12,2024-01-06
inv_106838,sub_50609,67.46,2023-01-15
inv_106839,sub_52410,1368.52,2024-08-01
inv_106840,sub_51773,532.43,2024-03-09
inv_106841,sub_52911,776.38,2023-09-26
inv_106842,sub_53347,581.09,2024-06-25
inv_106843,sub_50814,473.54,2024-04-28
inv_106844,sub_52104,1432.57,2024-09-06
inv_106845,sub_53864,718.17,2023-07-05
inv_106846,sub_53624,729.98,2024-03-26
inv_106847,sub_52629,607.69,2023-07-05
inv_106848,sub_51954,116.3,2023-02-02
inv_106849,sub_52566,649.63,2024-06-11
inv_106850,sub_52062,525.63,2024-03-30
inv_106851,sub_51695,828.19,2024-02-14
inv_106852,sub_53177,130.36,2024-06-22
inv_106853,sub_52069,480.36,2024-02-17
inv_106854,sub_53481,250.0,2023-02-14
inv_106855,sub_51937,968.52,2024-08-27
inv_106856,sub_50847,1085.66,2024-04-27
inv_106857,sub_51897,404.67,2023-10-30
inv_106858,sub_53061,237.26,2023-01-28
inv_106859,sub_52427,875.05,2024-11-10
inv_106860,sub_53706,722.68,2023-08-15
inv_106861,sub_52721,635.13,2023-11-20
inv_106862,sub_52054,1434.69,2024-07-09
inv_106863,sub_51131,611.7,2024-06-30
inv_106865,sub_50993,407.01,2024-07-09
inv_106866,sub_52585,1255.69,2023-05-30
inv_106867,sub_51246,163.43,2024-08-11
inv_106868,sub_53859,46.22,2023-03-27
inv_106869,sub_50319,364.02,2024-03-20
inv_106870,sub_53562,1087.13,2024-11-24
inv_106871,sub_50152,106.15,2024-12-21
inv_106872,sub_53948,689.84,2024-06-13
inv_106873,sub_50960,1081.99,2024-11-21
inv_106874,sub_53674,1390.51,2024-01-16
inv_106875,sub_50155,246.34,2023-11-06
inv_106876,sub_52706,1224.01,2024-08-08
inv_106877,sub_53950,1028.73,2023-01-13
inv_106878,sub_52216,742.22,2023-03-01
inv_106879,sub_51267,746.0,2024-02-02
inv_106880,sub_52938,960.17,2024-08-10
inv_106881,sub_50074,845.76,2024-07-21
inv_106882,sub_50732,539.47,2024-03-19
inv_106883,sub_51663,87.85,2024-09-06
inv_106884,sub_51754,438.17,2024-02-17
inv_106885,sub_53472,758.76,2024-12-08
inv_106886,sub_50619,609.84,2023-03-04
inv_106887,sub_50835,1054.54,2024-05-21
inv_106888,sub_53099,1105.24,2024-08-27
inv_106889,sub_51136,1281.63,2023-04-14
inv_106890,sub_53330,1334.64,2023-09-22
inv_106891,sub_53374,508.32,2023-08-06
inv_106892,sub_52314,321.81,2023-09-14
inv_106893,sub_51497,760.27,2023-04-06
inv_106894,sub_51156,359.96,2024-04-22
inv_106896,sub_52631,679.89,2024-06-26
inv_106897,sub_50438,279.72,2024-02-24
inv_106898,sub_51077,702.18,2024-03-29
inv_106899,sub_51261,1294.12,2024-03-24
inv_106900,sub_51542,302.42,2023-05-31
inv_106901,sub_53616,1152.05,2024-09-16
inv_106902,sub_51067,1175.52,2023-05-31
inv_106903,sub_53460,1105.86,2023-10-11
inv_106904,sub_52004,1404.39,2024-09-21
inv_106905,sub_50988,1074.63,2024-07-29
inv_106906,sub_50638,702.38,2024-08-13
inv_106907,sub_51754,306.09,2023-01-02
inv_106908,sub_50454,254.82,2023-10-22
inv_106909,sub_50870,1150.93,2023-11-10
inv_106910,sub_50755,398.83,2024-10-01
inv_106911,sub_51435,531.58,2023-06-05
inv_106912,sub_51654,1068.78,2024-08-24
inv_106913,sub_53540,466.01,2024-08-30
inv_106914,sub_51077,644.2,2023-09-12
inv_106915,sub_50912,1181.56,2024-05-26
inv_106916,sub_53018,184.03,2023-04-15
inv_106917,sub_50259,637.76,2023-04-07
inv_106918,sub_51021,522.66,2024-07-18
inv_106919,sub_50351,1393.61,2024-02-25
inv_106920,sub_51421,942.24,2023-04-02
inv_106921,sub_52064,456.22,2023-02-08
inv_106922,sub_52015,1414.63,2023-03-16
inv_106923,sub_50192,1166.1,2024-01-13
inv_106924,sub_51290,551.54,2023-09-23
inv_106925,sub_50243,1328.96,2024-12-10
inv_106927,sub_51115,298.3,2023-10-27
inv_106928,sub_52194,648.91,2024-09-19
inv_106929,sub_50285,846.06,2024-09-24
inv_106930,sub_51620,388.89,2024-10-30
inv_106931,sub_53330,1113.25,2023-03-08
inv_106932,sub_53503,1497.66,2023-06-03
inv_106933,sub_53455,680.31,2024-01-24
inv_106934,sub_50755,250.83,2024-05-24
inv_106935,sub_53455,1403.75,2024-08-16
inv_106936,sub_52515,124.12,2023-04-21
inv_106937,sub_52615,1320.24,2024-03-02
inv_106938,sub_50355,1467.71,2024-11-13
inv_106939,sub_52347,1398.21,2023-08-29
inv_106940,sub_53949,1032.43,2023-04-05
inv_106941,sub_51803,965.16,2023-04-20
inv_106942,sub_50098,992.04,2024-10-16
inv_106943,sub_51256,1317.71,2023-07-21
inv_106944,sub_53184,869.75,2024-02-23
inv_106945,sub_50111,766.43,2023-07-03
inv_106946,sub_50625,637.14,2024-05-21
inv_106947,sub_52220,798.04,2024-05-04
inv_106948,sub_50033,857.55,2023-05-05
inv_106949,sub_52915,1043.65,2024-07-19
inv_106950,sub_50334,1431.44,2024-02-02
inv_106951,sub_53170,982.09,2024-03-15
inv_106952,sub_50138,1271.45,2023-01-23
inv_106953,sub_51497,278.72,2023-11-04
inv_106954,sub_52586,1016.3,2023-07-20
inv_106955,sub_52278,312.17,2023-02-18
inv_106956,sub_52539,21.46,2024-05-28
inv_106958,sub_53511,804.78,2024-03-08
inv_106959,sub_50695,1012.34,2023-04-15
inv_106960,sub_50246,1188.19,2023-08-24
inv_106961,sub_50687,160.82,2024-11-26
inv_106962,sub_53660,1086.81,2023-12-30
inv_106963,sub_51324,720.29,2024-10-04
inv_106964,sub_53906,311.61,2024-04-29
inv_106965,sub_52461,1270.81,2024-12-12
inv_106966,sub_52587,717.6,2024-04-08
inv_106967,sub_50390,435.22,2023-12-04
inv_106968,sub_52974,959.35,2024-06-27
inv_106969,sub_53155,219.69,2023-08-02
inv_106970,sub_50876,715.8,2023-08-01
inv_106971,sub_53761,1417.56,2023-01-28
inv_106972,sub_52458,558.52,2024-12-24
inv_106973,sub_53514,819.93,2024-11-30
inv_106974,sub_51996,1227.76,2023-04-17
inv_106975,sub_53502,1025.97,2023-05-01
inv_106976,sub_53382,1488.88,2024-09-14
inv_106977,sub_51356,494.21,2023-04-12
inv_106978,sub_52377,834.12,2023-12-01
inv_106979,sub_52318,719.47,2025-01-01
inv_106980,sub_53306,337.56,2023-06-13
inv_106981,sub_50500,979.89,2023-10-07
inv_106982,sub_50033,788.31,2023-05-23
inv_106983,sub_53317,922.95,2024-11-06
inv_106984,sub_52463,1406.63,2024-03-06
inv_106985,sub_50055,597.32,2023-10-16
inv_106986,sub_53762,192.7,2023-09-04
inv_106987,sub_53607,344.15,2024-04-03
inv_106989,sub_50259,554.25,2023-02-27
inv_106990,sub_53321,985.34,2023-06-24
inv_106991,sub_51802,1473.73,2023-04-25
inv_106992,sub_50768,598.07,2024-09-18
inv_106993,sub_52625,1012.12,2023-03-09
inv_106994,sub_52343,1242.57,2024-06-01
inv_106995,sub_51113,918.19,2023-03-16
inv_106996,sub_50866,1421.25,2023-04-06
inv_106997,sub_50908,66.33,2023-08-09
inv_106998,sub_50885,618.09,2024-07-08
inv_106999,sub_52061,1351.36,2024-10-15
inv_107000,sub_52547,310.58,2024-08-29
inv_107001,sub_52817,585.64,2023-08-27
inv_107002,sub_53138,31.99,2023-09-19
inv_107003,sub_51086,1048.62,2023-03-09
inv_107004,sub_51518,570.84,2024-10-03
inv_107005,sub_51547,338.92,2023-03-01
inv_107006,sub_50684,700.55,2023-02-11
inv_107007,sub_50652,500.79,2024-05-27
inv_107008,sub_53758,160.05,2023-12-24
inv_107009,sub_50653,806.42,2024-08-05
inv_107010,sub_51872,649.55,2024-06-12
inv_107011,sub_51135,724.52,2023-10-27
inv_107012,sub_51547,138.54,2023-06-29
inv_107013,sub_51793,512.59,2023-12-13
inv_107014,sub_50112,1185.37,2023-07-26
inv_107015,sub_53367,1407.17,2023-02-28
inv_107016,sub_53255,1417.16,2023-07-15
inv_107017,sub_51587,1281.86,2023-06-25
inv_107018,sub_50780,81.19,2023-03-20
inv_107020,sub_51475,66.81,2023-06-30
inv_107021,sub_52165,957.39,2024-10-13
inv_107022,sub_51881,1033.31,2024-04-12
inv_107023,sub_50659,153.93,2023-03-28
inv_107024,sub_50590,1279.73,2024-04-25
inv_107025,sub_51778,425.29,2023-12-18
inv_107026,sub_50320,278.95,2023-05-31
inv_107027,sub_51746,674.59,2023-09-09
inv_107028,sub_52328,48.99,2023-09-17
inv_107029,sub_53201,184.2,2024-10-23
inv_107030,sub_50481,281.78,2024-12-12
inv_107031,sub_51149,604.7,2024-04-25
inv_107032,sub_51176,1087.63,2024-09-18
inv_107033,sub_53595,1092.12,2024-03-15
inv_107034,sub_51949,155.49,2024-03-05
inv_107035,sub_50061,324.12,2023-12-06
inv_107036,sub_51749,887.09,2024-02-20
inv_107037,sub_50348,1361.29,2023-12-12
inv_107038,sub_51188,609.12,2023-06-18
inv_107039,sub_52115,810.19,2024-12-06
inv_107040,sub_53289,199.48,2023-04-07
inv_107041,sub_53903,1316.29,2024-09-13
inv_107042,sub_53040,251.02,2024-01-08
inv_107043,sub_51559,569.62,2023-04-14
inv_107044,sub_53359,137.83,2024-09-13
inv_107045,sub_53215,540.57,2024-04-13
inv_107046,sub_52734,897.36,2023-03-25
inv_107047,sub_50835,310.98,2023-12-24
inv_107048,sub_52615,102.36,2024-04-25
inv_107049,sub_52063,1049.89,2023-10-10
inv_107051,sub_50790,1174.75,2023-12-26
inv_107052,sub_52524,124.46,2024-01-06
inv_107053,sub_51659,674.47,2024-04-29
inv_107054,sub_53704,1331.44,2023-03-15
inv_107055,sub_53948,1419.25,2023-05-12
inv_107056,sub_51905,908.49,2024-05-13
inv_107057,sub_50905,89.79,2023-03-08
inv_107058,sub_51307,722.72,2023-05-10
inv_107059,sub_51720,905.0,2024-02-03
inv_107060,sub_52469,314.5,2023-11-04
inv_107061,sub_51429,1386.15,2023-07-26
inv_107062,sub_51585,1101.26,2023-01-29
inv_107063,sub_51289,140.7,2024-07-12
inv_107064,sub_50337,62.79,2023-12-09
inv_107065,sub_52944,531.38,2023-04-25
inv_107066,sub_51570,1297.51,2023-11-15
inv_107067,sub_50304,952.52,2023-12-19
inv_107068,sub_51352,196.96,2023-07-24
inv_107069,sub_53162,447.24,2023-07-06
inv_107070,sub_53294,870.75,2024-12-16
inv_107071,sub_51725,424.94,2024-07-07
inv_107072,sub_52448,268.37,2024-03-07
inv_107073,sub_51363,121.14,2024-03-14
inv_107074,sub_50088,1288.03,2023-01-06
inv_107075,sub_51844,1232.6,2023-04-01
inv_107076,sub_52943,555.0,2024-04-17
inv_107077,sub_53846,282.11,2024-06-19
inv_107078,sub_52680,1334.79,2024-08-27
inv_107079,sub_51385,1373.39,2023-06-19
inv_107080,sub_52230,673.64,2024-05-29
inv_107082,sub_53018,48.42,2024-12-02
inv_107083,sub_53314,1241.4,2023-10-23
inv_107084,sub_53934,1046.04,2024-10-21
inv_107085,sub_50134,756.86,2024-12-22
inv_107086,sub_50327,37.84,2023-05-05
inv_107087,sub_53801,421.62,2023-05-08
inv_107088,sub_53769,68.59,2023-12-22
inv_107089,sub_50904,1165.87,2023-02-03
inv_107090,sub_50944,902.13,2023-11-29
inv_107091,sub_53996,908.48,2024-09-25
inv_107092,sub_51660,1247.28,2024-10-16
inv_107093,sub_50982,1149.93,2023-10-17
inv_107094,sub_51183,539.09,2024-11-07
inv_107095,sub_50155,1309.45,2024-12-25
inv_107096,sub_51282,483.11,2024-11-08
inv_107097,sub_52529,1112.73,2023-09-07
inv_107098,sub_53064,540.55,2024-03-18
inv_107099,sub_51892,528.45,2023-02-19
inv_107100,sub_51170,1433.93,2023-12-30
inv_107101,sub_53726,624.53,2023-03-27
inv_107102,sub_51554,1408.65,2024-01-20
inv_107103,sub_51139,841.77,2023-08-05
inv_107104,sub_52797,417.93,2023-08-12
inv_107105,sub_50555,1013.85,2023-10-31
inv_107106,sub_52471,288.54,2023-09-11
inv_107107,sub_53919,821.25,2024-11-03
inv_107108,sub_53013,907.38,2024-01-02
inv_107109,sub_50056,1120.6,2024-12-15
inv_107110,sub_50041,1300.42,2023-11-06
inv_107111,sub_51675,336.17,2024-12-06
inv_107113,sub_51385,1289.59,2024-05-22
inv_107114,sub_52083,951.05,2024-02-11
inv_107115,sub_50934,256.78,2023-02-21
inv_107116,sub_51747,696.55,2023-04-10
inv_107117,sub_51479,50.03,2023-03-20
inv_107118,sub_51710,1074.55,2024-02-10
inv_107119,sub_52483,208.97,2023-06-20
inv_107120,sub_50660,1076.55,2023-11-30
inv_107121,sub_50770,1204.72,2024-06-11
inv_107122,sub_50915,1308.14,2024-11-21
inv_107123,sub_53283,539.94,2023-02-12
inv_107124,sub_51921,1144.17,2024-04-27
inv_107125,sub_52886,1410.86,2024-01-28
inv_107126,sub_50875,170.06,2023-01-27
inv_107127,sub_51042,290.29,2023-06-19
inv_107128,sub_53445,802.94,2024-04-11
inv_107129,sub_50968,682.5,2024-02-06
inv_107130,sub_52096,1049.32,2024-02-24
inv_107131,sub_52490,1342.67,2023-05-20
inv_107132,sub_51466,143.63,2023-07-10
inv_107133,sub_50258,791.13,2023-03-01
inv_107134,sub_50596,452.63,2023-11-18
inv_107135,sub_52684,1036.15,2024-03-08
inv_107136,sub_53704,256.33,2023-10-19
inv_107137,sub_53604,376.19,2023-06-01
inv_107138,sub_51890,1140.16,2024-09-01
inv_107139,sub_51518,916.5,2023-05-09
inv_107140,sub_52242,199.48,2023-01-25
inv_107141,sub_53744,1235.49,2023-10-04
inv_107142,sub_51603,629.09,2023-02-23
inv_107144,sub_52906,993.35,2024-08-17
inv_107145,sub_50094,235.98,2023-05-06
inv_107146,sub_51065,868.18,2024-01-13
inv_107147,sub_50394,1061.29,2024-05-01
inv_107148,sub_51463,1433.96,2024-02-01
inv_107149,sub_53768,573.42,2023-01-30
inv_107150,sub_50513,373.22,2024-02-11
inv_107151,sub_50644,819.64,2024-11-21
inv_107152,sub_50764,940.92,2024-11-03
inv_107153,sub_50934,178.9,2024-12-16
inv_107154,sub_50714,1275.2,2023-12-12
inv_107155,sub_53172,836.45,2024-01-01
inv_107156,sub_50556,1153.38,2023-02-19
inv_107157,sub_53536,823.07,2023-03-11
inv_107158,sub_50283,898.63,2024-09-20
inv_107159,sub_51947,1212.11,2023-01-24
inv_107160,sub_52008,1153.21,2024-07-17
inv_107161,sub_53176,48.46,2024-01-12
inv_107162,sub_52476,1033.73,2024-05-10
inv_107163,sub_53977,1226.16,2024-01-11
inv_107164,sub_53381,1416.85,2024-06-17
inv_107165,sub_53431,1360.76,2024-11-14
inv_107166,sub_50569,1062.98,2024-10-17
inv_107167,sub_51206,974.25,2024-03-21
inv_107168,sub_51961,1124.03,2024-08-27
inv_107169,sub_52628,1330.76,2024-12-05
inv_107170,sub_50278,355.66,2024-09-25
inv_107171,sub_51102,77.13,2023-12-09
inv_107172,sub_50931,541.56,2024-04-18
inv_107173,sub_50743,207.0,2024-04-04
inv_107175,sub_50818,599.14,2024-01-09
inv_107176,sub_53285,1174.87,2024-06-02
inv_107177,sub_53580,991.39,2023-12-30
inv_107178,sub_51310,1326.4,2023-02-06
inv_107179,sub_52657,1029.15,2023-09-18
inv_107180,sub_53022,1070.13,2023-04-09
inv_107181,sub_53325,881.1,2024-04-10
inv_107182,sub_53998,878.58,2024-05-25
inv_107183,sub_51297,1402.81,2024-03-04
inv_107184,sub_50054,1451.65,2023-03-18
inv_107185,sub_52677,33.32,2024-05-29
inv_107186,sub_51499,242.21,2024-07-10
inv_107187,sub_50281,866.66,2023-10-21
inv_107188,sub_51576,962.07,2024-09-07
inv_107189,sub_51261,28.29,2023-05-26
inv_107190,sub_53004,117.54,2024-01-24
inv_107191,sub_53448,125.86,2024-10-02
inv_107192,sub_50966,1236.3,2024-12-31
inv_107193,sub_51930,1211.57,2024-08-13
inv_107194,sub_50405,1424.91,2024-01-15
inv_107195,sub_51580,898.27,2024-01-12
inv_107196,sub_50601,1284.78,2024-10-01
inv_107197,sub_51744,335.41,2023-03-22
inv_107198,sub_52023,630.45,2024-02-11
inv_107199,sub_52018,476.96,2023-04-02
inv_107200,sub_53071,412.95,2023-08-27
inv_107201,sub_50407,514.84,2024-05-31
inv_107202,sub_50344,1240.43,2024-01-02
inv_107203,sub_53007,1453.38,2024-03-02
inv_107204,sub_50241,1248.16,2023-11-16
inv_107206,sub_50916,1189.66,2024-09-19
inv_107207,sub_50460,82.06,2024-10-01
inv_107208,sub_53239,1242.07,2023-09-24
inv_107209,sub_51541,681.1,2024-01-08
inv_107210,sub_52845,927.57,2023-03-25
inv_107211,sub_51247,1225.03,2024-10-08
inv_107212,sub_51913,819.84,2023-04-02
inv_107213,sub_52700,461.76,2024-03-19
inv_107214,sub_53162,1105.16,2024-10-31
inv_107215,sub_50004,248.36,2023-09-11
inv_107216,sub_50039,1392.64,2023-12-20
inv_107217,sub_50684,135.67,2024-07-30
inv_107218,sub_53172,1411.55,2024-10-11
inv_107219,sub_52233,326.77,2023-06-07
inv_107220,sub_50571,36.83,2024-10-16
inv_107221,sub_53552,734.4,2024-04-06
inv_107222,sub_52998,444.2,2024-06-10
inv_107223,sub_52705,207.31,2024-11-25
inv_107224,sub_50548,574.2,2023-02-05
inv_107225,sub_53379,251.35,2023-12-29
inv_107226,sub_52288,51.8,2024-12-03
inv_107227,sub_50426,691.33,2024-11-08
inv_107228,sub_52268,626.1,2024-06-14
inv_107229,sub_53699,672.03,2023-12-13
inv_107230,sub_53579,298.76,2024-07-07
inv_107231,sub_52568,88.82,2024-04-20
inv_107232,sub_53953,1333.62,2024-08-09
inv_107233,sub_50546,1185.04,2023-09-17
inv_107234,sub_53082,818.95,2024-09-14
inv_107235,sub_51718,627.62,2023-11-10
inv_107237,sub_50980,852.94,2023-03-20
inv_107238,sub_53357,276.27,2023-07-12
inv_107239,sub_51346,621.2,2023-02-28
inv_107240,sub_52544,717.43,2024-11-11
inv_107241,sub_53922,554.11,2024-05-12
inv_107242,sub_52430,65.04,2023-08-03
inv_107243,sub_52083,1122.53,2024-02-17
inv_107244,sub_53065,130.84,2023-08-24
inv_107245,sub_50838,1280.08,2024-08-09
inv_107246,sub_50383,193.16,2024-08-07
inv_107247,sub_52109,1007.2,2023-07-20
inv_107248,sub_50921,1426.09,2023-07-01
inv_107249,sub_51242,1094.69,2024-06-16
inv_107250,sub_52922,1438.69,2023-05-29
inv_107251,sub_50912,663.79,2024-07-19
inv_107252,sub_52137,1185.51,2023-07-31
inv_107253,sub_50281,237.59,2024-06-01
inv_107254,sub_50732,1007.46,2024-11-23
inv_107255,sub_52390,1229.67,2024-06-22
inv_107256,sub_51003,1034.28,2023-01-13
inv_107257,sub_51101,407.23,2023-02-02
inv_107258,sub_52112,1233.66,2023-07-31
inv_107259,sub_53491,462.97,2024-05-13
inv_107260,sub_51178,399.19,2024-03-22
inv_107261,sub_52204,922.77,2024-03-08
inv_107262,sub_52266,353.61,2024-09-11
inv_107263,sub_53776,1352.2,2024-08-09
inv_107264,sub_53204,233.69,2024-12-16
inv_107265,sub_53634,748.41,2024-12-27
inv_107266,sub_50788,1244.92,2023-09-25
inv_107268,sub_53224,1095.64,2024-06-18
inv_107269,sub_52905,1167.39,2023-10-08
inv_107270,sub_50716,1349.91,2023-08-07
inv_107271,sub_51080,1035.8,2023-06-01
inv_107272,sub_53799,1213.03,2023-08-09
inv_107273,sub_52181,893.04,2024-02-29
inv_107274,sub_53582,736.49,2023-01-04
inv_107275,sub_50799,634.07,2023-01-22
inv_107276,sub_51033,1425.6,2023-06-23
inv_107277,sub_51552,103.82,2023-02-08
inv_107278,sub_51503,715.18,2023-12-04
inv_107279,sub_50344,1188.04,2024-05-28
inv_107280,sub_51120,402.11,2024-04-09
inv_107281,sub_52694,389.8,2023-09-14
inv_107282,sub_53605,643.24,2024-07-24
inv_107283,sub_53602,267.29,2023-12-23
inv_107284,sub_52044,1174.25,2023-02-25
inv_107285,sub_51759,495.08,2023-09-07
inv_107286,sub_50712,65.99,2023-08-10
inv_107287,sub_51858,454.05,2023-12-29
inv_107288,sub_50587,1175.6,2024-12-04
inv_107289,sub_52557,958.0,2023-04-13
inv_107290,sub_53139,431.49,2024-08-28
inv_107291,sub_53179,93.76,2023-03-23
inv_107292,sub_51415,772.67,2024-10-08
inv_107293,sub_52467,1162.17,2024-07-31
inv_107294,sub_50575,1025.88,2024-09-07
inv_107295,sub_50692,1485.7,2024-04-15
inv_107296,sub_50332,670.58,2023-11-08
inv_107297,sub_51045,246.75,2023-09-01
inv_107299,sub_51510,1245.65,2024-10-08
inv_107300,sub_52549,271.04,2024-08-09
inv_107301,sub_50271,1363.77,2023-02-06
inv_107302,sub_50209,530.98,2023-08-06
inv_107303,sub_50780,104.18,2023-01-19
inv_107304,sub_51487,528.54,2024-11-04
inv_107305,sub_51635,366.4,2023-02-27
inv_107306,sub_50740,299.32,2024-12-18
inv_107307,sub_53109,491.96,2023-02-03
inv_107308,sub_52403,882.6,2024-08-14
inv_107309,sub_53463,26.69,2023-01-01
inv_107310,sub_52876,1182.51,2024-08-20
inv_107311,sub_53691,1269.11,2024-03-21
inv_107312,sub_52813,992.09,2024-04-12
inv_107313,sub_52192,848.34,2024-03-19
inv_107314,sub_50590,1346.4,2023-06-29
inv_107315,sub_52330,152.64,2024-03-30
inv_107316,sub_52855,671.1,2023-09-28
inv_107317,sub_50650,1234.51,2023-02-21
inv_107318,sub_50886,729.8,2023-02-07
inv_107319,sub_51019,236.81,2024-01-02
inv_107320,sub_50363,724.31,2023-01-11
inv_107321,sub_52922,721.55,2024-02-25
inv_107322,sub_51808,1393.5,2024-12-27
inv_107323,sub_53894,699.54,2024-08-09
inv_107324,sub_51505,758.77,2023-01-02
inv_107325,sub_51277,798.49,2023-09-04
inv_107326,sub_53719,269.99,2024-01-08
inv_107327,sub_52589,648.36,2023-05-23
inv_107328,sub_53709,1075.86,2024-03-31
inv_107330,sub_50719,1094.96,2024-02-20
inv_107331,sub_53664,665.87,2024-02-02
inv_107332,sub_52600,1266.82,2023-02-10
inv_107333,sub_51978,1330.75,2024-01-20
inv_107334,sub_53184,300.48,2023-04-29
inv_107335,sub_53967,107.35,2024-03-09
inv_107336,sub_52055,204.26,2023-11-28
inv_107337,sub_53055,479.97,2023-09-14
inv_107338,sub_52728,443.4,2023-10-14
inv_107339,sub_53015,1443.49,2024-11-10
inv_107340,sub_51435,995.42,2024-10-30
inv_107341,sub_52563,1167.08,2024-10-31
inv_107342,sub_53050,306.09,2024-10-04
inv_107343,sub_51759,1338.25,2024-02-05
inv_107344,sub_52272,356.03,2024-07-27
inv_107345,sub_52420,753.62,2023-05-25
inv_107346,sub_51431,1209.48,2024-02-07
inv_107347,sub_53388,1322.21,2024-03-11
inv_107348,sub_51426,358.78,2023-09-15
inv_107349,sub_51075,1292.27,2024-08-19
inv_107350,sub_50621,1182.93,2023-01-12
inv_107351,sub_53589,193.65,2023-08-22
inv_107352,sub_53638,263.72,2024-11-14
inv_107353,sub_52920,744.4,2023-01-14
inv_107354,sub_52054,1098.84,2024-10-11
inv_107355,sub_50883,73.84,2023-02-16
inv_107356,sub_51829,139.54,2023-06-01
inv_107357,sub_51211,472.83,2024-11-06
inv_107358,sub_51870,1379.09,2023-04-11
inv_107359,sub_51875,1313.9,2023-01-23
inv_107361,sub_53848,641.12,2024-09-29
inv_107362,sub_52603,1116.93,2023-09-21
inv_107363,sub_52585,393.59,2024-01-31
inv_107364,sub_50221,231.4,2023-01-30
inv_107365,sub_52410,1276.61,2023-07-31
inv_107366,sub_50030,419.16,2023-06-21
inv_107367,sub_50357,1389.17,2023-07-17
inv_107368,sub_50835,390.74,2023-01-05
inv_107369,sub_52226,438.59,2024-05-04
inv_107370,sub_51139,1403.88,2023-09-06
inv_107371,sub_51243,861.0,2024-06-05
inv_107372,sub_52272,719.52,2024-04-04
inv_107373,sub_51129,1175.17,2023-09-30
inv_107374,sub_53364,872.19,2024-03-21
inv_107375,sub_52860,687.7,2024-10-18
inv_107376,sub_53986,379.2,2024-10-01
inv_107377,sub_50198,797.79,2024-07-13
inv_107378,sub_52974,404.54,2024-01-04
inv_107379,sub_51953,132.16,2024-06-10
inv_107380,sub_53272,347.2,2023-06-22
inv_107381,sub_51249,152.03,2023-02-16
inv_107382,sub_53212,1170.27,2024-07-16
inv_107383,sub_52175,823.34,2024-07-02
inv_107384,sub_50727,1295.95,2024-07-18
inv_107385,sub_53214,720.17,2023-09-23
inv_107386,sub_52303,46.03,2024-02-21
inv_107387,sub_53647,1007.63,2023-12-21
inv_107388,sub_53316,600.02,2024-02-22
inv_107389,sub_51997,1250.19,2024-07-16
inv_107390,sub_53890,451.69,2023-01-27
inv_107392,sub_50298,1023.1,2023-07-05
inv_107393,sub_51772,621.94,2023-04-24
inv_107394,sub_53000,767.82,2023-09-26
inv_107395,sub_53942,1492.6,2023-03-02
inv_107396,sub_52519,1371.98,2023-07-26
inv_107397,sub_50663,1443.08,2023-03-13
inv_107398,sub_51162,559.02,2024-12-27
inv_107399,sub_50118,219.16,2024-09-06
inv_107400,sub_50124,1014.74,2023-10-16
inv_107401,sub_50743,395.39,2023-04-27
inv_107402,sub_50058,697.74,2023-04-18
inv_107403,sub_51077,1096.86,2023-05-15
inv_107404,sub_52667,684.72,2023-01-27
inv_107405,sub_53056,1420.03,2024-05-03
inv_107406,sub_50661,779.58,2023-02-05
inv_107407,sub_52488,99.82,2024-02-04
inv_107408,sub_53792,286.37,2023-09-11
inv_107409,sub_53586,1199.17,2024-05-03
inv_107410,sub_50865,94.7,2024-03-22
inv_107411,sub_50982,393.41,2023-10-11
inv_107412,sub_50998,651.02,2023-06-03
inv_107413,sub_52325,884.4,2023-07-14
inv_107414,sub_53036,885.32,2024-07-08
inv_107415,sub_50476,163.99,2023-03-29
inv_107416,sub_50646,1493.66,2024-05-07
inv_107417,sub_53475,644.76,2023-01-08
inv_107418,sub_53358,708.44,2023-02-14
inv_107419,sub_52668,520.2,2023-12-06
inv_107420,sub_52190,564.47,2023-08-08
inv_107421,sub_53478,114.66,2024-11-23
inv_107423,sub_52323,394.86,2023-10-22
inv_107424,sub_51672,1377.52,2024-07-10
inv_107425,sub_53265,143.99,2023-02-06
inv_107426,sub_50420,32.51,2024-06-21
inv_107427,sub_50916,98.71,2024-06-25
inv_107428,sub_53966,641.18,2024-09-05
inv_107429,sub_52735,856.06,2023-08-30
inv_107430,sub_51675,321.35,2024-04-15
inv_107431,sub_50114,1491.14,2024-12-02
inv_107432,sub_53153,629.79,2023-04-03
inv_107433,sub_51760,248.22,2023-08-24
inv_107434,sub_51384,873.59,2024-03-19
inv_107435,sub_53270,1254.55,2023-06-09
inv_107436,sub_52347,326.5,2024-09-18
inv_107437,sub_53908,1014.18,2024-07-16
inv_107438,sub_52023,414.37,2023-01-10
inv_107439,sub_52607,1406.03,2023-01-21
inv_107440,sub_50527,1213.27,2023-02-16
inv_107441,sub_52082,1286.17,2024-10-29
inv_107442,sub_50720,570.34,2023-11-19
inv_107443,sub_53484,646.99,2024-06-24
inv_107444,sub_51201,700.31,2024-09-06
inv_107445,sub_53567,158.86,2024-05-08
inv_107446,sub_50664,706.93,2024-12-29
inv_107447,sub_52115,1063.66,2023-07-02
inv_107448,sub_53189,1028.78,2024-04-10
inv_107449,sub_53296,263.01,2023-03-18
inv_107450,sub_53197,882.01,2024-12-11
inv_107451,sub_51866,564.42,2023-05-28
inv_107452,sub_53181,246.13,2023-12-14
inv_107454,sub_51252,224.87,2023-10-05
inv_107455,sub_50637,1294.3,2024-05-03
inv_107456,sub_52032,441.29,2024-06-22
inv_107457,sub_52708,669.11,2023-03-16
inv_107458,sub_52714,58.85,2024-05-06
inv_107459,sub_51806,374.54,2024-05-29
inv_107460,sub_52626,1414.77,2024-01-11
inv_107461,sub_52245,263.07,2023-08-17
inv_107462,sub_50186,485.81,2024-11-28
inv_107463,sub_53907,1302.42,2023-03-24
inv_107464,sub_52116,599.41,2024-05-31
inv_107465,sub_50531,573.03,2023-07-25
inv_107466,sub_51619,1296.09,2024-08-06
inv_107467,sub_51966,565.41,2023-01-06
inv_107468,sub_51954,565.18,2023-05-17
inv_107469,sub_51623,925.92,2023-05-14
inv_107470,sub_51586,1352.8,2023-11-15
inv_107471,sub_50632,58.74,2023-05-27
inv_107472,sub_50721,1208.2,2024-10-24
inv_107473,sub_50365,358.62,2023-02-26
inv_107474,sub_51380,724.5,2024-09-19
inv_107475,sub_51860,925.1,2023-06-15
inv_107476,sub_51960,92.92,2023-08-26
inv_107477,sub_52028,955.32,2024-10-01
inv_107478,sub_51340,310.11,2023-08-10
inv_107479,sub_53189,1408.29,2023-06-14
inv_107480,sub_50587,1111.06,2023-09-23
inv_107481,sub_51915,1384.83,2023-08-14
inv_107482,sub_52503,426.18,2024-01-17
inv_107483,sub_51863,240.88,2024-07-26
inv_107485,sub_53974,771.47,2024-04-30
inv_107486,sub_52395,618.31,2024-09-30
inv_107487,sub_50697,746.82,2023-12-19
inv_107488,sub_52332,856.82,2024-06-03
inv_107489,sub_51160,911.08,2024-01-25
inv_107490,sub_50014,139.53,2024-04-30
inv_107491,sub_51435,990.08,2024-12-27
inv_107492,sub_53376,558.76,2023-06-03
inv_107493,sub_50664,1108.98,2024-12-18
inv_107494,sub_51824,124.72,2024-03-10
inv_107495,sub_52035,408.76,2023-05-04
inv_107496,sub_52211,820.33,2023-11-18
inv_107497,sub_50120,523.05,2023-07-23
inv_107498,sub_53785,818.4,2023-05-04
inv_107499,sub_51130,619.36,2023-04-10
inv_107500,sub_52683,774.0,2024-09-25
inv_107501,sub_51177,1345.13,2023-04-11
inv_107502,sub_51962,860.08,2024-05-25
inv_107503,sub_51519,795.88,2024-10-17
inv_107504,sub_50421,834.22,2023-08-16
inv_107505,sub_51759,1406.77,2024-11-06
inv_107506,sub_53546,50.55,2024-02-12
inv_107507,sub_51676,970.38,2024-09-18
inv_107508,sub_50812,1006.04,2023-04-24
inv_107509,sub_53165,700.26,2023-07-25
inv_107510,sub_50602,1118.05,2024-04-26
inv_107511,sub_50414,468.04,2024-07-08
inv_107512,sub_53223,1071.9,2024-08-05
inv_107513,sub_53331,142.93,2024-11-10
inv_107514,sub_53345,1263.38,2023-08-26
inv_107516,sub_51102,494.66,2023-10-19
inv_107517,sub_51709,1340.37,2024-03-15
inv_107518,sub_52733,89.59,2024-04-22
inv_107519,sub_53201,658.4,2024-10-19
inv_107520,sub_52498,56.83,2024-12-20
inv_107521,sub_53769,719.47,2023-03-15
inv_107522,sub_52118,919.61,2023-11-07
inv_107523,sub_52457,932.51,2023-02-08
inv_107524,sub_51879,57.79,2023-12-12
inv_107525,sub_53740,1470.33,2023-10-10
inv_107526,sub_52288,1190.76,2023-06-29
inv_107527,sub_50502,368.11,2024-11-14
inv_107528,sub_51158,1034.74,2024-08-17
inv_107529,sub_53903,723.89,2024-12-26
inv_107530,sub_51454,854.78,2024-08-17
inv_107531,sub_53371,302.81,2023-07-22
inv_107532,sub_52049,475.31,2024-03-05
inv_107533,sub_53105,143.36,2024-10-15
inv_107534,sub_53434,1050.99,2023-12-18
inv_107535,sub_51342,524.92,2024-09-12
inv_107536,sub_53483,284.69,2023-03-17
inv_107537,sub_52853,465.55,2023-07-23
inv_107538,sub_52628,1377.67,2024-12-24
inv_107539,sub_50542,1226.12,2024-07-03
inv_107540,sub_51923,1223.55,2024-12-12
inv_107541,sub_53570,1340.71,2023-03-18
inv_107542,sub_51733,212.22,2024-10-13
inv_107543,sub_53543,910.63,2024-07-08
inv_107544,sub_52654,362.23,2024-08-13
inv_107545,sub_50423,343.16,2023-02-28
inv_107547,sub_50641,1369.55,2023-07-24
inv_107548,sub_53206,236.3,2024-11-21
inv_107549,sub_51346,895.29,2024-02-25
inv_107550,sub_52604,591.02,2023-04-16
inv_107551,sub_50224,711.09,2023-10-20
inv_107552,sub_51568,448.43,2023-09-16
inv_107553,sub_50864,928.24,2024-09-29
inv_107554,sub_53182,225.49,2024-03-13
inv_107555,sub_50499,1197.91,2023-02-27
inv_107556,sub_51101,1427.54,2024-11-09
inv_107557,sub_52842,835.31,2023-11-26
inv_107558,sub_52029,812.7,2024-09-26
inv_107559,sub_53800,1036.76,2024-04-12
inv_107560,sub_52176,1326.88,2024-05-13
inv_107561,sub_51963,511.44,2023-01-08
inv_107562,sub_51869,175.51,2023-03-21
inv_107563,sub_52770,42.7,2024-01-18
inv_107564,sub_51399,978.78,2023-02-10
inv_107565,sub_52221,464.13,2023-08-22
inv_107566,sub_50670,313.04,2023-10-06
inv_107567,sub_52371,708.66,2023-06-10
inv_107568,sub_52010,1233.78,2024-10-21
inv_107569,sub_53740,564.16,2024-03-16
inv_107570,sub_51855,1233.06,2024-12-28
inv_107571,sub_50251,735.47,2023-03-05
inv_107572,sub_52402,144.84,2024-10-20
inv_107573,sub_51706,132.55,2023-02-12
inv_107574,sub_53801,1485.03,2024-06-29
inv_107575,sub_53318,1375.82,2023-10-11
inv_107576,sub_53928,1241.48,2024-03-21
inv_107578,sub_51619,738.55,2024-07-23
inv_107579,sub_50081,1206.52,2024-08-18
inv_107580,sub_53064,481.38,2024-07-13
inv_107581,sub_50892,1032.21,2023-03-09
inv_107582,sub_50826,316.91,2023-12-14
inv_107583,sub_53626,867.88,2024-04-21
inv_107584,sub_52774,517.93,2024-12-15
inv_107585,sub_52977,146.99,2024-07-26
inv_107586,sub_53171,301.85,2023-10-18
inv_107587,sub_50468,49.88,2024-12-26
inv_107588,sub_50537,1143.23,2024-03-08
inv_107589,sub_51202,35.01,2023-08-18
inv_107590,sub_51194,1476.67,2024-06-20
inv_107591,sub_53349,1251.82,2024-10-13
inv_107592,sub_52477,96.49,2023-09-14
inv_107593,sub_53796,114.45,2023-02-11
inv_107594,sub_52953,227.61,2023-04-05
inv_107595,sub_50409,860.15,2023-05-25
inv_107596,sub_51211,1394.78,2023-03-23
inv_107597,sub_50773,1484.12,2024-12-23
inv_107598,sub_50331,643.4,2023-05-21
inv_107599,sub_53551,658.65,2024-10-31
inv_107600,sub_53753,725.87,2023-07-06
inv_107601,sub_53560,20.44,2024-11-03
inv_107602,sub_52029,1354.74,2024-07-28
inv_107603,sub_53249,387.44,2023-05-12
inv_107604,sub_51190,1369.34,2023-08-12
inv_107605,sub_51454,624.94,2023-04-27
inv_107606,sub_50410,1417.5,2024-12-08
inv_107607,sub_52570,200.01,2023-08-16
inv_107609,sub_53850,1042.62,2024-08-01
inv_107610,sub_50495,784.18,2023-09-03
inv_107611,sub_52072,1476.21,2024-07-17
inv_107612,sub_50992,297.68,2024-03-22
inv_107613,sub_52091,723.43,2024-02-24
inv_107614,sub_53286,335.32,2024-04-21
inv_107615,sub_50981,105.65,2023-02-02
inv_107616,sub_53017,307.25,2024-12-15
inv_107617,sub_50486,735.05,2024-07-30
inv_107618,sub_50543,787.61,2023-01-09
inv_107619,sub_53493,1335.03,2024-11-29
inv_107620,sub_53703,476.59,2024-04-22
inv_107621,sub_53649,1477.79,2023-05-13
inv_107622,sub_51984,1447.59,2023-12-26
inv_107623,sub_50737,796.04,2024-06-13
inv_107624,sub_50634,1163.03,2024-08-30
inv_107625,sub_51415,100.87,2024-04-21
inv_107626,sub_53898,473.69,2024-08-30
inv_107627,sub_53762,922.1,2023-01-05
inv_107628,sub_51352,770.12,2024-08-03
inv_107629,sub_52285,949.58,2023-03-02
inv_107630,sub_52605,702.64,2024-09-01
inv_107631,sub_53762,122.2,2024-09-06
inv_107632,sub_53129,153.51,2024-10-05
inv_107633,sub_51463,1129.5,2024-07-21
inv_107634,sub_50890,1258.38,2023-09-18
inv_107635,sub_51465,290.72,2023-11-17
inv_107636,sub_51134,622.73,2024-12-06
inv_107637,sub_51994,517.21,2023-06-03
inv_107638,sub_50379,42.18,2023-07-05
inv_107640,sub_53702,1454.21,2023-08-08
inv_107641,sub_53226,1025.06,2024-10-18
inv_107642,sub_50079,279.28,2024-06-28
inv_107643,sub_52520,1157.52,2024-05-08
inv_107644,sub_53246,188.54,2024-09-24
inv_107645,sub_50393,1162.85,2024-08-28
inv_107646,sub_53123,177.0,2023-02-20
inv_107647,sub_53688,893.66,2023-05-19
inv_107648,sub_51589,844.52,2024-03-24
inv_107649,sub_53245,1212.22,2023-09-04
inv_107650,sub_52383,1104.4,2024-11-22
inv_107651,sub_51328,341.79,2023-06-23
inv_107652,sub_53918,735.52,2024-07-17
inv_107653,sub_51774,1241.87,2024-06-02
inv_107654,sub_50699,712.06,2023-08-03
inv_107655,sub_52927,370.46,2024-02-28
inv_107656,sub_51972,657.64,2024-08-22
inv_107657,sub_51492,1370.0,2024-08-28
inv_107658,sub_51232,933.62,2023-05-06
inv_107659,sub_53982,868.87,2024-07-31
inv_107660,sub_52556,641.86,2023-10-30
inv_107661,sub_52613,792.1,2023-05-06
inv_107662,sub_53196,927.37,2024-10-11
inv_107663,sub_53236,489.28,2024-05-19
inv_107664,sub_52039,1462.38,2023-03-24
inv_107665,sub_53836,1092.27,2024-02-10
inv_107666,sub_51525,1133.38,2024-07-25
inv_107667,sub_52527,696.54,2023-08-03
inv_107668,sub_51866,551.61,2023-02-16
inv_107669,sub_51877,49.03,2023-01-05
inv_107671,sub_52129,187.93,2024-05-24
inv_107672,sub_51362,909.86,2023-05-14
inv_107673,sub_52598,301.56,2023-01-14
inv_107674,sub_51024,631.05,2024-06-29
inv_107675,sub_52068,656.52,2024-08-12
inv_107676,sub_51013,153.81,2023-11-09
inv_107677,sub_52213,680.29,2023-01-28
inv_107678,sub_52934,940.52,2024-04-27
inv_107679,sub_53021,289.85,2023-02-05
inv_107680,sub_53146,614.99,2024-06-22
inv_107681,sub_52187,1123.82,2023-03-06
inv_107682,sub_52744,1462.89,2024-04-19
inv_107683,sub_52458,1295.99,2024-06-02
inv_107684,sub_51185,1172.69,2023-04-22
inv_107685,sub_52677,284.74,2024-02-11
inv_107686,sub_53885,451.59,2023-09-11
inv_107687,sub_52280,1478.47,2024-03-22
inv_107688,sub_53916,1385.25,2024-06-19
inv_107689,sub_52102,28.39,2023-04-17
inv_107690,sub_50514,625.05,2024-11-22
inv_107691,sub_50366,788.71,2024-11-15
inv_107692,sub_50014,701.1,2023-02-08
inv_107693,sub_53522,87.31,2024-03-29
inv_107694,sub_53892,461.83,2023-12-24
inv_107695,sub_50434,1221.82,2023-02-02
inv_107696,sub_50313,690.4,2023-11-25
inv_107697,sub_50439,1497.24,2024-04-12
inv_107698,sub_51570,1178.64,2024-07-15
inv_107699,sub_51013,454.35,2023-05-12
inv_107700,sub_53521,1407.89,2024-09-22
inv_107702,sub_50999,559.88,2023-03-28
inv_107703,sub_50310,98.48,2023-10-15
inv_107704,sub_53915,1456.8,2023-11-26
inv_107705,sub_50693,31.07,2023-08-20
inv_107706,sub_52094,766.2,2024-08-06
inv_107707,sub_53833,256.55,2023-12-04
inv_107708,sub_51813,1269.89,2024-02-16
inv_107709,sub_53665,234.23,2023-08-08
inv_107710,sub_50047,406.98,2023-10-20
inv_107711,sub_53676,104.12,2024-06-11
inv_107712,sub_52267,1433.27,2024-03-26
inv_107713,sub_53820,449.67,2024-09-01
inv_107714,sub_51770,164.57,2023-01-08
inv_107715,sub_52659,496.19,2024-09-27
inv_107716,sub_50271,276.46,2024-05-17
inv_107717,sub_51684,714.74,2023-05-19
inv_107718,sub_52041,1083.58,2023-11-30
inv_107719,sub_51858,1184.62,2024-03-23
inv_107720,sub_51416,525.9,2024-12-09
inv_107721,sub_53295,248.0,2023-12-01
inv_107722,sub_51103,1364.96,2023-08-11
inv_107723,sub_51881,1212.42,2023-11-13
inv_107724,sub_51638,1373.58,2024-11-25
inv_107725,sub_50179,649.03,2023-11-05
inv_107726,sub_52036,1166.31,2023-09-15
inv_107727,sub_50246,572.0,2023-01-01
inv_107728,sub_53182,963.93,2023-10-20
inv_107729,sub_51081,39.35,2024-07-18
inv_107730,sub_53317,388.66,2024-02-04
inv_107731,sub_52395,1412.01,2023-03-18
inv_107733,sub_51675,80.36,2024-10-28
inv_107734,sub_51642,1200.3,2023-11-12
inv_107735,sub_52748,168.41,2023-05-23
inv_107736,sub_50758,36.24,2023-09-25
inv_107737,sub_51537,817.66,2023-10-18
inv_107738,sub_50940,1246.94,2024-06-19
inv_107739,sub_53784,1374.41,2024-08-28
inv_107740,sub_51384,392.54,2024-04-02
inv_107741,sub_52957,135.35,2024-01-30
inv_107742,sub_53993,1165.13,2023-09-26
inv_107743,sub_52158,65.66,2024-04-24
inv_107744,sub_53464,1352.16,2023-08-29
inv_107745,sub_51340,825.48,2023-09-26
inv_107746,sub_51084,530.14,2024-07-23
inv_107747,sub_50506,206.49,2024-02-19
inv_107748,sub_50385,1013.57,2023-11-29
inv_107749,sub_51880,86.84,2024-06-30
inv_107750,sub_50538,724.7,2024-08-04
inv_107751,sub_50028,799.32,2023-06-24
inv_107752,sub_52408,64.48,2023-05-03
inv_107753,sub_53088,832.74,2023-04-19
inv_107754,sub_50768,553.54,2024-07-09
inv_107755,sub_52671,1265.34,2023-01-21
inv_107756,sub_52808,1020.16,2023-08-18
inv_107757,sub_53144,861.33,2024-08-11
inv_107758,sub_52194,803.52,2023-08-25
inv_107759,sub_50699,1182.04,2024-01-03
inv_107760,sub_53638,457.15,2023-06-19
inv_107761,sub_52067,653.67,2023-11-03
inv_107762,sub_52617,1029.37,2023-09-29
inv_107764,sub_53283,1394.72,2023-10-30
inv_107765,sub_53609,734.7,2024-02-19
inv_107766,sub_52707,1354.21,2024-10-20
inv_107767,sub_51761,991.2,2023-10-31
inv_107768,sub_50746,510.91,2023-12-06
inv_107769,sub_51987,927.43,2023-09-05
inv_107770,sub_51240,700.43,2024-08-13
inv_107771,sub_51822,537.36,2023-05-26
inv_107772,sub_51046,129.14,2024-03-28
inv_107773,sub_53242,1138.03,2023-11-13
inv_107774,sub_50725,1235.36,2023-12-07
inv_107775,sub_50164,891.14,2023-02-17
inv_107776,sub_50981,110.76,2023-03-30
inv_107777,sub_53463,943.59,2023-06-23
inv_107778,sub_53239,1491.03,2024-07-06
inv_107779,sub_53789,525.83,2023-01-01
inv_107780,sub_52993,1045.03,2023-11-04
inv_107781,sub_51877,169.19,2023-06-21
inv_107782,sub_52027,1387.8,2024-01-22
inv_107783,sub_51001,1068.73,2024-01-24
inv_107784,sub_53852,1298.47,2024-05-09
inv_107785,sub_50100,887.14,2024-08-21
inv_107786,sub_50044,442.18,2023-02-12
inv_107787,sub_52213,310.15,2024-09-27
inv_107788,sub_53895,392.01,2024-04-28
inv_107789,sub_50739,1234.28,2024-04-19
inv_107790,sub_51722,871.19,2023-07-24
inv_107791,sub_53302,1300.15,2024-07-09
inv_107792,sub_53225,930.46,2023-07-10
inv_107793,sub_50678,801.18,2024-12-04
inv_107795,sub_53213,288.33,2024-01-28
inv_107796,sub_52371,731.0,2023-08-15
inv_107797,sub_53215,620.89,2024-01-01
inv_107798,sub_52639,762.08,2023-03-07
inv_107799,sub_50871,1428.91,2023-06-26
inv_107800,sub_53346,833.48,2023-12-26
inv_107801,sub_52536,63.99,2024-05-09
inv_107802,sub_51710,546.66,2023-12-31
inv_107803,sub_51298,1471.41,2023-02-28
inv_107804,sub_50232,895.88,2023-08-08
inv_107805,sub_52370,1068.07,2023-10-28
inv_107806,sub_52631,910.59,2024-05-06
inv_107807,sub_50034,457.74,2024-04-29
inv_107808,sub_53761,111.9,2023-08-15
inv_107809,sub_52949,437.16,2023-12-09
inv_107810,sub_50550,1033.88,2024-08-18
inv_107811,sub_53232,414.04,2024-08-18
inv_107812,sub_50455,1213.15,2023-10-17
inv_107813,sub_53812,513.69,2024-07-02
inv_107814,sub_53302,936.45,2024-10-01
inv_107815,sub_51853,64.23,2024-07-05
inv_107816,sub_53463,1179.61,2024-10-20
inv_107817,sub_53794,1061.61,2024-02-21
inv_107818,sub_53202,1418.0,2023-02-05
inv_107819,sub_52124,1452.3,2024-02-20
inv_107820,sub_53162,1443.8,2024-02-05
inv_107821,sub_53832,652.09,2024-12-29
inv_107822,sub_52647,199.35,2024-12-24
inv_107823,sub_53912,179.74,2023-02-11
inv_107824,sub_51869,134.85,2024-02-21
inv_107826,sub_51447,608.72,2023-01-26
inv_107827,sub_53655,1372.54,2024-01-26
inv_107828,sub_52370,810.93,2023-08-24
inv_107829,sub_51359,1004.92,2024-02-24
inv_107830,sub_52310,1477.07,2024-08-02
inv_107831,sub_53581,80.79,2023-11-07
inv_107832,sub_52066,936.46,2024-10-11
inv_107833,sub_51998,1308.02,2023-10-31
inv_107834,sub_52063,430.58,2023-04-22
inv_107835,sub_52401,866.27,2024-05-16
inv_107836,sub_51364,1191.76,2023-08-24
inv_107837,sub_52909,1308.17,2024-06-11
inv_107838,sub_53769,1352.1,2024-08-25
inv_107839,sub_50929,1234.47,2023-07-07
inv_107840,sub_50923,533.3,2024-09-22
inv_107841,sub_52381,1296.58,2023-02-23
inv_107842,sub_51862,174.97,2024-05-23
inv_107843,sub_50619,949.96,2023-09-16
inv_107844,sub_51533,579.55,2023-07-09
inv_107845,sub_52438,267.28,2023-04-09
inv_107846,sub_50561,223.79,2023-03-01
inv_107847,sub_51609,1482.84,2023-10-31
inv_107848,sub_50842,703.76,2024-01-25
inv_107849,sub_50572,667.92,2023-09-14
inv_107850,sub_51679,419.57,2024-06-16
inv_107851,sub_52003,784.44,2023-05-24
inv_107852,sub_51880,989.19,2024-06-08
inv_107853,sub_51825,362.23,2024-07-09
inv_107854,sub_52787,641.99,2023-12-31
inv_107855,sub_52860,838.28,2023-07-04
inv_107857,sub_53352,1375.9,2024-03-01
inv_107858,sub_50535,689.64,2024-04-09
inv_107859,sub_53515,954.08,2024-06-04
inv_107860,sub_52455,288.8,2023-07-20
inv_107861,sub_52302,821.0,2023-06-07
inv_107862,sub_52432,812.23,2023-11-19
inv_107863,sub_51587,225.95,2023-04-12
inv_107864,sub_52997,141.35,2024-01-17
inv_107865,sub_53599,657.72,2024-09-03
inv_107866,sub_51506,102.09,2023-05-13
inv_107867,sub_53373,621.87,2024-08-01
inv_107868,sub_51648,1191.05,2024-10-29
inv_107869,sub_52404,862.51,2023-03-12
inv_107870,sub_51842,858.85,2024-01-30
inv_107871,sub_53001,1481.21,2024-02-17
inv_107872,sub_52464,451.26,2024-05-11
inv_107873,sub_53499,160.07,2023-07-01
inv_107874,sub_51327,612.81,2024-04-04
inv_107875,sub_50967,977.13,2024-01-20
inv_107876,sub_50529,698.6,2023-11-01
inv_107877,sub_50776,537.21,2024-04-09
inv_107878,sub_51779,527.09,2023-08-15
inv_107879,sub_52326,1330.19,2024-10-10
inv_107880,sub_51681,244.94,2024-06-08
inv_107881,sub_50926,524.83,2023-05-28
inv_107882,sub_53030,410.92,2023-03-20
inv_107883,sub_51555,1036.54,2024-01-31
inv_107884,sub_50370,1056.16,2024-02-10
inv_107885,sub_51703,791.3,2024-06-12
inv_107886,sub_50531,350.31,2023-06-27
inv_107888,sub_51663,461.49,2024-08-20
inv_107889,sub_50680,968.25,2024-10-06
inv_107890,sub_53743,290.7,2023-06-26
inv_107891,sub_50175,1304.39,2024-01-30
inv_107892,sub_51815,941.22,2023-09-10
inv_107893,sub_53527,828.56,2024-05-25
inv_107894,sub_50806,553.01,2024-09-08
inv_107895,sub_52674,1132.48,2023-02-05
inv_107896,sub_51302,348.43,2024-07-19
inv_107897,sub_52689,1362.62,2024-03-13
inv_107898,sub_53167,509.73,2023-12-12
inv_107899,sub_50484,1301.23,2024-02-07
inv_107900,sub_50391,127.67,2023-09-01
inv_107901,sub_52302,867.21,2023-10-21
inv_107902,sub_53371,1030.47,2024-08-15
inv_107903,sub_53261,1215.31,2023-11-12
inv_107904,sub_50475,383.01,2023-01-02
inv_107905,sub_53501,281.86,2024-09-08
inv_107906,sub_53739,321.75,2024-12-10
inv_107907,sub_50556,1334.29,2024-03-10
inv_107908,sub_50400,295.54,2024-07-24
inv_107909,sub_52942,1005.16,2023-05-23
inv_107910,sub_50665,735.36,2023-11-28
inv_107911,sub_50868,263.6,2024-11-12
inv_107912,sub_53499,632.22,2023-06-15
inv_107913,sub_51612,1303.73,2023-07-11
inv_107914,sub_50128,1187.47,2024-03-21
inv_107915,sub_52374,89.88,2024-03-31
inv_107916,sub_51629,463.27,2024-02-02
inv_107917,sub_53836,1389.04,2024-04-06
inv_107919,sub_51251,531.75,2024-06-17
inv_107920,sub_51276,607.07,2023-07-16
inv_107921,sub_50088,819.62,2024-05-27
inv_107922,sub_50919,77.8,2024-12-14
inv_107923,sub_50373,310.58,2023-03-22
inv_107924,sub_51100,236.17,2023-07-13
inv_107925,sub_50969,411.46,2023-12-11
inv_107926,sub_52744,1180.29,2024-12-14
inv_107927,sub_51984,1194.37,2024-01-10
inv_107928,sub_50055,241.33,2023-04-14
inv_107929,sub_53477,941.42,2023-08-29
inv_107930,sub_50605,412.47,2023-09-14
inv_107931,sub_50395,1380.67,2023-08-31
inv_107932,sub_50940,238.85,2024-10-09
inv_107933,sub_50735,407.34,2024-12-13
inv_107934,sub_51340,716.97,2024-07-23
inv_107935,sub_50871,333.27,2024-05-11
inv_107936,sub_52424,386.31,2023-01-04
inv_107937,sub_52185,608.26,2024-06-08
inv_107938,sub_53037,228.63,2024-07-09
inv_107939,sub_52234,1443.64,2023-05-17
inv_107940,sub_53681,1371.74,2024-10-24
inv_107941,sub_52347,1331.77,2024-04-09
inv_107942,sub_53780,1101.53,2023-04-01
inv_107943,sub_50334,159.62,2023-06-28
inv_107944,sub_50006,834.58,2023-11-28
inv_107945,sub_51034,246.72,2024-08-15
inv_107946,sub_53092,544.36,2023-01-16
inv_107947,sub_53419,129.06,2024-09-30
inv_107948,sub_52827,656.32,2023-11-07
inv_107950,sub_50955,674.1,2023-12-08
inv_107951,sub_51758,1242.6,2024-03-04
inv_107952,sub_53582,844.53,2023-05-05
inv_107953,sub_51265,1399.65,2023-07-19
inv_107954,sub_52933,957.83,2024-10-31
inv_107955,sub_51426,394.23,2024-04-19
inv_107956,sub_51125,27.94,2023-05-07
inv_107957,sub_52903,471.56,2024-01-17
inv_107958,sub_52652,1027.25,2023-12-13
inv_107959,sub_51077,347.86,2024-02-08
inv_107960,sub_50955,560.64,2023-02-23
inv_107961,sub_53603,1133.25,2023-06-27
inv_107962,sub_51765,325.02,2024-08-28
inv_107963,sub_50243,1261.38,2024-01-25
inv_107964,sub_52242,1287.64,2024-04-11
inv_107965,sub_51952,1262.89,2024-01-29
inv_107966,sub_50966,60.05,2024-12-15
inv_107967,sub_50925,281.75,2023-05-01
inv_107968,sub_52148,1063.44,2023-08-06
inv_107969,sub_52226,1092.04,2023-06-03
inv_107970,sub_51866,531.87,2023-01-09
inv_107971,sub_52802,674.95,2023-02-12
inv_107972,sub_52251,1218.15,2023-01-17
inv_107973,sub_51187,442.91,2023-06-18
inv_107974,sub_52549,702.8,2023-01-06
inv_107975,sub_53952,336.27,2024-03-08
inv_107976,sub_50412,998.72,2024-05-26
inv_107977,sub_53230,379.15,2024-02-15
inv_107978,sub_50839,1081.91,2023-12-25
inv_107979,sub_53721,517.68,2024-03-04
inv_107981,sub_53930,543.94,2024-10-09
inv_107982,sub_52508,1344.05,2023-07-15
inv_107983,sub_50108,463.67,2024-06-17
inv_107984,sub_51573,153.86,2023-01-29
inv_107985,sub_53334,733.19,2024-11-02
inv_107986,sub_53896,972.44,2024-01-24
inv_107987,sub_51893,285.9,2023-03-04
inv_107988,sub_52511,974.96,2023-12-10
inv_107989,sub_50200,1388.77,2024-07-22
inv_107990,sub_53090,358.94,2023-03-13
inv_107991,sub_50287,1024.96,2024-08-30
inv_107992,sub_50135,1065.17,2024-01-20
inv_107993,sub_50968,203.1,2024-10-18
inv_107994,sub_51881,1303.71,2023-03-11
inv_107995,sub_51266,360.91,2023-09-26
inv_107996,sub_50587,513.33,2024-05-10
inv_107997,sub_52033,989.05,2023-03-30
inv_107998,sub_50890,789.66,2024-10-17
inv_107999,sub_52938,283.55,2024-11-21
inv_108000,sub_53523,1190.9,2023-10-21
inv_108001,sub_51232,1436.86,2024-10-01
inv_108002,sub_50957,391.0,2023-11-29
inv_108003,sub_51072,1199.71,2023-06-17
inv_108004,sub_53148,634.93,2024-02-22
inv_108005,sub_53950,569.48,2024-04-25
inv_108006,sub_51296,441.22,2023-04-04
inv_108007,sub_51903,1333.19,2023-02-14
inv_108008,sub_52487,477.45,2023-01-05
inv_108009,sub_50963,91.08,2023-01-23
inv_108010,sub_51320,1481.21,2023-12-30
inv_108012,sub_53667,182.7,2023-04-19
inv_108013,sub_50043,634.07,2024-12-03
inv_108014,sub_52994,878.84,2023-08-20
inv_108015,sub_50784,219.86,2023-08-16
inv_108016,sub_50500,948.5,2023-01-17
inv_108017,sub_52978,1341.02,2024-10-20
inv_108018,sub_51340,248.58,2023-07-17
inv_108019,sub_50624,116.38,2023-08-23
inv_108020,sub_50666,385.52,2023-01-15
inv_108021,sub_51165,1115.79,2023-06-20
inv_108022,sub_51253,476.15,2023-03-14
inv_108023,sub_51141,868.17,2024-04-08
inv_108024,sub_50457,754.04,2023-07-10
inv_108025,sub_52586,320.14,2024-10-28
inv_108026,sub_52439,1077.32,2024-09-21
inv_108027,sub_52400,214.56,2024-01-15
inv_108028,sub_50823,565.74,2024-07-16
inv_108029,sub_50430,602.07,2023-04-10
inv_108030,sub_53337,891.31,2023-06-21
inv_108031,sub_53448,43.46,2023-07-17
inv_108032,sub_51716,553.73,2023-10-08
inv_108033,sub_50468,1115.92,2023-02-27
inv_108034,sub_53746,699.21,2023-05-14
inv_108035,sub_52137,943.66,2024-11-09
inv_108036,sub_53397,117.09,2024-03-16
inv_108037,sub_53186,1360.84,2023-05-31
inv_108038,sub_51654,187.96,2023-04-24
inv_108039,sub_51974,147.6,2023-08-14
inv_108040,sub_50573,1306.34,2024-12-23
inv_108041,sub_50795,318.62,2023-03-23
inv_108043,sub_51503,197.32,2023-05-04
inv_108044,sub_51644,318.32,2024-04-21
inv_108045,sub_50406,562.94,2024-11-19
inv_108046,sub_52543,220.01,2024-05-03
inv_108047,sub_51669,946.01,2023-04-27
inv_108048,sub_51604,1166.44,2023-08-05
inv_108049,sub_51462,60.49,2024-06-10
inv_108050,sub_53089,1062.81,2024-02-15
inv_108051,sub_52365,724.8,2023-11-01
inv_108052,sub_51783,221.37,2024-03-21
inv_108053,sub_51336,303.24,2024-12-20
inv_108054,sub_50129,343.08,2023-10-15
inv_108055,sub_53911,339.01,2023-12-18
inv_108056,sub_51096,48.78,2024-03-27
inv_108057,sub_51116,1227.56,2023-10-19
inv_108058,sub_51243,151.81,2024-07-12
inv_108059,sub_52073,1126.72,2024-10-26
inv_108060,sub_50059,90.89,2024-05-11
inv_108061,sub_50286,1318.11,2024-09-15
inv_108062,sub_53684,1458.19,2023-03-13
inv_108063,sub_50090,1269.14,2024-04-07
inv_108064,sub_50419,393.88,2024-09-28
inv_108065,sub_50312,1149.2,2024-07-10
inv_108066,sub_50612,1084.11,2024-06-30
inv_108067,sub_51696,993.71,2023-09-27
inv_108068,sub_50635,1027.58,2023-03-13
inv_108069,sub_53756,1086.34,2023-02-24
inv_108070,sub_53717,53.85,2024-09-15
inv_108071,sub_51324,1126.16,2023-11-06
inv_108072,sub_52024,1181.63,2023-08-29
inv_108074,sub_51557,149.93,2023-11-05
inv_108075,sub_52137,1416.11,2024-06-08
inv_108076,sub_52088,884.32,2024-04-13
inv_108077,sub_51120,353.28,2023-11-17
inv_108078,sub_51930,692.74,2024-10-15
inv_108079,sub_50652,320.36,2024-01-03
inv_108080,sub_50572,1134.3,2023-07-23
inv_108081,sub_50720,910.05,2023-02-08
inv_108082,sub_53514,618.16,2024-02-14
inv_108083,sub_52516,899.38,2024-05-01
inv_108084,sub_51367,939.68,2024-04-08
inv_108085,sub_51928,981.39,2023-12-22
inv_108086,sub_51870,301.96,2024-01-07
inv_108087,sub_52372,592.86,2023-05-25
inv_108088,sub_53730,131.45,2024-12-07
inv_108089,sub_53087,1290.35,2023-09-17
inv_108090,sub_51975,1396.4,2023-04-18
inv_108091,sub_51756,1468.4,2024-05-13
inv_108092,sub_53658,267.3,2024-02-23
inv_108093,sub_52961,361.04,2023-05-21
inv_108094,sub_53174,1403.72,2023-11-04
inv_108095,sub_52220,258.61,2023-05-14
inv_108096,sub_50490,71.53,2024-06-19
inv_108097,sub_51612,820.11,2023-02-20
inv_108098,sub_52050,209.52,2024-12-25
inv_108099,sub_50147,166.33,2023-12-19
inv_108100,sub_51435,553.48,2023-02-04
inv_108101,sub_50363,557.58,2023-11-27
inv_108102,sub_53818,1466.56,2023-08-05
inv_108103,sub_52089,1393.87,2023-08-01
inv_108105,sub_50785,468.71,2024-01-22
inv_108106,sub_52691,1304.35,2024-05-18
inv_108107,sub_52734,580.71,2024-09-24
inv_108108,sub_51660,1032.54,2023-10-09
inv_108109,sub_52884,201.7,2023-07-09
inv_108110,sub_50439,911.36,2023-12-09
inv_108111,sub_53151,809.99,2024-12-18
inv_108112,sub_52487,288.21,2023-01-06
inv_108113,sub_50057,1394.15,2024-03-20
inv_108114,sub_52054,686.13,2024-02-09
inv_108115,sub_51030,202.78,2023-09-24
inv_108116,sub_50493,876.75,2024-12-27
inv_108117,sub_51257,338.27,2024-11-03
inv_108118,sub_50715,1408.52,2023-03-27
inv_108119,sub_53076,243.45,2023-09-01
inv_108120,sub_53804,719.79,2023-11-02
inv_108121,sub_51528,906.95,2023-04-01
inv_108122,sub_53459,927.14,2023-05-26
inv_108123,sub_50757,698.66,2024-05-29
inv_108124,sub_51286,886.38,2023-03-17
inv_108125,sub_51661,615.95,2024-10-28
inv_108126,sub_53948,113.25,2023-03-11
inv_108127,sub_52896,511.79,2024-02-25
inv_108128,sub_53803,889.14,2023-04-21
inv_108129,sub_50178,946.31,2023-12-09
inv_108130,sub_50413,1027.66,2024-09-24
inv_108131,sub_53552,675.58,2024-03-09
inv_108132,sub_52660,627.67,2024-12-09
inv_108133,sub_51149,1409.58,2024-02-16
inv_108134,sub_51960,196.94,2023-03-26
inv_108136,sub_50158,1074.72,2023-11-08
inv_108137,sub_51309,1321.02,2024-06-02
inv_108138,sub_53239,154.36,2024-03-28
inv_108139,sub_52619,461.43,2023-08-24
inv_108140,sub_52639,603.73,2024-11-03
inv_108141,sub_50457,511.12,2024-06-13
inv_108142,sub_53017,324.47,2023-06-02
inv_108143,sub_51744,440.47,2023-06-10
inv_108144,sub_51768,1175.38,2023-06-06
inv_108145,sub_50748,585.93,2024-03-03
inv_108146,sub_51221,25.93,2024-09-01
inv_108147,sub_50287,406.68,2023-04-16
inv_108148,sub_51960,616.41,2023-12-23
inv_108149,sub_51774,1072.52,2023-07-17
inv_108150,sub_50636,24.37,2024-08-24
inv_108151,sub_50071,120.88,2023-02-16
inv_108152,sub_52432,984.51,2023-10-11
inv_108153,sub_51347,1329.57,2024-01-24
inv_108154,sub_52005,594.92,2024-08-20
inv_108155,sub_50626,929.08,2024-02-11
inv_108156,sub_51656,755.85,2023-10-04
inv_108157,sub_53067,907.32,2024-02-06
inv_108158,sub_50775,917.33,2024-03-21
inv_108159,sub_52100,1449.81,2023-12-06
inv_108160,sub_51984,440.92,2024-08-04
inv_108161,sub_51071,1477.23,2023-05-16
inv_108162,sub_52865,534.51,2024-11-15
inv_108163,sub_51882,345.14,2024-05-09
inv_108164,sub_52739,139.59,2024-07-27
inv_108165,sub_52835,1091.25,2024-01-02
inv_108167,sub_51601,382.12,2023-07-29
inv_108168,sub_50047,912.55,2024-12-24
inv_108169,sub_53373,974.57,2023-01-15
inv_108170,sub_50762,1154.5,2024-01-30
inv_108171,sub_53071,1140.81,2023-02-05
inv_108172,sub_50381,830.72,2024-09-25
inv_108173,sub_53494,958.15,2023-02-27
inv_108174,sub_51325,1014.25,2024-07-26
inv_108175,sub_52779,1408.7,2023-11-28
inv_108176,sub_52555,1024.21,2023-08-13
inv_108177,sub_53310,985.77,2023-12-28
inv_108178,sub_53282,298.84,2024-04-08
inv_108179,sub_52619,286.62,2023-10-19
inv_108180,sub_51861,686.16,2023-01-18
inv_108181,sub_50125,1347.01,2024-06-03
inv_108182,sub_50550,783.78,2024-02-23
inv_108183,sub_53881,337.55,2023-01-13
inv_108184,sub_50092,24.81,2023-07-29
inv_108185,sub_51679,1235.88,2024-03-15
inv_108186,sub_51039,704.62,2024-03-17
inv_108187,sub_52081,270.37,2023-05-22
inv_108188,sub_53619,236.51,2024-10-29
inv_108189,sub_52414,1049.92,2024-03-09
inv_108190,sub_53452,483.36,2024-12-21
inv_108191,sub_50849,77.82,2024-05-11
inv_108192,sub_51939,81.9,2024-11-30
inv_108193,sub_52446,1148.94,2023-08-28
inv_108194,sub_51091,553.78,2024-04-27
inv_108195,sub_51125,1499.05,2024-03-20
inv_108196,sub_51301,268.93,2023-09-06
inv_108198,sub_52207,1165.52,2023-07-01
inv_108199,sub_52781,534.71,2023-05-03
inv_108200,sub_50926,344.42,2023-09-01
inv_108201,sub_53059,587.67,2024-05-08
inv_108202,sub_51782,135.26,2023-10-08
inv_108203,sub_53531,65.08,2024-11-10
inv_108204,sub_53066,528.06,2024-05-04
inv_108205,sub_50424,1215.83,2024-11-02
inv_108206,sub_50498,1135.52,2024-08-08
inv_108207,sub_52870,221.73,2023-11-05
inv_108208,sub_50319,780.8,2024-07-08
inv_108209,sub_51783,1122.42,2024-04-01
inv_108210,sub_51114,1275.42,2023-07-09
inv_108211,sub_51049,501.8,2023-03-03
inv_108212,sub_51289,606.66,2024-10-05
inv_108213,sub_51199,113.86,2024-11-03
inv_108214,sub_51291,101.44,2024-03-25
inv_108215,sub_50270,980.01,2023-08-17
inv_108216,sub_53497,722.9,2024-06-11
inv_108217,sub_53077,301.62,2023-06-09
inv_108218,sub_52586,1276.33,2023-10-08
inv_108219,sub_53263,524.69,2024-06-06
inv_108220,sub_52653,21.81,2024-01-25
inv_108221,sub_52530,468.8,2024-01-24
inv_108222,sub_51662,739.31,2023-01-14
inv_108223,sub_51231,38.95,2023-12-15
inv_108224,sub_53244,1046.35,2023-03-30
inv_108225,sub_53096,843.73,2024-03-08
inv_108226,sub_51661,786.9,2023-06-04
inv_108227,sub_52584,654.6,2024-06-07
inv_108229,sub_52010,1117.3,2023-11-27
inv_108230,sub_50547,1029.61,2023-07-08
inv_108231,sub_50784,590.52,2023-04-15
inv_108232,sub_52418,168.59,2023-06-30
inv_108233,sub_50591,1274.32,2024-10-23
inv_108234,sub_51785,1358.11,2024-09-03
inv_108235,sub_53455,803.49,2023-06-26
inv_108236,sub_53263,645.72,2023-07-18
inv_108237,sub_53015,1399.83,2024-11-20
inv_108238,sub_50199,965.4,2023-08-03
inv_108239,sub_51987,1393.18,2023-04-06
inv_108240,sub_51931,1313.05,2024-11-16
inv_108241,sub_53004,1172.66,2023-06-26
inv_108242,sub_51854,374.86,2024-02-03
inv_108243,sub_51061,707.92,2023-06-13
inv_108244,sub_50614,365.1,2023-07-22
inv_108245,sub_53515,351.38,2024-09-10
inv_108246,sub_50650,974.04,2024-07-08
inv_108247,sub_53307,1451.87,2023-05-13
inv_108248,sub_52145,1002.37,2023-07-28
inv_108249,sub_51179,864.14,2024-12-26
inv_108250,sub_50781,826.6,2024-02-18
inv_108251,sub_53975,102.8,2023-09-01
inv_108252,sub_50573,1297.18,2024-09-29
inv_108253,sub_52384,179.6,2023-09-20
inv_108254,sub_52070,902.45,2023-05-31
inv_108255,sub_53151,1041.84,2023-10-13
inv_108256,sub_53656,244.39,2024-11-23
inv_108257,sub_50838,1455.2,2024-09-27
inv_108258,sub_53452,492.13,2024-05-28
inv_108260,sub_52310,928.92,2023-11-21
inv_108261,sub_53010,568.2,2024-12-19
inv_108262,sub_50435,321.78,2023-10-04
inv_108263,sub_53332,1400.73,2023-08-22
inv_108264,sub_53166,1045.73,2023-12-11
inv_108265,sub_52016,130.43,2024-12-17
inv_108266,sub_51962,334.48,2024-10-15
inv_108267,sub_50970,271.67,2023-08-23
inv_108268,sub_51008,146.61,2024-06-28
inv_108269,sub_52899,436.86,2024-11-05
inv_108270,sub_50331,1136.01,2024-07-08
inv_108271,sub_53222,287.56,2023-01-20
inv_108272,sub_51221,981.07,2023-12-18
inv_108273,sub_53102,861.74,2023-04-17
inv_108274,sub_52808,1489.03,2023-08-16
inv_108275,sub_50391,387.23,2023-08-06
inv_108276,sub_52119,1346.2,2024-09-04
inv_108277,sub_52459,626.75,2023-12-21
inv_108278,sub_52459,891.13,2024-02-27
inv_108279,sub_53084,677.43,2024-09-04
inv_108280,sub_50507,79.27,2023-07-01
inv_108281,sub_53289,65.34,2024-02-29
inv_108282,sub_51172,611.29,2023-02-03
inv_108283,sub_50150,1385.37,2024-08-11
inv_108284,sub_52936,828.18,2024-05-03
inv_108285,sub_51881,1338.05,2024-12-04
inv_108286,sub_53993,547.99,2023-10-04
inv_108287,sub_53882,401.8,2023-09-28
inv_108288,sub_52632,840.95,2024-12-09
inv_108289,sub_52589,825.9,2024-08-17
inv_108291,sub_52135,636.83,2023-08-29
inv_108292,sub_52345,1061.13,2024-10-06
inv_108293,sub_51819,1469.3,2023-02-17
inv_108294,sub_51784,1079.98,2023-10-03
inv_108295,sub_53986,1343.13,2024-11-26
inv_108296,sub_51515,986.13,2023-09-24
inv_108297,sub_53651,618.41,2023-01-11
inv_108298,sub_53267,874.03,2023-09-18
inv_108299,sub_53823,802.69,2023-09-16
inv_108300,sub_53362,727.26,2023-10-13
inv_108301,sub_53089,488.04,2023-05-04
inv_108302,sub_51535,624.82,2023-02-28
inv_108303,sub_52934,1071.59,2024-08-27
inv_108304,sub_52020,1463.18,2024-12-24
inv_108305,sub_53838,759.28,2024-10-07
inv_108306,sub_53732,308.29,2024-10-21
inv_108307,sub_51010,809.16,2023-07-19
inv_108308,sub_51452,1029.52,2023-03-01
inv_108309,sub_52857,1045.73,2023-11-25
inv_108310,sub_53221,695.68,2024-01-20
inv_108311,sub_52695,409.61,2023-05-07
inv_108312,sub_50103,732.67,2024-05-23
inv_108313,sub_52731,821.78,2023-08-27
inv_108314,sub_52979,836.86,2024-08-26
inv_108315,sub_50280,47.72,2023-12-17
inv_108316,sub_53578,692.69,2024-03-22
inv_108317,sub_53912,456.1,2023-08-24
inv_108318,sub_53488,404.59,2023-11-13
inv_108319,sub_50291,191.76,2023-10-10
inv_108320,sub_53620,1134.08,2023-08-21
inv_108322,sub_51738,1156.23,2024-12-31
inv_108323,sub_52889,886.87,2024-03-14
inv_108324,sub_53237,679.34,2023-05-23
inv_108325,sub_51136,302.94,2024-05-08
inv_108326,sub_51678,259.7,2024-11-30
inv_108327,sub_50972,905.84,2024-07-24
inv_108328,sub_51004,1377.51,2024-10-26
inv_108329,sub_50301,1245.63,2023-11-27
inv_108330,sub_53887,46.97,2023-09-06
inv_108331,sub_52135,1429.45,2024-06-10
inv_108332,sub_51269,448.31,2024-01-25
inv_108333,sub_51846,1296.93,2023-09-03
inv_108334,sub_50834,392.4,2023-02-04
inv_108335,sub_51206,430.27,2023-04-08
inv_108336,sub_53504,199.25,2024-11-19
inv_108337,sub_52299,503.11,2024-05-15
inv_108338,sub_53120,852.82,2024-10-09
inv_108339,sub_51661,894.07,2023-10-03
inv_108340,sub_51824,632.89,2024-10-22
inv_108341,sub_51173,1213.62,2024-11-07
inv_108342,sub_52312,289.99,2024-07-10
inv_108343,sub_52804,448.72,2023-03-11
inv_108344,sub_51984,814.21,2024-07-22
inv_108345,sub_53156,60.65,2023-11-16
inv_108346,sub_50435,1469.59,2023-07-28
inv_108347,sub_51936,1323.57,2024-07-19
inv_108348,sub_50207,185.65,2023-07-14
inv_108349,sub_52930,554.78,2023-12-09
inv_108350,sub_50239,890.23,2023-12-07
inv_108351,sub_51101,468.97,2023-11-05
inv_108353,sub_52687,1476.35,2024-08-15
inv_108354,sub_52183,592.75,2024-08-22
inv_108355,sub_52868,1026.02,2023-10-12
inv_108356,sub_51087,906.6,2023-07-26
inv_108357,sub_52802,919.07,2024-12-13
inv_108358,sub_53974,211.04,2024-08-19
inv_108359,sub_50895,1366.93,2024-04-25
inv_108360,sub_51079,1359.55,2024-02-25
inv_108361,sub_51067,834.32,2024-12-05
inv_108362,sub_51818,487.95,2024-12-12
inv_108363,sub_53097,76.68,2024-12-30
inv_108364,sub_50754,562.62,2023-11-14
inv_108365,sub_50461,1237.24,2023-02-13
inv_108366,sub_53284,533.9,2023-12-24
inv_108367,sub_52517,1166.14,2024-08-20
inv_108368,sub_51428,1070.07,2023-11-18
inv_108369,sub_52434,598.29,2023-12-22
inv_108370,sub_50436,301.2,2023-06-26
inv_108371,sub_53353,803.7,2023-04-07
inv_108372,sub_53810,1081.14,2023-12-25
inv_108373,sub_52967,185.45,2023-11-20
inv_108374,sub_50862,805.03,2023-07-12
inv_108375,sub_51614,80.74,2024-07-09
inv_108376,sub_51212,635.66,2024-04-29
inv_108377,sub_51508,985.64,2024-04-05
inv_108378,sub_51129,1265.19,2023-05-05
inv_108379,sub_52369,1227.78,2023-09-26
inv_108380,sub_51563,1366.31,2024-09-18
inv_108381,sub_51072,113.06,2023-03-20
inv_108382,sub_52065,134.99,2023-05-29
inv_108384,sub_50572,1061.34,2023-03-05
inv_108385,sub_52475,526.17,2024-01-15
inv_108386,sub_50246,269.41,2024-04-06
inv_108387,sub_53075,1212.21,2024-09-10
inv_108388,sub_53179,746.92,2023-12-03
inv_108389,sub_53200,635.19,2023-01-14
inv_108390,sub_52546,331.92,2024-04-08
inv_108391,sub_51835,386.49,2023-06-28
inv_108392,sub_52059,625.92,2024-03-26
inv_108393,sub_52142,955.43,2024-01-20
inv_108394,sub_50711,1157.9,2024-10-24
inv_108395,sub_51816,1134.89,2023-07-03
inv_108396,sub_52064,401.78,2023-12-02
inv_108397,sub_53102,572.37,2023-09-28
inv_108398,sub_53787,248.19,2023-05-13
inv_108399,sub_52981,1116.41,2023-06-10
inv_108400,sub_53773,911.05,2023-01-11
inv_108401,sub_50752,718.68,2024-02-13
inv_108402,sub_51108,877.84,2023-08-23
inv_108403,sub_52703,1445.57,2023-04-29
inv_108404,sub_53178,1089.94,2023-03-15
inv_108405,sub_53067,1367.43,2024-01-03
inv_108406,sub_53853,316.19,2024-07-04
inv_108407,sub_53719,981.89,2023-09-25
inv_108408,sub_51994,1394.79,2023-04-23
inv_108409,sub_51310,510.22,2024-09-21
inv_108410,sub_53644,879.3,2023-07-09
inv_108411,sub_53439,1357.91,2023-10-09
inv_108412,sub_53610,95.81,2024-03-18
inv_108413,sub_51152,1114.5,2024-04-15
inv_108415,sub_51735,410.26,2023-04-23
inv_108416,sub_51159,1353.86,2024-01-11
inv_108417,sub_51018,1137.14,2023-07-19
inv_108418,sub_50924,667.07,2024-01-21
inv_108419,sub_50200,253.58,2024-12-06
inv_108420,sub_53998,393.05,2023-05-09
inv_108421,sub_51436,123.77,2023-10-04
inv_108422,sub_53960,529.77,2024-12-13
inv_108423,sub_52383,1217.18,2023-10-13
inv_108424,sub_52226,779.55,2024-04-23
inv_108425,sub_50434,937.25,2023-04-15
inv_108426,sub_52521,1209.18,2023-04-23
inv_108427,sub_53938,161.0,2023-04-04
inv_108428,sub_53079,413.49,2023-01-15
inv_108429,sub_51774,142.81,2024-12-30
inv_108430,sub_52677,131.6,2023-02-14
inv_108431,sub_52040,292.67,2024-12-26
inv_108432,sub_52332,173.92,2024-09-12
inv_108433,sub_51719,111.56,2024-02-29
inv_108434,sub_53773,181.55,2023-10-26
inv_108435,sub_52485,451.75,2024-06-10
inv_108436,sub_50555,235.96,2023-06-07
inv_108437,sub_53966,717.18,2024-01-10
inv_108438,sub_51032,415.07,2023-04-15
inv_108439,sub_53348,66.84,2024-08-14
inv_108440,sub_50983,1350.97,2023-12-16
inv_108441,sub_52145,555.65,2023-05-15
inv_108442,sub_51846,434.67,2023-05-04
inv_108443,sub_53445,618.69,2024-05-09
inv_108444,sub_50282,1424.4,2024-09-03
inv_108446,sub_52110,120.09,2024-11-22
inv_108447,sub_52168,1017.99,2023-12-07
inv_108448,sub_52045,1361.68,2023-04-05
inv_108449,sub_51578,1386.65,2023-03-18
inv_108450,sub_50173,349.39,2023-04-07
inv_108451,sub_50167,1224.26,2023-08-06
inv_108452,sub_50795,984.67,2024-11-02
inv_108453,sub_53153,894.74,2023-01-02
inv_108454,sub_50897,1369.34,2023-04-18
inv_108455,sub_53718,572.19,2024-05-11
inv_108456,sub_52523,1195.92,2023-08-27
inv_108457,sub_52824,1197.88,2023-09-27
inv_108458,sub_53022,242.58,2023-03-11
inv_108459,sub_52989,327.95,2024-05-13
inv_108460,sub_52526,118.1,2023-11-20
inv_108461,sub_51593,1416.22,2024-08-16
inv_108462,sub_52478,1310.86,2023-03-28
inv_108463,sub_51472,1403.38,2023-02-05
inv_108464,sub_53578,851.51,2023-09-22
inv_108465,sub_50137,680.15,2024-03-05
inv_108466,sub_53341,934.67,2024-09-13
inv_108467,sub_52925,1205.05,2024-05-04
inv_108468,sub_52175,354.51,2023-11-10
inv_108469,sub_51620,1011.72,2023-11-16
inv_108470,sub_53857,379.88,2024-11-11
inv_108471,sub_53310,1279.47,2023-08-10
inv_108472,sub_53837,640.06,2024-10-08
inv_108473,sub_51903,972.74,2023-07-16
inv_108474,sub_50251,79.0,2024-04-23
inv_108475,sub_52511,180.28,2023-09-15
inv_108477,sub_51681,985.55,2023-04-09
inv_108478,sub_51394,443.02,2024-11-25
inv_108479,sub_52098,1180.48,2024-04-05
inv_108480,sub_53861,1242.09,2023-07-06
inv_108481,sub_50039,44.42,2024-12-02
inv_108482,sub_52543,713.26,2024-05-27
inv_108483,sub_53166,737.43,2024-05-28
inv_108484,sub_51154,806.73,2024-08-01
inv_108485,sub_52598,1241.96,2024-12-09
inv_108486,sub_52453,99.31,2023-02-28
inv_108487,sub_52693,1007.25,2024-02-16
inv_108488,sub_53563,390.4,2024-05-06
inv_108489,sub_51461,287.71,2023-02-09
inv_108490,sub_51878,490.59,2023-07-04
inv_108491,sub_53547,62.58,2023-04-15
inv_108492,sub_52881,481.31,2024-08-18
inv_108493,sub_53152,627.96,2024-08-22
inv_108494,sub_52167,826.07,2024-04-17
inv_108495,sub_52601,887.43,2024-12-19
inv_108496,sub_53534,1480.72,2024-07-06
inv_108497,sub_52791,1212.18,2023-10-04
inv_108498,sub_50509,360.33,2023-05-01
inv_108499,sub_53556,1402.99,2024-09-23
inv_108500,sub_50463,444.31,2024-01-11
inv_108501,sub_53363,430.22,2024-03-17
inv_108502,sub_52239,158.98,2023-12-01
inv_108503,sub_52536,964.96,2023-02-19
inv_108504,sub_50501,1145.04,2024-09-14
inv_108505,sub_52714,1021.73,2024-05-31
inv_108506,sub_50087,1450.1,2023-08-05
inv_108508,sub_50586,1310.96,2024-05-11
inv_108509,sub_50552,329.75,2023-03-25
inv_108510,sub_50492,1380.2,2023-12-03
inv_108511,sub_51861,1259.62,2024-05-20
inv_108512,sub_53234,741.58,2023-11-26
inv_108513,sub_50384,253.04,2024-11-10
inv_108514,sub_51209,1434.88,2024-05-10
inv_108515,sub_53756,1019.46,2024-09-22
inv_108516,sub_52775,1314.43,2023-09-28
inv_108517,sub_50892,1491.55,2024-11-04
inv_108518,sub_53541,895.32,2023-07-02
inv_108519,sub_50415,979.22,2023-02-09
inv_108520,sub_51232,1066.78,2023-04-25
inv_108521,sub_52355,266.66,2023-06-24
inv_108522,sub_51151,1092.89,2023-01-13
inv_108523,sub_52916,1030.2,2024-02-05
inv_108524,sub_51043,417.74,2023-09-03
inv_108525,sub_53252,962.12,2023-05-06
inv_108526,sub_51713,839.3,2023-02-02
inv_108527,sub_50692,763.09,2023-03-17
inv_108528,sub_51604,1226.18,2023-12-09
inv_108529,sub_53949,952.28,2023-02-06
inv_108530,sub_53529,210.57,2023-01-16
inv_108531,sub_53119,901.27,2024-09-26
inv_108532,sub_50727,400.43,2024-02-07
inv_108533,sub_50213,703.8,2024-03-02
inv_108534,sub_50743,1278.58,2023-07-30
inv_108535,sub_53339,251.21,2023-09-15
inv_108536,sub_52322,1376.95,2023-12-20
inv_108537,sub_51543,199.01,2024-07-05
inv_108539,sub_50840,193.32,2023-09-06
inv_108540,sub_50709,93.61,2024-07-29
inv_108541,sub_50534,81.99,2024-01-14
inv_108542,sub_52241,171.71,2024-11-22
inv_108543,sub_52736,676.9,2024-09-01
inv_108544,sub_50959,822.59,2024-11-28
inv_108545,sub_51016,584.79,2024-10-22
inv_108546,sub_50521,911.72,2024-09-24
inv_108547,sub_51732,188.19,2023-04-13
inv_108548,sub_52162,498.76,2024-02-01
inv_108549,sub_50633,468.51,2023-06-05
inv_108550,sub_52883,1054.13,2024-12-11
inv_108551,sub_51349,1007.4,2024-07-15
inv_108552,sub_52828,140.43,2024-09-12
inv_108553,sub_53211,76.62,2024-06-15
inv_108554,sub_52835,147.4,2023-10-28
inv_108555,sub_52117,525.1,2023-02-18
inv_108556,sub_52643,1433.83,2023-08-01
inv_108557,sub_50304,95.01,2023-06-11
inv_108558,sub_51798,1122.52,2023-09-08
inv_108559,sub_50453,592.55,2023-01-17
inv_108560,sub_52389,1298.82,2023-12-02
inv_108561,sub_51505,1239.06,2024-01-20
inv_108562,sub_50873,459.5,2023-01-23
inv_108563,sub_50069,1471.55,2023-01-20
inv_108564,sub_50813,439.29,2024-09-03
inv_108565,sub_51088,774.12,2024-05-31
inv_108566,sub_51233,475.53,2024-06-30
inv_108567,sub_52424,985.25,2023-09-26
inv_108568,sub_52613,670.83,2023-03-24
inv_108570,sub_53386,701.0,2023-11-27
inv_108571,sub_50857,314.32,2023-12-19
inv_108572,sub_51771,1201.74,2023-07-08
inv_108573,sub_50938,683.0,2023-03-18
inv_108574,sub_52732,1190.03,2024-05-06
inv_108575,sub_51527,1298.3,2024-12-06
inv_108576,sub_51952,601.2,2024-10-24
inv_108577,sub_52417,555.67,2024-11-12
inv_108578,sub_50618,1105.35,2023-04-18
inv_108579,sub_51285,1103.39,2023-04-06
inv_108580,sub_50879,70.98,2023-05-28
inv_108581,sub_53440,728.77,2024-03-10
inv_108582,sub_53606,598.77,2024-09-11
inv_108583,sub_52338,840.11,2023-12-01
inv_108584,sub_52513,1025.34,2024-03-04
inv_108585,sub_50620,779.36,2024-01-17
inv_108586,sub_50262,408.45,2023-10-14
inv_108587,sub_50610,782.13,2024-03-18
inv_108588,sub_52989,638.39,2023-03-06
inv_108589,sub_52503,248.89,2023-04-26
inv_108590,sub_50042,1182.79,2024-09-27
inv_108591,sub_52986,883.34,2023-11-18
inv_108592,sub_52014,221.29,2024-09-19
inv_108593,sub_50786,503.2,2023-07-27
inv_108594,sub_53791,319.95,2024-03-01
inv_108595,sub_52761,40.86,2024-11-03
inv_108596,sub_51370,344.22,2024-10-02
inv_108597,sub_53516,1196.67,2024-09-10
inv_108598,sub_53736,1064.26,2023-12-24
inv_108599,sub_53871,759.02,2023-02-14
inv_108601,sub_52657,219.68,2024-10-16
inv_108602,sub_53085,330.26,2024-07-26
inv_108603,sub_51466,1395.16,2023-11-23
inv_108604,sub_50270,471.86,2023-03-09
inv_108605,sub_52255,1232.77,2023-04-22
inv_108606,sub_51183,692.34,2024-08-05
inv_108607,sub_50546,1017.01,2023-05-15
inv_108608,sub_50493,646.47,2023-01-02
inv_108609,sub_53814,948.26,2023-02-03
inv_108610,sub_52318,87.81,2024-12-23
inv_108611,sub_50214,102.87,2023-08-06
inv_108612,sub_51907,757.29,2024-12-23
inv_108613,sub_50092,833.86,2023-03-10
inv_108614,sub_50325,423.09,2023-03-10
inv_108615,sub_53680,290.36,2024-10-31
inv_108616,sub_50968,1219.77,2024-07-03
inv_108617,sub_50861,880.09,2024-05-19
inv_108618,sub_51148,650.88,2024-08-14
inv_108619,sub_51496,903.41,2023-05-10
inv_108620,sub_51008,752.36,2023-11-27
inv_108621,sub_51473,803.39,2023-05-21
inv_108622,sub_50672,76.84,2023-07-13
inv_108623,sub_51253,373.71,2023-09-29
inv_108624,sub_52253,349.61,2024-11-04
inv_108625,sub_50620,454.88,2024-09-15
inv_108626,sub_50161,871.1,2023-08-11
inv_108627,sub_50064,565.71,2024-10-25
inv_108628,sub_53781,231.43,2024-12-16
inv_108629,sub_51806,1365.47,2023-09-29
inv_108630,sub_51826,930.53,2023-04-10
inv_108632,sub_50528,451.86,2024-07-27
inv_108633,sub_51193,871.97,2023-08-21
inv_108634,sub_51992,1480.56,2024-04-14
inv_108635,sub_53327,1039.71,2024-05-23
inv_108636,sub_51135,416.09,2024-11-13
inv_108637,sub_53844,1354.23,2023-01-31
inv_108638,sub_52236,427.07,2023-10-24
inv_108639,sub_51101,67.53,2023-07-22
inv_108640,sub_51865,146.03,2024-12-15
inv_108641,sub_53084,348.96,2024-05-24
inv_108642,sub_52333,1371.01,2023-12-14
inv_108643,sub_52572,1363.19,2023-03-26
inv_108644,sub_52702,1158.4,2024-07-06
inv_108645,sub_50628,118.3,2023-07-30
inv_108646,sub_53109,555.11,2023-09-27
inv_108647,sub_53539,1126.91,2024-01-11
inv_108648,sub_53385,1347.29,2023-03-23
inv_108649,sub_50278,1228.46,2024-02-29
inv_108650,sub_53079,1376.33,2023-12-07
inv_108651,sub_53327,1435.3,2024-04-10
inv_108652,sub_52535,1400.33,2024-05-11
inv_108653,sub_50201,806.71,2023-02-01
inv_108654,sub_51554,468.24,2023-08-25
inv_108655,sub_52324,487.36,2023-12-09
inv_108656,sub_50424,214.98,2023-08-24
inv_108657,sub_51680,659.92,2024-12-11
inv_108658,sub_50676,361.09,2023-10-05
inv_108659,sub_50228,392.26,2024-02-16
inv_108660,sub_52337,978.82,2023-11-28
inv_108661,sub_51948,524.18,2024-04-10
inv_108663,sub_52649,807.1,2024-04-17
inv_108664,sub_53920,1164.74,2023-01-19
inv_108665,sub_53257,1207.49,2024-10-14
inv_108666,sub_52810,76.16,2024-01-20
inv_108667,sub_52390,321.16,2023-04-13
inv_108668,sub_51884,400.53,2023-04-13
inv_108669,sub_50734,619.64,2024-07-12
inv_108670,sub_51005,118.63,2024-10-03
inv_108671,sub_53997,296.43,2023-05-25
inv_108672,sub_50979,1023.38,2024-07-30
inv_108673,sub_51390,200.79,2023-06-23
inv_108674,sub_52916,806.35,2023-08-12
inv_108675,sub_53164,545.47,2023-07-28
inv_108676,sub_50337,846.24,2023-12-16
inv_108677,sub_52043,667.83,2024-01-08
inv_108678,sub_50295,1146.3,2023-12-06
inv_108679,sub_51193,680.49,2024-05-30
inv_108680,sub_53269,988.81,2023-05-09
inv_108681,sub_51055,1148.12,2024-07-28
inv_108682,sub_51111,332.06,2024-06-22
inv_108683,sub_52726,71.08,2023-05-28
inv_108684,sub_53998,358.59,2023-03-22
inv_108685,sub_52663,748.71,2023-01-12
inv_108686,sub_51038,1406.28,2024-11-18
inv_108687,sub_50443,1314.51,2024-10-25
inv_108688,sub_50592,786.12,2024-09-24
inv_108689,sub_51230,734.05,2023-08-16
inv_108690,sub_52784,1237.79,2024-10-12
inv_108691,sub_51053,1277.81,2023-01-05
inv_108692,sub_51432,117.27,2024-05-18
inv_108694,sub_53552,283.26,2023-07-26
inv_108695,sub_51898,376.22,2023-05-27
inv_108696,sub_50911,512.23,2023-07-16
inv_108697,sub_50776,749.37,2023-07-18
inv_108698,sub_50335,489.55,2023-02-14
inv_108699,sub_50756,902.78,2023-09-20
inv_108700,sub_50342,497.37,2023-01-06
inv_108701,sub_52336,167.52,2023-05-19
inv_108702,sub_51677,160.88,2023-09-13
inv_108703,sub_50836,743.67,2024-08-16
inv_108704,sub_52506,232.31,2023-04-18
inv_108705,sub_51789,48.91,2023-09-20
inv_108706,sub_53114,51.99,2023-08-20
inv_108707,sub_50220,405.73,2023-12-25
inv_108708,sub_53460,1034.53,2024-04-01
inv_108709,sub_51543,1010.14,2023-05-18
inv_108710,sub_50835,1090.38,2023-05-13
inv_108711,sub_50837,1261.7,2023-06-12
inv_108712,sub_51589,1059.92,2023-01-31
inv_108713,sub_52479,115.01,2023-09-02
inv_108714,sub_50466,1186.37,2023-02-28
inv_108715,sub_53086,800.13,2024-08-26
inv_108716,sub_51162,1498.33,2023-03-04
inv_108717,sub_50535,574.23,2024-07-28
inv_108718,sub_50674,1191.57,2024-07-31
inv_108719,sub_53511,985.17,2024-04-25
inv_108720,sub_52648,451.17,2024-10-06
inv_108721,sub_50366,574.09,2024-10-19
inv_108722,sub_52850,363.89,2023-11-16
inv_108723,sub_53658,196.67,2023-08-25
inv_108725,sub_52707,1471.47,2024-12-23
inv_108726,sub_50395,999.42,2023-11-22
inv_108727,sub_53028,885.79,2023-06-03
inv_108728,sub_53224,229.35,2024-10-10
inv_108729,sub_50270,570.33,2023-12-19
inv_108730,sub_51998,1065.37,2024-09-14
inv_108731,sub_51706,1196.73,2023-12-05
inv_108732,sub_51162,995.2,2024-11-18
inv_108733,sub_50031,352.6,2023-07-10
inv_108734,sub_51213,76.69,2024-09-15
inv_108735,sub_51733,1352.43,2023-06-12
inv_108736,sub_50939,54.24,2024-04-13
inv_108737,sub_53187,1315.09,2024-12-22
inv_108738,sub_51123,1470.64,2023-04-20
inv_108739,sub_50134,76.02,2023-05-19
inv_108740,sub_53242,1389.16,2023-10-10
inv_108741,sub_51441,58.33,2023-12-14
inv_108742,sub_53532,1259.43,2024-09-12
inv_108743,sub_50381,291.61,2024-06-14
inv_108744,sub_51949,1072.91,2023-08-10
inv_108745,sub_52174,424.44,2023-12-15
inv_108746,sub_50325,421.94,2023-09-11
inv_108747,sub_50428,821.5,2023-12-11
inv_108748,sub_51746,149.29,2024-09-07
inv_108749,sub_52716,730.44,2023-04-11
inv_108750,sub_52789,1188.53,2023-06-30
inv_108751,sub_51261,405.06,2023-08-27
inv_108752,sub_50915,847.25,2024-06-11
inv_108753,sub_53866,509.12,2024-01-08
inv_108754,sub_52241,274.44,2024-02-15
inv_108756,sub_52235,849.32,2024-11-30
inv_108757,sub_52478,1034.61,2023-04-28
inv_108758,sub_53109,1227.62,2024-06-17
inv_108759,sub_51422,55.62,2023-04-24
inv_108760,sub_51907,1294.99,2023-03-02
inv_108761,sub_52865,1192.87,2023-08-20
inv_108762,sub_50217,535.86,2023-10-01
inv_108763,sub_51028,1174.78,2024-10-30
inv_108764,sub_52311,443.12,2024-02-13
inv_108765,sub_51177,1383.11,2023-05-07
inv_108766,sub_50573,502.68,2023-04-18
inv_108767,sub_52564,464.55,2023-12-14
inv_108768,sub_51061,238.05,2023-02-20
inv_108769,sub_53919,385.83,2023-01-21
inv_108770,sub_53407,1191.53,2023-11-08
inv_108771,sub_50003,202.45,2024-10-05
inv_108772,sub_50892,1145.84,2023-11-14
inv_108773,sub_52471,921.95,2024-02-07
inv_108774,sub_50647,1333.22,2023-09-21
inv_108775,sub_51428,1300.06,2024-01-27
inv_108776,sub_52260,1127.5,2024-06-08
inv_108777,sub_52976,1294.54,2024-12-11
inv_108778,sub_53491,164.54,2024-12-05
inv_108779,sub_50101,492.04,2023-01-26
inv_108780,sub_53668,436.28,2024-05-28
inv_108781,sub_52380,474.64,2023-07-17
inv_108782,sub_52394,285.88,2023-07-12
inv_108783,sub_53526,1299.83,2023-05-16
inv_108784,sub_52058,506.9,2024-11-01
inv_108785,sub_53806,349.98,2024-04-30
inv_108787,sub_50891,753.94,2023-01-14
inv_108788,sub_53584,1008.58,2024-04-09
inv_108789,sub_51970,970.21,2024-05-15
inv_108790,sub_53754,886.63,2023-01-13
inv_108791,sub_53427,850.61,2024-11-07
inv_108792,sub_50398,40.86,2023-04-19
inv_108793,sub_50473,1206.96,2024-02-19
inv_108794,sub_50526,1035.02,2024-10-19
inv_108795,sub_50984,1088.16,2024-06-04
inv_108796,sub_52543,291.66,2023-01-10
inv_108797,sub_50163,159.93,2023-01-16
inv_108798,sub_53444,914.03,2024-08-15
inv_108799,sub_51263,46.8,2023-07-15
inv_108800,sub_53138,1320.04,2024-02-28
inv_108801,sub_53172,1260.29,2023-12-01
inv_108802,sub_50450,375.1,2024-09-11
inv_108803,sub_52194,260.96,2023-07-25
inv_108804,sub_51115,899.31,2024-10-06
inv_108805,sub_52345,1020.47,2023-09-24
inv_108806,sub_51698,1203.93,2023-09-28
inv_108807,sub_52808,326.22,2024-08-29
inv_108808,sub_52434,422.95,2024-09-22
inv_108809,sub_52942,1082.08,2024-11-10
inv_108810,sub_51940,1370.16,2023-02-04
inv_108811,sub_53335,442.84,2023-03-13
inv_108812,sub_53481,35.11,2023-02-21
inv_108813,sub_53789,533.83,2024-03-10
inv_108814,sub_51409,460.49,2023-08-26
inv_108815,sub_51702,401.01,2024-09-09
inv_108816,sub_52534,1121.24,2024-02-24
inv_108818,sub_51491,971.05,2023-08-18
inv_108819,sub_51716,1431.09,2024-05-12
inv_108820,sub_50451,93.49,2024-05-23
inv_108821,sub_51965,32.37,2024-05-04
inv_108822,sub_51833,107.35,2024-06-06
inv_108823,sub_50404,1097.22,2023-08-20
inv_108824,sub_51092,1035.16,2024-11-20
inv_108825,sub_51706,585.51,2024-07-28
inv_108826,sub_52365,118.46,2023-07-25
inv_108827,sub_52645,828.71,2023-03-26
inv_108828,sub_52420,692.6,2024-04-09
inv_108829,sub_51627,1189.21,2024-04-20
inv_108830,sub_51637,718.34,2024-06-16
inv_108831,sub_53189,435.67,2023-04-23
inv_108832,sub_52721,246.64,2023-09-13
inv_108833,sub_50460,1445.64,2023-12-13
inv_108834,sub_51536,176.62,2024-09-20
inv_108835,sub_53930,1038.38,2023-08-13
inv_108836,sub_51145,1449.94,2023-11-10
inv_108837,sub_51634,348.25,2024-04-05
inv_108838,sub_50231,1383.57,2023-02-11
inv_108839,sub_51113,1042.03,2024-12-21
inv_108840,sub_51694,421.63,2023-04-08
inv_108841,sub_53305,875.82,2024-11-08
inv_108842,sub_52854,41.93,2023-03-14
inv_108843,sub_53593,555.4,2024-01-28
inv_108844,sub_53517,480.51,2024-08-30
inv_108845,sub_52924,269.35,2023-04-18
inv_108846,sub_52405,291.81,2023-07-31
inv_108847,sub_50908,109.27,2023-04-23
inv_108849,sub_50212,591.99,2024-03-29
inv_108850,sub_51049,577.87,2025-01-01
inv_108851,sub_53865,1327.79,2023-07-27
inv_108852,sub_53259,918.07,2024-05-01
inv_108853,sub_52623,1366.49,2024-02-23
inv_108854,sub_53723,1222.77,2023-04-04
inv_108855,sub_50898,782.17,2024-12-17
inv_108856,sub_52570,872.62,2024-11-13
inv_108857,sub_53211,1005.15,2023-03-02
inv_108858,sub_51678,235.47,2024-05-14
inv_108859,sub_53747,467.53,2024-08-26
inv_108860,sub_50320,674.76,2024-12-10
inv_108861,sub_53406,556.92,2023-10-23
inv_108862,sub_51689,781.66,2023-12-13
inv_108863,sub_52452,1201.57,2024-03-27
inv_108864,sub_53590,607.41,2024-02-26
inv_108865,sub_53644,1203.08,2023-06-16
inv_108866,sub_51445,778.12,2024-03-06
inv_108867,sub_52785,579.84,2023-02-04
inv_108868,sub_51031,1100.81,2024-03-18
inv_108869,sub_53242,1034.22,2024-01-30
inv_108870,sub_52959,163.47,2024-10-10
inv_108871,sub_53747,1217.95,2023-03-01
inv_108872,sub_50932,1202.36,2023-01-30
inv_108873,sub_53339,545.42,2023-02-19
inv_108874,sub_51571,1366.37,2024-08-01
inv_108875,sub_50129,761.87,2024-06-01
inv_108876,sub_52864,1108.09,2024-08-10
inv_108877,sub_51059,1348.61,2023-11-02
inv_108878,sub_52080,80.55,2024-06-12
inv_108880,sub_51109,1402.0,2024-12-09
inv_108881,sub_53782,810.49,2024-04-14
inv_108882,sub_51722,456.49,2024-01-31
inv_108883,sub_50381,145.41,2023-06-17
inv_108884,sub_53990,864.18,2024-07-19
inv_108885,sub_50866,321.65,2024-03-12
inv_108886,sub_53615,201.83,2024-03-28
inv_108887,sub_53062,891.07,2023-01-21
inv_108888,sub_53605,721.56,2024-10-04
inv_108889,sub_53053,114.29,2023-03-22
inv_108890,sub_53023,1311.62,2024-03-29
inv_108891,sub_52896,521.6,2024-06-06
inv_108892,sub_50108,1298.27,2023-04-18
inv_108893,sub_52192,1322.22,2023-07-26
inv_108894,sub_51112,280.29,2024-08-05
inv_108895,sub_50138,1244.93,2024-06-29
inv_108896,sub_50048,622.7,2024-01-12
inv_108897,sub_53258,154.54,2023-04-03
inv_108898,sub_53791,921.16,2023-04-25
inv_108899,sub_53738,150.55,2024-02-13
inv_108900,sub_52460,1392.46,2023-04-20
inv_108901,sub_53566,189.37,2023-08-20
inv_108902,sub_50446,1336.8,2023-01-15
inv_108903,sub_50077,269.84,2024-02-04
inv_108904,sub_51943,902.12,2023-07-25
inv_108905,sub_51288,1047.93,2023-02-02
inv_108906,sub_50453,1009.72,2024-04-03
inv_108907,sub_51777,1465.92,2023-08-02
inv_108908,sub_50331,1384.39,2024-08-19
inv_108909,sub_51943,1428.82,2023-03-15
inv_108911,sub_52336,1315.2,2024-01-23
inv_108912,sub_50081,192.11,2023-11-07
inv_108913,sub_50666,915.37,2024-02-02
inv_108914,sub_50531,884.98,2023-04-05
inv_108915,sub_51040,1426.95,2023-04-06
inv_108916,sub_50173,490.74,2024-01-23
inv_108917,sub_53286,209.58,2023-09-30
inv_108918,sub_52715,466.04,2024-08-15
inv_108919,sub_50120,831.74,2024-05-09
inv_108920,sub_52280,85.93,2023-11-21
inv_108921,sub_52057,774.93,2024-07-14
inv_108922,sub_50092,1312.95,2023-09-16
inv_108923,sub_50216,769.7,2024-08-28
inv_108924,sub_52423,1160.03,2023-03-11
inv_108925,sub_50560,1014.18,2023-12-04
inv_108926,sub_50050,354.33,2023-12-07
inv_108927,sub_51217,512.29,2024-01-15
inv_108928,sub_52243,86.07,2024-07-27
inv_108929,sub_50235,178.27,2024-01-14
inv_108930,sub_52730,483.44,2024-10-13
inv_108931,sub_50354,391.36,2023-02-18
inv_108932,sub_52603,312.12,2024-05-17
inv_108933,sub_53714,1344.94,2023-10-24
inv_108934,sub_51946,695.71,2023-10-12
inv_108935,sub_51654,347.1,2024-05-06
inv_108936,sub_53598,1363.77,2023-05-20
inv_108937,sub_52020,1337.22,2023-11-23
inv_108938,sub_53168,1165.46,2023-03-27
inv_108939,sub_52669,1203.95,2024-04-08
inv_108940,sub_51602,375.76,2023-02-10
inv_108942,sub_50262,1455.68,2023-12-11
inv_108943,sub_50796,189.13,2023-09-17
inv_108944,sub_50427,219.58,2023-09-07
inv_108945,sub_53682,366.96,2024-04-27
inv_108946,sub_52797,336.33,2024-10-11
inv_108947,sub_50889,609.06,2023-10-29
inv_108948,sub_53506,1491.0,2023-05-10
inv_108949,sub_52575,1313.31,2024-06-04
inv_108950,sub_53256,504.96,2023-11-26
inv_108951,sub_53215,138.38,2023-08-18
inv_108952,sub_52680,1084.49,2024-03-11
inv_108953,sub_50786,306.81,2024-05-02
inv_108954,sub_52032,373.82,2023-04-15
inv_108955,sub_52251,33.39,2024-08-08
inv_108956,sub_50807,1015.46,2023-06-06
inv_108957,sub_52192,141.15,2024-10-05
inv_108958,sub_50915,766.33,2023-11-07
inv_108959,sub_50112,1263.6,2024-07-28
inv_108960,sub_50869,1347.69,2024-03-10
inv_108961,sub_51254,258.29,2024-11-06
inv_108962,sub_50267,153.03,2024-10-04
inv_108963,sub_53441,1483.42,2023-01-12
inv_108964,sub_53802,1308.63,2024-06-21
inv_108965,sub_53307,1022.09,2024-04-15
inv_108966,sub_53921,504.91,2024-05-15
inv_108967,sub_51889,1235.06,2024-05-20
inv_108968,sub_52615,707.37,2023-11-12
inv_108969,sub_51582,270.96,2023-01-07
inv_108970,sub_51575,25.43,2024-08-25
inv_108971,sub_50184,1378.26,2023-01-04
inv_108973,sub_52418,1462.08,2024-07-10
inv_108974,sub_53142,568.86,2024-08-11
inv_108975,sub_50358,1066.94,2023-11-30
inv_108976,sub_53557,1006.82,2023-06-04
inv_108977,sub_52888,228.56,2024-01-30
inv_108978,sub_52652,1002.12,2023-02-13
inv_108979,sub_50854,473.32,2023-10-04
inv_108980,sub_51851,1496.0,2024-06-27
inv_108981,sub_53130,1101.93,2023-02-18
inv_108982,sub_53470,1213.62,2023-09-26
inv_108983,sub_51883,278.85,2025-01-01
inv_108984,sub_51052,1388.02,2024-01-14
inv_108985,sub_51965,125.49,2024-10-09
inv_108986,sub_51630,750.11,2023-06-23
inv_108987,sub_52163,30.42,2023-06-24
inv_108988,sub_50213,93.65,2024-09-05
inv_108989,sub_50220,114.73,2023-10-15
inv_108990,sub_51772,579.63,2024-07-18
inv_108991,sub_50149,740.04,2024-09-06
inv_108992,sub_51857,1317.1,2023-09-26
inv_108993,sub_50723,952.12,2023-11-20
inv_108994,sub_50850,1224.65,2024-12-08
inv_108995,sub_51626,149.98,2024-02-17
inv_108996,sub_53185,832.93,2023-10-18
inv_108997,sub_53447,1252.68,2024-12-21
inv_108998,sub_52094,83.39,2023-01-08
inv_108999,sub_51451,723.45,2023-10-20
inv_109000,sub_53199,1168.8,2023-12-13
inv_109001,sub_52142,888.03,2023-11-05
inv_109002,sub_53051,1248.06,2023-04-08
inv_109004,sub_51363,314.24,2023-11-22
inv_109005,sub_51998,317.4,2023-09-19
inv_109006,sub_50559,1315.45,2024-01-24
inv_109007,sub_50276,78.74,2024-09-05
inv_109008,sub_52486,1327.98,2024-07-03
inv_109009,sub_53238,346.22,2023-09-02
inv_109010,sub_50021,562.69,2023-08-31
inv_109011,sub_52412,831.52,2024-11-06
inv_109012,sub_52868,876.16,2023-07-23
inv_109013,sub_51846,1325.44,2024-05-05
inv_109014,sub_51442,941.92,2024-08-12
inv_109015,sub_53016,1442.43,2024-11-25
inv_109016,sub_52006,1381.76,2023-03-18
inv_109017,sub_53699,466.37,2024-08-26
inv_109018,sub_50792,449.19,2023-06-11
inv_109019,sub_52870,1472.76,2024-02-06
inv_109020,sub_53023,630.98,2024-01-04
inv_109021,sub_52908,1111.15,2024-11-07
inv_109022,sub_52391,480.35,2023-08-15
inv_109023,sub_53473,222.24,2024-01-28
inv_109024,sub_50269,983.92,2024-04-04
inv_109025,sub_53363,1129.67,2024-09-24
inv_109026,sub_53195,578.14,2024-10-14
inv_109027,sub_50363,391.39,2024-08-30
inv_109028,sub_53824,426.05,2024-03-20
inv_109029,sub_53219,1380.34,2023-10-23
inv_109030,sub_51258,511.4,2023-07-21
inv_109031,sub_52622,696.07,2024-10-27
inv_109032,sub_51988,566.15,2023-05-19
inv_109033,sub_50454,811.86,2023-02-10
inv_109035,sub_50080,1191.68,2023-12-08
inv_109036,sub_51572,694.52,2024-10-18
inv_109037,sub_50665,755.57,2024-05-24
inv_109038,sub_53327,610.41,2023-03-22
inv_109039,sub_51066,915.05,2024-06-18
inv_109040,sub_52652,155.14,2024-08-02
inv_109041,sub_50364,734.73,2024-08-27
inv_109042,sub_52372,830.43,2023-02-15
inv_109043,sub_53473,1020.31,2024-06-07
inv_109044,sub_50991,1002.93,2024-09-16
inv_109045,sub_50227,1486.46,2024-12-06
inv_109046,sub_51991,1061.18,2024-10-12
inv_109047,sub_51781,1169.04,2023-07-02
inv_109048,sub_52026,80.85,2024-02-27
inv_109049,sub_53901,266.97,2023-03-21
inv_109050,sub_52395,847.96,2024-11-27
inv_109051,sub_52687,158.34,2023-03-08
inv_109052,sub_50180,208.26,2023-03-08
inv_109053,sub_51097,1079.55,2024-10-04
inv_109054,sub_53716,1252.88,2024-11-23
inv_109055,sub_50051,558.54,2023-03-30
inv_109056,sub_53087,1070.32,2024-09-11
inv_109057,sub_52476,1397.59,2023-05-13
inv_109058,sub_52825,814.92,2024-11-23
inv_109059,sub_50536,135.69,2023-03-28
inv_109060,sub_51501,542.22,2023-11-05
inv_109061,sub_53831,998.3,2023-12-30
inv_109062,sub_50811,179.73,2024-04-13
inv_109063,sub_51118,1403.53,2023-01-11
inv_109064,sub_52736,548.36,2024-08-06
inv_109066,sub_52103,1058.21,2024-02-28
inv_109067,sub_53827,477.22,2024-03-26
inv_109068,sub_51411,1390.53,2023-10-21
inv_109069,sub_53252,658.21,2024-07-04
inv_109070,sub_51120,701.25,2023-04-04
inv_109071,sub_51251,1425.81,2023-05-14
inv_109072,sub_50042,227.14,2023-06-30
inv_109073,sub_52692,867.83,2024-11-25
inv_109074,sub_50234,1202.28,2024-12-22
inv_109075,sub_51306,1156.34,2023-04-13
inv_109076,sub_51666,273.98,2024-01-04
inv_109077,sub_52869,696.87,2023-03-15
inv_109078,sub_50634,1410.57,2023-06-20
inv_109079,sub_52457,1425.41,2024-04-25
inv_109080,sub_53748,980.17,2023-03-01
inv_109081,sub_50758,1226.2,2024-06-17
inv_109082,sub_53617,534.1,2023-12-11
inv_109083,sub_52610,763.53,2023-09-12
inv_109084,sub_50689,357.15,2023-12-14
inv_109085,sub_53816,203.57,2024-02-14
inv_109086,sub_50226,1325.71,2024-08-14
inv_109087,sub_53805,26.77,2023-09-01
inv_109088,sub_50556,1059.93,2023-04-04
inv_109089,sub_53632,1114.54,2024-01-30
inv_109090,sub_53210,1315.9,2024-01-25
inv_109091,sub_51143,1257.47,2024-03-14
inv_109092,sub_50859,464.67,2023-07-29
inv_109093,sub_50129,948.91,2024-04-05
inv_109094,sub_52138,200.22,2023-04-29
inv_109095,sub_53837,876.33,2023-09-24
inv_109097,sub_52096,820.13,2024-07-07
inv_109098,sub_53442,1382.41,2024-05-07
inv_109099,sub_50942,1127.37,2023-03-09
inv_109100,sub_50742,1419.92,2024-03-06
inv_109101,sub_53474,170.35,2024-02-18
inv_109102,sub_53267,305.53,2024-06-25
inv_109103,sub_50786,312.28,2023-03-02
inv_109104,sub_51067,1244.58,2024-09-08
inv_109105,sub_50904,592.62,2024-04-01
inv_109106,sub_51899,653.52,2024-09-14
inv_109107,sub_52202,512.93,2023-05-16
inv_109108,sub_51788,242.75,2023-02-18
inv_109109,sub_51534,646.96,2023-10-07
inv_109110,sub_50481,843.58,2023-06-03
inv_109111,sub_50907,466.93,2024-10-07
inv_109112,sub_53044,117.97,2024-08-17
inv_109113,sub_53140,958.58,2024-12-30
inv_109114,sub_53600,263.24,2024-12-07
inv_109115,sub_52912,883.21,2024-06-27
inv_109116,sub_52745,1496.87,2023-06-06
inv_109117,sub_51365,92.74,2024-05-10
inv_109118,sub_51712,364.94,2024-04-03
inv_109119,sub_53301,1314.32,2023-04-07
inv_109120,sub_52509,1058.33,2023-04-28
inv_109121,sub_50134,374.63,2023-08-15
inv_109122,sub_52051,868.0,2024-07-05
inv_109123,sub_53238,38.21,2024-09-12
inv_109124,sub_53807,774.36,2023-05-08
inv_109125,sub_52558,710.9,2023-03-23
inv_109126,sub_50097,1082.98,2023-06-08
inv_109128,sub_51364,1295.54,2024-08-15
inv_109129,sub_53906,878.14,2024-05-04
inv_109130,sub_50944,1407.1,2023-09-05
inv_109131,sub_50281,636.42,2024-04-14
inv_109132,sub_53607,1057.11,2023-09-26
inv_109133,sub_52689,635.98,2024-12-29
inv_109134,sub_50699,703.27,2024-08-07
inv_109135,sub_52258,1386.71,2024-04-03
inv_109136,sub_51893,1469.26,2024-09-19
inv_109137,sub_50147,1296.72,2023-04-01
inv_109138,sub_52888,765.25,2023-06-22
inv_109139,sub_53819,1477.07,2023-10-26
inv_109140,sub_52776,875.02,2023-02-05
inv_109141,sub_51580,690.41,2024-12-27
inv_109142,sub_51374,325.13,2024-02-15
inv_109143,sub_50917,1086.4,2023-01-24
inv_109144,sub_50376,865.37,2024-09-24
inv_109145,sub_51749,553.58,2023-07-04
inv_109146,sub_51233,1284.53,2024-03-05
inv_109147,sub_53057,1241.95,2023-10-14
inv_109148,sub_52707,1167.01,2024-06-26
inv_109149,sub_53395,778.6,2023-02-05
inv_109150,sub_52946,166.89,2024-03-20
inv_109151,sub_50729,985.47,2023-03-10
inv_109152,sub_52774,1430.7,2024-06-08
inv_109153,sub_50463,483.39,2024-12-24
inv_109154,sub_50493,389.14,2024-06-15
inv_109155,sub_50207,278.79,2023-12-10
inv_109156,sub_53557,982.87,2024-05-11
inv_109157,sub_51461,1137.2,2024-09-20
inv_109159,sub_51368,1485.96,2023-01-04
inv_109160,sub_51383,1332.05,2024-05-23
inv_109161,sub_51037,1183.82,2023-10-02
inv_109162,sub_53974,516.18,2023-01-17
inv_109163,sub_52799,100.71,2024-07-12
inv_109164,sub_51546,165.25,2024-09-03
inv_109165,sub_53818,115.37,2024-07-14
inv_109166,sub_52262,76.92,2023-05-22
inv_109167,sub_51285,1164.34,2023-10-10
inv_109168,sub_53725,54.22,2024-04-14
inv_109169,sub_51879,1429.42,2024-05-10
inv_109170,sub_53728,1008.27,2024-09-27
inv_109171,sub_50000,1179.1,2023-11-28
inv_109172,sub_51278,924.51,2023-02-02
inv_109173,sub_53316,182.08,2023-11-19
inv_109174,sub_52383,1220.21,2024-08-15
inv_109175,sub_52698,1160.56,2024-05-22
inv_109176,sub_53693,1213.56,2023-12-31
inv_109177,sub_53427,1440.8,2024-07-24
inv_109178,sub_52280,1309.54,2023-09-26
inv_109179,sub_53165,379.71,2023-07-18
inv_109180,sub_51490,1038.0,2023-11-22
inv_109181,sub_52783,1402.54,2024-08-11
inv_109182,sub_51191,1397.29,2024-06-09
inv_109183,sub_52206,432.73,2023-12-21
inv_109184,sub_51358,563.87,2023-09-22
inv_109185,sub_50397,378.46,2024-11-26
inv_109186,sub_50762,1270.4,2023-01-17
inv_109187,sub_53384,456.69,2024-09-04
inv_109188,sub_53422,453.16,2023-11-18
inv_109190,sub_50238,980.05,2024-02-19
inv_109191,sub_50268,1048.55,2024-12-16
inv_109192,sub_53392,167.15,2023-12-27
inv_109193,sub_50720,741.96,2024-05-13
inv_109194,sub_53778,1348.92,2023-08-04
inv_109195,sub_52120,276.31,2023-01-04
inv_109196,sub_50592,1063.14,2024-02-14
inv_109197,sub_53469,400.62,2024-04-22
inv_109198,sub_53830,1232.95,2024-02-28
inv_109199,sub_53489,545.09,2023-12-19
inv_109200,sub_53574,828.53,2023-02-06
inv_109201,sub_50946,943.45,2024-06-24
inv_109202,sub_51347,1056.77,2024-12-11
inv_109203,sub_53308,670.74,2024-10-20
inv_109204,sub_50036,1353.66,2023-01-16
inv_109205,sub_50025,1316.87,2023-07-28
inv_109206,sub_53124,1218.52,2023-10-21
inv_109207,sub_50360,443.26,2023-05-31
inv_109208,sub_50821,531.91,2024-01-15
inv_109209,sub_51444,955.63,2024-01-07
inv_109210,sub_51450,180.22,2023-10-25
inv_109211,sub_53039,227.64,2023-01-17
inv_109212,sub_53204,356.51,2024-07-10
inv_109213,sub_53664,367.53,2024-05-10
inv_109214,sub_52449,39.87,2023-10-02
inv_109215,sub_51552,38.44,2024-12-20
inv_109216,sub_53632,1239.18,2024-02-29
inv_109217,sub_53063,1064.77,2023-11-18
inv_109218,sub_53654,1380.1,2024-06-06
inv_109219,sub_52781,1320.54,2023-11-24
inv_109221,sub_53520,1253.87,2024-03-17
inv_109222,sub_52375,471.07,2023-11-18
inv_109223,sub_52243,630.09,2024-04-19
inv_109224,sub_52689,642.65,2023-12-29
inv_109225,sub_50441,169.55,2023-03-27
inv_109226,sub_52595,740.0,2023-04-21
inv_109227,sub_52247,1165.23,2023-06-26
inv_109228,sub_53178,907.09,2024-05-25
inv_109229,sub_50280,583.81,2023-10-15
inv_109230,sub_51474,1242.07,2024-01-05
inv_109231,sub_53373,992.52,2024-06-28
inv_109232,sub_50397,1351.07,2023-05-18
inv_109233,sub_52851,447.02,2023-09-08
inv_109234,sub_50575,259.3,2024-12-28
inv_109235,sub_52723,1348.79,2024-12-07
inv_109236,sub_50089,1056.57,2024-10-04
inv_109237,sub_52665,803.24,2024-05-13
inv_109238,sub_51849,1011.01,2023-10-26
inv_109239,sub_51647,1004.56,2023-05-09
inv_109240,sub_52385,575.11,2023-08-12
inv_109241,sub_53351,455.3,2023-06-27
inv_109242,sub_50382,1264.28,2023-12-08
inv_109243,sub_53222,63.13,2023-10-04
inv_109244,sub_50604,183.91,2023-12-20
inv_109245,sub_50292,1449.79,2023-02-06
inv_109246,sub_52452,745.55,2023-08-01
inv_109247,sub_51330,281.45,2023-02-07
inv_109248,sub_50145,596.17,2023-07-22
inv_109249,sub_50996,845.99,2024-07-07
inv_109250,sub_51921,1287.65,2023-02-28
inv_109252,sub_53378,893.63,2023-02-25
inv_109253,sub_50343,1130.1,2023-08-05
inv_109254,sub_53924,191.65,2024-07-25
inv_109255,sub_51534,1228.34,2023-03-05
inv_109256,sub_51148,571.77,2023-01-18
inv_109257,sub_53277,531.75,2024-11-14
inv_109258,sub_51685,165.05,2024-04-18
inv_109259,sub_52581,1017.43,2023-04-04
inv_109260,sub_52230,544.39,2023-05-05
inv_109261,sub_52541,1077.59,2023-10-29
inv_109262,sub_52046,475.4,2024-06-23
inv_109263,sub_51086,740.95,2023-09-11
inv_109264,sub_52034,1275.98,2023-12-24
inv_109265,sub_50117,1343.05,2024-09-30
inv_109266,sub_53437,785.86,2024-05-05
inv_109267,sub_53305,1365.18,2024-10-22
inv_109268,sub_50285,105.04,2023-05-21
inv_109269,sub_52102,999.7,2023-07-29
inv_109270,sub_50531,273.09,2024-04-24
inv_109271,sub_53269,436.88,2024-11-01
inv_109272,sub_53041,702.66,2024-12-22
inv_109273,sub_50616,96.49,2023-08-23
inv_109274,sub_50913,476.76,2023-06-26
inv_109275,sub_52129,1335.89,2024-09-27
inv_109276,sub_50257,163.38,2024-11-19
inv_109277,sub_52190,1218.46,2024-05-11
inv_109278,sub_51788,943.48,2024-04-19
inv_109279,sub_53959,1431.27,2023-06-19
inv_109280,sub_53419,436.05,2024-03-03
inv_109281,sub_53707,53.92,2023-04-26
inv_109283,sub_53358,53.06,2023-09-18
inv_109284,sub_51076,1019.21,2024-12-19
inv_109285,sub_50037,873.79,2024-01-16
inv_109286,sub_50571,1162.19,2023-11-30
inv_109287,sub_50954,1221.06,2023-04-28
inv_109288,sub_52732,1072.09,2023-10-11
inv_109289,sub_52027,627.36,2024-07-12
inv_109290,sub_51177,262.92,2023-08-08
inv_109291,sub_52967,815.4,2024-07-17
inv_109292,sub_50798,51.36,2023-03-18
inv_109293,sub_51528,457.42,2023-08-14
inv_109294,sub_51165,706.3,2023-11-19
inv_109295,sub_50550,470.58,2023-09-15
inv_109296,sub_51359,1376.05,2023-06-21
inv_109297,sub_52825,884.21,2024-04-26
inv_109298,sub_52296,595.81,2023-08-15
inv_109299,sub_50621,114.96,2024-06-09
inv_109300,sub_53852,515.65,2024-11-10
inv_109301,sub_50962,973.28,2024-10-25
inv_109302,sub_52471,1096.69,2023-08-12
inv_109303,sub_52328,830.46,2023-09-24
inv_109304,sub_53492,1154.31,2024-12-01
inv_109305,sub_51964,784.64,2024-12-30
inv_109306,sub_51089,1422.47,2023-11-22
inv_109307,sub_51015,733.75,2024-06-26
inv_109308,sub_50886,1160.8,2023-10-30
inv_109309,sub_52071,318.25,2023-12-18
inv_109310,sub_52890,905.7,2024-10-11
inv_109311,sub_51684,161.8,2023-11-15
inv_109312,sub_52962,1425.97,2023-09-08
inv_109314,sub_50242,1226.76,2023-06-04
inv_109315,sub_50422,92.59,2024-03-11
inv_109316,sub_52517,1214.09,2024-06-26
inv_109317,sub_52484,391.97,2024-01-12
inv_109318,sub_50030,1299.41,2024-05-02
inv_109319,sub_51520,1329.16,2023-11-23
inv_109320,sub_52875,66.25,2024-04-10
inv_109321,sub_51753,820.65,2023-12-02
inv_109322,sub_50997,1156.57,2023-10-30
inv_109323,sub_50833,1439.32,2024-02-03
inv_109324,sub_51929,393.04,2024-06-25
inv_109325,sub_52626,87.72,2023-07-11
inv_109326,sub_50626,530.74,2024-09-04
inv_109327,sub_53505,575.76,2023-06-16
inv_109328,sub_51379,1444.41,2023-04-05
inv_109329,sub_51232,717.39,2024-06-10
inv_109330,sub_51589,1237.07,2023-05-26
inv_109331,sub_51046,868.03,2024-07-01
inv_109332,sub_50757,639.85,2024-05-18
inv_109333,sub_51982,572.65,2024-08-19
inv_109334,sub_50801,867.1,2023-01-15
inv_109335,sub_52945,40.12,2024-11-19
inv_109336,sub_51247,1316.24,2024-02-05
inv_109337,sub_51111,748.44,2024-09-23
inv_109338,sub_50467,952.56,2024-10-07
inv_109339,sub_51213,1252.15,2023-06-07
inv_109340,sub_51141,1017.17,2023-09-15
inv_109341,sub_51919,947.64,2023-02-08
inv_109342,sub_50244,1075.22,2023-01-17
inv_109343,sub_51504,624.67,2024-02-20
inv_109345,sub_51204,1248.81,2024-03-27
inv_109346,sub_50042,1181.55,2024-03-25
inv_109347,sub_52572,98.84,2024-07-14
inv_109348,sub_52102,867.08,2023-02-14
inv_109349,sub_52170,573.05,2023-06-13
inv_109350,sub_50634,354.68,2024-09-18
inv_109351,sub_53726,650.72,2023-07-07
inv_109352,sub_52594,347.29,2024-10-17
inv_109353,sub_53939,1405.57,2024-11-30
inv_109354,sub_52555,186.03,2023-09-25
inv_109355,sub_51635,266.11,2023-07-30
inv_109356,sub_52198,1343.84,2024-01-11
inv_109357,sub_52997,61.82,2023-12-26
inv_109358,sub_53566,80.2,2023-10-27
inv_109359,sub_50964,117.67,2024-01-31
inv_109360,sub_53339,1093.32,2023-02-02
inv_109361,sub_51127,815.86,2024-08-01
inv_109362,sub_50796,1416.04,2024-05-10
inv_109363,sub_50741,373.47,2023-11-12
inv_109364,sub_51885,867.87,2024-02-15
inv_109365,sub_51182,1349.73,2024-08-18
inv_109366,sub_53403,1092.28,2023-01-05
inv_109367,sub_53244,931.8,2024-05-26
inv_109368,sub_52256,500.4,2024-08-04
inv_109369,sub_52351,188.49,2023-08-12
inv_109370,sub_53577,601.36,2024-03-08
inv_109371,sub_51650,223.73,2024-11-17
inv_109372,sub_50046,898.12,2024-10-23
inv_109373,sub_50769,338.48,2024-03-26
inv_109374,sub_50777,615.88,2023-07-09
inv_109376,sub_52017,408.57,2024-03-05
inv_109377,sub_52968,145.9,2024-06-26
inv_109378,sub_53847,1172.54,2023-05-24
inv_109379,sub_53091,1413.96,2024-10-15
inv_109380,sub_51068,1489.35,2024-03-30
inv_109381,sub_52393,521.01,2024-07-22
inv_109382,sub_53648,450.89,2024-10-12
inv_109383,sub_53227,1194.53,2024-06-19
inv_109384,sub_52953,279.78,2024-03-14
inv_109385,sub_53512,522.06,2024-05-18
inv_109386,sub_52746,978.27,2023-10-19
inv_109387,sub_50963,27.09,2023-01-17
inv_109388,sub_51292,1030.21,2024-01-27
inv_109389,sub_52161,549.9,2023-09-20
inv_109390,sub_51498,1323.02,2023-07-08
inv_109391,sub_53594,1015.41,2024-12-28
inv_109392,sub_53595,714.84,2023-05-14
inv_109393,sub_51199,763.03,2023-02-14
inv_109394,sub_50844,1321.73,2023-12-12
inv_109395,sub_53447,861.69,2023-11-18
inv_109396,sub_51416,335.33,2023-10-15
inv_109397,sub_50347,236.74,2023-07-17
inv_109398,sub_50715,1068.75,2024-09-05
inv_109399,sub_53722,1366.27,2023-03-23
inv_109400,sub_51065,1302.26,2023-02-16
inv_109401,sub_50870,685.29,2023-06-28
inv_109402,sub_52412,119.03,2023-10-06
inv_109403,sub_51607,710.39,2023-12-05
inv_109404,sub_51760,524.23,2024-02-03
inv_109405,sub_53986,530.25,2023-09-06
inv_109407,sub_52645,237.87,2024-09-24
inv_109408,sub_53790,798.37,2023-07-11
inv_109409,sub_52233,201.08,2024-02-02
inv_109410,sub_52064,358.68,2024-11-21
inv_109411,sub_51595,1252.96,2023-06-06
inv_109412,sub_53631,781.21,2024-06-15
inv_109413,sub_51032,737.03,2024-01-17
inv_109414,sub_51196,1398.52,2023-01-26
inv_109415,sub_50363,1466.43,2023-07-03
inv_109416,sub_51625,342.98,2023-01-18
inv_109417,sub_52848,273.65,2024-04-24
inv_109418,sub_52988,1492.24,2023-09-09
inv_109419,sub_53571,1129.93,2024-12-10
inv_109420,sub_50450,378.97,2023-11-11
inv_109421,sub_52348,511.51,2024-02-16
inv_109422,sub_51636,1026.03,2023-10-24
inv_109423,sub_50928,229.11,2024-12-20
inv_109424,sub_53860,432.7,2024-12-28
inv_109425,sub_52548,862.15,2024-08-16
inv_109426,sub_51625,1222.01,2024-05-05
inv_109427,sub_51826,1105.5,2024-03-12
inv_109428,sub_50455,1022.5,2024-03-22
inv_109429,sub_53396,1341.06,2024-01-14
inv_109430,sub_50218,331.84,2023-04-29
inv_109431,sub_52700,1361.0,2024-12-26
inv_109432,sub_50692,1093.83,2024-08-16
inv_109433,sub_52013,230.65,2024-01-18
inv_109434,sub_53743,592.13,2024-10-17
inv_109435,sub_50464,1132.31,2024-01-24
inv_109436,sub_52803,849.41,2024-01-02
inv_109438,sub_50570,1065.83,2024-04-18
inv_109439,sub_52108,1183.03,2023-01-19
inv_109440,sub_51811,82.16,2024-08-27
inv_109441,sub_52827,1239.51,2023-04-12
inv_109442,sub_51573,98.35,2024-12-09
inv_109443,sub_52623,429.04,2023-11-16
inv_109444,sub_51993,391.02,2023-04-03
inv_109445,sub_53228,1220.95,2024-07-19
inv_109446,sub_50621,805.76,2024-10-02
inv_109447,sub_53394,1415.27,2023-01-08
inv_109448,sub_52140,1016.38,2023-03-25
inv_109449,sub_50117,224.7,2024-09-03
inv_109450,sub_50692,993.86,2024-02-27
inv_109451,sub_52514,854.6,2024-09-08
inv_109452,sub_51412,58.26,2023-09-05
inv_109453,sub_52335,1023.46,2023-05-29
inv_109454,sub_50056,1157.29,2023-01-10
inv_109455,sub_50750,797.15,2023-10-29
inv_109456,sub_50973,130.15,2024-12-01
inv_109457,sub_50978,1121.69,2023-02-13
inv_109458,sub_51216,1333.99,2024-10-26
inv_109459,sub_50399,315.88,2023-06-30
inv_109460,sub_51147,1401.19,2024-09-07
inv_109461,sub_50940,1116.11,2023-09-02
inv_109462,sub_51665,467.15,2024-03-22
inv_109463,sub_53208,1461.94,2023-05-26
inv_109464,sub_51849,49.33,2024-02-14
inv_109465,sub_50205,1210.92,2023-05-19
inv_109466,sub_52633,536.02,2023-03-09
inv_109467,sub_50679,53.87,2024-05-22
inv_109469,sub_51800,1213.89,2023-01-29
inv_109470,sub_50831,346.64,2024-09-17
inv_109471,sub_51220,1398.34,2023-12-13
inv_109472,sub_51228,88.5,2023-08-03
inv_109473,sub_51960,251.64,2023-07-14
inv_109474,sub_53240,884.61,2024-04-10
inv_109475,sub_50635,1299.66,2024-12-09
inv_109476,sub_52193,208.13,2024-11-05
inv_109477,sub_52209,41.18,2024-09-11
inv_109478,sub_53821,401.33,2024-07-23
inv_109479,sub_52557,1470.28,2024-04-24
inv_109480,sub_53387,810.34,2024-03-17
inv_109481,sub_53895,354.41,2023-04-27
inv_109482,sub_52979,569.87,2023-06-08
inv_109483,sub_50563,1208.07,2024-06-12
inv_109484,sub_53286,838.6,2023-01-05
inv_109485,sub_51133,977.57,2024-04-25
inv_109486,sub_51975,604.28,2024-05-27
inv_109487,sub_50214,201.73,2024-02-19
inv_109488,sub_53171,1255.04,2023-09-21
inv_109489,sub_53052,1154.2,2024-01-19
inv_109490,sub_52732,1005.58,2024-06-10
inv_109491,sub_53227,1121.11,2023-10-14
inv_109492,sub_50468,108.0,2024-09-29
inv_109493,sub_50546,1450.98,2024-04-13
inv_109494,sub_51569,1373.92,2023-09-20
inv_109495,sub_50361,873.47,2024-07-31
inv_109496,sub_50366,1490.9,2023-04-21
inv_109497,sub_52333,1297.3,2023-03-02
inv_109498,sub_52211,675.64,2023-04-29
inv_109500,sub_53612,1024.37,2024-02-11
inv_109501,sub_50060,867.15,2023-08-24
inv_109502,sub_52994,78.55,2023-05-02
inv_109503,sub_50303,477.94,2024-01-26
inv_109504,sub_53727,32.83,2024-04-24
inv_109505,sub_52097,322.73,2024-11-07
inv_109506,sub_50274,1288.16,2023-11-20
inv_109507,sub_52404,498.53,2024-04-04
inv_109508,sub_52929,1176.96,2023-07-03
inv_109509,sub_50398,398.87,2023-04-20
inv_109510,sub_50604,727.66,2024-09-08
inv_109511,sub_50617,546.89,2024-04-10
inv_109512,sub_50496,424.52,2023-08-24
inv_109513,sub_53604,49.22,2023-02-09
inv_109514,sub_53542,1082.01,2023-10-02
inv_109515,sub_51414,1139.7,2024-12-18
inv_109516,sub_51685,614.21,2024-05-15
inv_109517,sub_53809,1200.05,2023-09-11
inv_109518,sub_52499,482.44,2023-03-29
inv_109519,sub_53651,1301.42,2024-09-16
inv_109520,sub_51972,749.85,2023-08-21
inv_109521,sub_50281,213.98,2023-05-25
inv_109522,sub_51939,157.76,2024-03-02
inv_109523,sub_53941,739.52,2023-12-20
inv_109524,sub_50401,1143.36,2024-07-20
inv_109525,sub_52022,202.47,2023-05-31
inv_109526,sub_53768,544.25,2023-01-16
inv_109527,sub_50363,71.14,2024-04-12
inv_109528,sub_52335,175.75,2023-11-01
inv_109529,sub_53866,570.28,2024-01-25
inv_109531,sub_51125,1134.33,2024-01-06
inv_109532,sub_53145,1356.47,2024-07-22
inv_109533,sub_50412,174.16,2024-08-17
inv_109534,sub_51452,1031.06,2024-03-19
inv_109535,sub_53909,1352.03,2023-06-10
inv_109536,sub_50405,86.78,2023-04-15
inv_109537,sub_52412,653.91,2023-01-18
inv_109538,sub_52794,1462.59,2024-01-17
inv_109539,sub_50053,1439.63,2024-09-06
inv_109540,sub_52193,1295.17,2023-04-08
inv_109541,sub_53326,248.91,2024-05-27
inv_109542,sub_52054,1084.07,2023-09-26
inv_109543,sub_52514,606.43,2023-02-10
inv_109544,sub_51368,410.28,2023-05-07
inv_109545,sub_51440,1227.29,2024-02-02
inv_109546,sub_52107,915.87,2024-02-27
inv_109547,sub_51209,1067.74,2024-08-23
inv_109548,sub_50347,737.75,2023-08-01
inv_109549,sub_50460,1010.02,2024-03-23
inv_109550,sub_51000,88.48,2024-02-23
inv_109551,sub_50559,1394.21,2024-04-01
inv_109552,sub_51245,1024.61,2023-09-07
inv_109553,sub_50608,1246.05,2023-05-31
inv_109554,sub_53047,232.92,2023-03-13
inv_109555,sub_53065,1050.88,2023-10-12
inv_109556,sub_51441,948.68,2024-03-10
inv_109557,sub_53416,412.2,2024-10-27
inv_109558,sub_50287,211.41,2023-11-25
inv_109559,sub_51236,322.37,2024-12-13
inv_109560,sub_53862,462.18,2023-09-15
inv_109562,sub_52788,917.61,2023-05-04
inv_109563,sub_50551,453.51,2024-07-19
inv_109564,sub_51446,381.22,2023-05-22
inv_109565,sub_50040,873.83,2023-05-18
inv_109566,sub_51600,1463.59,2023-09-20
inv_109567,sub_52468,711.39,2023-01-10
inv_109568,sub_50332,171.02,2023-11-07
inv_109569,sub_53110,1349.38,2023-09-20
inv_109570,sub_53340,741.66,2023-05-23
inv_109571,sub_53954,1103.66,2023-06-22
inv_109572,sub_50042,736.01,2023-11-25
inv_109573,sub_53051,1263.99,2024-09-27
inv_109574,sub_53753,167.64,2024-08-05
inv_109575,sub_52119,696.24,2023-07-01
inv_109576,sub_53637,1180.45,2023-07-07
inv_109577,sub_53525,918.95,2023-05-07
inv_109578,sub_52877,1287.75,2024-02-12
inv_109579,sub_51315,243.66,2023-01-26
inv_109580,sub_53011,907.07,2023-09-22
inv_109581,sub_53439,1278.49,2024-09-08
inv_109582,sub_53740,1196.94,2024-04-11
inv_109583,sub_53815,1336.05,2024-03-18
inv_109584,sub_52991,655.82,2023-01-24
inv_109585,sub_51038,248.86,2023-10-08
inv_109586,sub_53382,1193.53,2023-02-22
inv_109587,sub_51535,645.58,2023-01-08
inv_109588,sub_51598,604.14,2024-10-04
inv_109589,sub_50065,79.78,2024-10-26
inv_109590,sub_50410,1379.59,2024-12-02
inv_109591,sub_53125,1366.74,2024-07-27
inv_109593,sub_50866,637.3,2024-12-30
inv_109594,sub_51519,559.05,2023-06-08
inv_109595,sub_53757,546.68,2023-09-22
inv_109596,sub_50559,258.04,2023-12-27
inv_109597,sub_53728,1087.91,2023-01-25
inv_109598,sub_53913,624.11,2023-02-08
inv_109599,sub_51240,394.51,2024-02-18
inv_109600,sub_53438,1332.37,2024-10-28
inv_109601,sub_50709,787.6,2024-08-19
inv_109602,sub_53788,474.41,2023-08-11
inv_109603,sub_53230,555.48,2023-05-20
inv_109604,sub_52568,508.37,2024-10-21
inv_109605,sub_52975,1007.28,2023-02-03
inv_109606,sub_53308,1495.99,2024-01-21
inv_109607,sub_52451,167.02,2024-12-25
inv_109608,sub_51660,1207.14,2023-05-12
inv_109609,sub_52097,1174.9,2024-03-31
inv_109610,sub_51409,72.21,2024-06-25
inv_109611,sub_53425,1250.81,2023-12-31
inv_109612,sub_52776,1268.75,2024-02-27
inv_109613,sub_50726,1474.46,2024-06-04
inv_109614,sub_51321,987.09,2024-08-17
inv_109615,sub_50572,329.7,2023-05-23
inv_109616,sub_53926,1202.57,2024-09-17
inv_109617,sub_53944,743.71,2023-01-11
inv_109618,sub_53278,219.47,2024-10-04
inv_109619,sub_53420,185.38,2024-02-07
inv_109620,sub_52471,741.81,2023-09-07
inv_109621,sub_51674,1411.09,2023-10-26
inv_109622,sub_52365,594.77,2024-05-18
inv_109624,sub_51402,1427.94,2024-03-07
inv_109625,sub_52234,1431.8,2023-06-05
inv_109626,sub_51269,67.15,2024-06-29
inv_109627,sub_50594,127.93,2023-03-29
inv_109628,sub_50791,195.39,2023-04-01
inv_109629,sub_51498,192.7,2024-08-06
inv_109630,sub_51124,755.91,2023-05-22
inv_109631,sub_53316,799.05,2023-05-03
inv_109632,sub_50161,1436.01,2023-02-10
inv_109633,sub_53620,1290.07,2023-09-12
inv_109634,sub_52371,359.24,2024-09-01
inv_109635,sub_52990,928.19,2023-06-25
inv_109636,sub_50198,147.6,2024-10-27
inv_109637,sub_51947,729.51,2024-02-28
inv_109638,sub_53124,109.9,2023-08-04
inv_109639,sub_51073,1371.74,2023-09-09
inv_109640,sub_52804,152.78,2024-04-11
inv_109641,sub_51389,1133.14,2023-10-09
inv_109642,sub_51420,1112.98,2023-03-28
inv_109643,sub_53831,357.67,2023-08-03
inv_109644,sub_51546,1313.88,2024-12-26
inv_109645,sub_53872,1085.56,2023-01-10
inv_109646,sub_51992,716.88,2024-10-16
inv_109647,sub_50510,325.73,2023-08-22
inv_109648,sub_50326,393.07,2023-07-25
inv_109649,sub_51937,661.05,2023-05-09
inv_109650,sub_51361,1242.21,2023-08-18
inv_109651,sub_53074,349.33,2024-04-08
inv_109652,sub_53036,228.52,2023-12-05
inv_109653,sub_52992,1363.05,2023-06-28
inv_109655,sub_51856,543.62,2023-01-07
inv_109656,sub_50835,1321.62,2023-03-27
inv_109657,sub_53905,500.29,2023-01-12
inv_109658,sub_50907,66.4,2023-01-03
inv_109659,sub_53936,1123.95,2024-02-27
inv_109660,sub_51811,248.66,2023-02-12
inv_109661,sub_50067,1268.99,2023-07-18
inv_109662,sub_50579,758.55,2023-08-31
inv_109663,sub_52965,420.93,2024-12-05
inv_109664,sub_53019,57.46,2023-07-30
inv_109665,sub_50040,1463.16,2023-12-13
inv_109666,sub_52613,140.4,2023-10-16
inv_109667,sub_51893,1214.73,2023-03-31
inv_109668,sub_52716,292.15,2023-12-12
inv_109669,sub_52878,411.21,2024-02-13
inv_109670,sub_51532,946.47,2023-07-01
inv_109671,sub_53469,1320.4,2024-02-19
inv_109672,sub_52414,1418.61,2024-09-22
inv_109673,sub_52386,760.45,2023-12-12
inv_109674,sub_50003,1343.35,2023-08-08
inv_109675,sub_51913,387.85,2024-10-12
inv_109676,sub_52704,674.93,2024-09-26
inv_109677,sub_52261,853.44,2023-12-23
inv_109678,sub_53813,652.07,2024-08-07
inv_109679,sub_53601,287.26,2024-05-25
inv_109680,sub_51081,1298.88,2023-04-20
inv_109681,sub_50090,102.36,2023-07-05
inv_109682,sub_50683,22.71,2023-05-03
inv_109683,sub_51382,779.94,2023-09-04
inv_109684,sub_51687,512.26,2023-09-25
inv_109686,sub_50655,1308.15,2024-01-20
inv_109687,sub_51470,368.37,2024-03-24
inv_109688,sub_53003,640.84,2023-10-30
inv_109689,sub_50578,228.02,2023-08-16
inv_109690,sub_53550,427.17,2024-11-19
inv_109691,sub_53303,747.52,2023-07-16
inv_109692,sub_52317,698.59,2023-05-01
inv_109693,sub_53114,666.9,2023-03-14
inv_109694,sub_50429,1092.13,2023-11-01
inv_109695,sub_50815,321.82,2024-08-31
inv_109696,sub_50995,987.75,2023-09-19
inv_109697,sub_53215,1009.54,2023-08-10
inv_109698,sub_51166,1317.81,2024-08-21
inv_109699,sub_53321,1034.73,2024-06-06
inv_109700,sub_50882,947.86,2024-07-15
inv_109701,sub_51324,310.96,2023-10-31
inv_109702,sub_50618,640.09,2023-02-04
inv_109703,sub_50378,552.17,2024-04-22
inv_109704,sub_52378,420.87,2024-08-09
inv_109705,sub_53001,36.99,2024-10-14
inv_109706,sub_52306,1432.66,2024-02-23
inv_109707,sub_52442,45.03,2024-10-20
inv_109708,sub_51882,118.59,2024-08-15
inv_109709,sub_53241,23.61,2024-01-21
inv_109710,sub_52061,389.38,2023-11-10
inv_109711,sub_50405,220.61,2023-07-19
inv_109712,sub_51661,181.91,2023-03-23
inv_109713,sub_50467,1230.66,2024-03-15
inv_109714,sub_52511,977.92,2024-08-09
inv_109715,sub_50854,850.24,2023-01-27
inv_109717,sub_53428,922.11,2023-02-17
inv_109718,sub_50387,1123.11,2023-12-22
inv_109719,sub_53676,219.19,2024-03-03
inv_109720,sub_51249,907.99,2024-04-28
inv_109721,sub_51783,727.32,2024-06-10
inv_109722,sub_52106,547.98,2023-09-16
inv_109723,sub_50614,1227.02,2023-07-24
inv_109724,sub_50281,1486.55,2023-02-22
inv_109725,sub_51497,1340.98,2024-06-18
inv_109726,sub_52391,540.71,2024-01-31
inv_109727,sub_51773,1133.78,2024-01-02
inv_109728,sub_53948,1464.65,2024-04-03
inv_109729,sub_51573,1125.31,2023-08-28
inv_109730,sub_53620,106.48,2023-02-27
inv_109731,sub_50769,107.87,2023-04-25
inv_109732,sub_50218,105.36,2023-02-13
inv_109733,sub_50314,38.5,2023-06-24
inv_109734,sub_51304,324.44,2023-12-31
inv_109735,sub_52199,166.71,2024-09-16
inv_109736,sub_51697,1257.91,2024-11-29
inv_109737,sub_50926,169.36,2024-05-19
inv_109738,sub_53083,638.85,2023-09-05
inv_109739,sub_50375,107.31,2024-04-15
inv_109740,sub_53065,1329.14,2024-11-15
inv_109741,sub_51188,604.04,2023-07-20
inv_109742,sub_53023,765.34,2024-07-14
inv_109743,sub_50376,871.29,2023-05-18
inv_109744,sub_53469,550.62,2023-10-20
inv_109745,sub_53462,1158.23,2024-07-15
inv_109746,sub_50883,94.73,2023-07-03
inv_109748,sub_51888,383.27,2024-09-09
inv_109749,sub_52981,266.69,2023-06-26
inv_109750,sub_50959,76.07,2024-01-15
inv_109751,sub_50270,727.49,2024-04-14
inv_109752,sub_52309,282.21,2023-04-09
inv_109753,sub_50352,746.2,2023-08-14
inv_109754,sub_52138,1174.12,2023-11-05
inv_109755,sub_52212,644.4,2024-06-08
inv_109756,sub_53709,116.68,2023-09-22
inv_109757,sub_53218,747.8,2024-08-14
inv_109758,sub_52847,115.08,2023-11-22
inv_109759,sub_50754,497.08,2023-05-18
inv_109760,sub_53179,111.46,2023-09-12
inv_109761,sub_53660,166.47,2023-08-22
inv_109762,sub_53495,1023.91,2024-12-29
inv_109763,sub_50300,1224.62,2023-09-11
inv_109764,sub_51440,1250.35,2023-04-29
inv_109765,sub_52190,1223.2,2024-10-30
inv_109766,sub_52568,1143.95,2023-02-13
inv_109767,sub_53035,1208.41,2024-04-14
inv_109768,sub_51557,412.57,2023-04-25
inv_109769,sub_52597,1194.44,2024-04-21
inv_109770,sub_52464,1181.99,2024-12-13
inv_109771,sub_52563,1351.94,2023-09-23
inv_109772,sub_50212,521.02,2024-08-11
inv_109773,sub_52618,1201.45,2023-03-20
inv_109774,sub_51198,1109.33,2024-09-04
inv_109775,sub_52102,974.88,2023-07-28
inv_109776,sub_51512,981.82,2024-01-12
inv_109777,sub_50657,213.78,2023-08-25
inv_109779,sub_50531,558.93,2023-06-22
inv_109780,sub_51164,233.87,2023-06-29
inv_109781,sub_53823,381.23,2023-05-12
inv_109782,sub_50200,625.32,2023-02-22
inv_109783,sub_51640,801.58,2023-01-06
inv_109784,sub_50230,1450.17,2024-12-26
inv_109785,sub_51390,85.1,2024-09-30
inv_109786,sub_50084,1214.05,2024-11-18
inv_109787,sub_50062,176.23,2024-02-19
inv_109788,sub_53771,976.74,2023-01-12
inv_109789,sub_50660,1022.03,2023-10-30
inv_109790,sub_50311,812.68,2024-01-01
inv_109791,sub_53374,391.13,2024-06-12
inv_109792,sub_50500,152.81,2024-06-29
inv_109793,sub_51837,224.39,2024-09-25
inv_109794,sub_53842,899.14,2024-04-30
inv_109795,sub_51607,1035.59,2024-04-09
inv_109796,sub_50641,604.29,2024-08-06
inv_109797,sub_53663,454.93,2024-06-12
inv_109798,sub_52982,810.55,2024-02-17
inv_109799,sub_52378,484.68,2023-08-15
inv_109800,sub_50919,721.77,2023-04-25
inv_109801,sub_53568,429.69,2023-04-23
inv_109802,sub_50346,1038.91,2024-06-04
inv_109803,sub_53995,1461.26,2024-07-30
inv_109804,sub_53707,503.45,2024-01-11
inv_109805,sub_52529,375.47,2024-12-13
inv_109806,sub_50011,567.12,2023-08-12
inv_109807,sub_50978,795.76,2024-10-19
inv_109808,sub_51058,373.67,2024-09-30
inv_109810,sub_52923,339.43,2024-07-01
inv_109811,sub_50454,1317.8,2023-10-02
inv_109812,sub_53466,150.05,2024-02-20
inv_109813,sub_53093,746.06,2023-10-18
inv_109814,sub_51463,1421.44,2024-03-25
inv_109815,sub_52184,645.1,2023-02-19
inv_109816,sub_52491,693.58,2024-03-27
inv_109817,sub_51891,707.78,2023-10-04
inv_109818,sub_52000,203.04,2023-11-09
inv_109819,sub_53326,1279.93,2023-05-11
inv_109820,sub_51940,1002.64,2023-10-12
inv_109821,sub_51060,1350.35,2023-05-08
inv_109822,sub_50320,935.38,2023-06-11
inv_109823,sub_51554,267.87,2023-07-29
inv_109824,sub_50073,766.63,2023-09-11
inv_109825,sub_51632,1266.4,2024-10-01
inv_109826,sub_51226,637.2,2024-12-19
inv_109827,sub_51883,1043.51,2023-12-12
inv_109828,sub_51975,329.95,2024-11-22
inv_109829,sub_51478,1017.59,2023-10-20
inv_109830,sub_53926,101.09,2024-08-03
inv_109831,sub_52642,1258.77,2023-05-18
inv_109832,sub_52010,1279.56,2023-03-02
inv_109833,sub_53159,1327.66,2023-05-03
inv_109834,sub_51084,1240.91,2024-04-04
inv_109835,sub_53141,1319.52,2023-03-20
inv_109836,sub_51751,1310.93,2023-04-12
inv_109837,sub_53568,373.31,2023-11-15
inv_109838,sub_52493,1294.48,2023-03-04
inv_109839,sub_51595,905.74,2024-05-10
inv_109841,sub_50522,415.87,2023-06-21
inv_109842,sub_52782,425.33,2024-09-06
inv_109843,sub_52048,1497.83,2024-08-19
inv_109844,sub_51212,676.25,2024-07-20
inv_109845,sub_52683,498.09,2024-12-29
inv_109846,sub_51647,1140.66,2023-04-19
inv_109847,sub_52772,540.18,2024-01-27
inv_109848,sub_53426,213.67,2023-12-25
inv_109849,sub_52921,360.11,2024-12-17
inv_109850,sub_50999,339.51,2023-03-27
inv_109851,sub_53844,878.52,2023-03-24
inv_109852,sub_51638,448.78,2024-12-28
inv_109853,sub_51088,663.46,2024-05-23
inv_109854,sub_51612,854.01,2023-06-29
inv_109855,sub_52464,1443.86,2023-09-14
inv_109856,sub_50162,594.69,2024-10-19
inv_109857,sub_51176,268.4,2023-06-03
inv_109858,sub_53633,72.31,2024-06-23
inv_109859,sub_51289,377.67,2023-08-11
inv_109860,sub_52184,1424.42,2023-07-24
inv_109861,sub_53471,1170.65,2024-11-24
inv_109862,sub_52449,273.27,2024-11-12
inv_109863,sub_51241,1094.61,2023-06-12
inv_109864,sub_51402,474.64,2024-10-19
inv_109865,sub_51695,598.24,2024-10-01
inv_109866,sub_52375,886.96,2024-05-09
inv_109867,sub_52117,835.93,2023-04-24
inv_109868,sub_53428,1458.41,2024-02-22
inv_109869,sub_53956,1193.67,2023-06-12
inv_109870,sub_52983,276.94,2023-12-25
inv_109872,sub_53763,1278.52,2023-01-06
inv_109873,sub_51105,784.64,2023-12-01
inv_109874,sub_53029,745.41,2024-06-30
inv_109875,sub_53239,430.77,2023-01-22
inv_109876,sub_52815,1251.21,2024-11-14
inv_109877,sub_52203,761.77,2023-08-26
inv_109878,sub_53883,527.32,2023-03-29
inv_109879,sub_53332,85.2,2024-10-10
inv_109880,sub_52444,1397.25,2024-08-30
inv_109881,sub_51342,906.99,2024-06-12
inv_109882,sub_52555,1233.34,2024-02-20
inv_109883,sub_53145,751.65,2024-08-21
inv_109884,sub_53362,235.37,2024-05-08
inv_109885,sub_52866,70.08,2024-10-04
inv_109886,sub_50071,1112.82,2024-07-17
inv_109887,sub_51718,1301.64,2023-01-05
inv_109888,sub_52957,94.96,2023-10-06
inv_109889,sub_53782,20.7,2024-05-02
inv_109890,sub_51496,1163.36,2024-03-12
inv_109891,sub_53017,294.6,2024-08-02
inv_109892,sub_51712,986.04,2023-04-27
inv_109893,sub_50689,824.82,2024-08-24
inv_109894,sub_50701,226.35,2023-06-11
inv_109895,sub_50125,758.5,2023-05-30
inv_109896,sub_52394,226.64,2023-11-30
inv_109897,sub_51987,727.14,2024-08-17
inv_109898,sub_52210,289.09,2024-11-28
inv_109899,sub_53331,1387.56,2024-03-02
inv_109900,sub_52584,707.57,2023-02-17
inv_109901,sub_51833,1445.78,2023-10-18
inv_109903,sub_53885,802.07,2024-05-21
inv_109904,sub_51026,63.36,2024-01-29
inv_109905,sub_50929,812.77,2024-10-26
inv_109906,sub_53584,1479.25,2023-12-11
inv_109907,sub_50550,1235.49,2023-11-11
inv_109908,sub_51281,1297.66,2023-11-07
inv_109909,sub_50435,1437.5,2023-04-13
inv_109910,sub_53130,1474.81,2023-03-10
inv_109911,sub_51903,668.51,2024-11-01
inv_109912,sub_52752,75.0,2023-11-17
inv_109913,sub_52417,118.28,2023-09-02
inv_109914,sub_53337,1103.93,2023-05-06
inv_109915,sub_53350,829.28,2024-01-28
inv_109916,sub_52873,1452.34,2023-01-14
inv_109917,sub_50381,812.7,2023-04-12
inv_109918,sub_53987,161.6,2024-10-13
inv_109919,sub_51306,193.18,2024-01-30
inv_109920,sub_53180,716.94,2024-01-27
inv_109921,sub_52847,223.12,2023-12-30
inv_109922,sub_53761,935.33,2023-04-25
inv_109923,sub_51740,319.58,2023-02-23
inv_109924,sub_50734,1498.81,2023-05-31
inv_109925,sub_50873,113.4,2023-06-11
inv_109926,sub_50627,310.82,2023-11-01
inv_109927,sub_52186,78.45,2024-11-10
inv_109928,sub_53117,120.52,2024-09-21
inv_109929,sub_51651,76.04,2023-04-12
inv_109930,sub_52813,470.73,2024-04-22
inv_109931,sub_52135,548.14,2024-06-12
inv_109932,sub_50053,1134.4,2024-11-09
inv_109934,sub_50266,1084.62,2023-08-28
inv_109935,sub_50930,211.73,2024-07-26
inv_109936,sub_50904,417.39,2023-10-18
inv_109937,sub_50449,31.03,2023-07-26
inv_109938,sub_53546,652.19,2023-03-18
inv_109939,sub_52199,1245.44,2023-11-10
inv_109940,sub_52160,1429.58,2023-01-18
inv_109941,sub_50498,1359.65,2024-07-03
inv_109942,sub_53633,1488.69,2024-03-05
inv_109943,sub_51402,1168.35,2023-09-20
inv_109944,sub_51463,337.77,2023-11-14
inv_109945,sub_50655,649.25,2024-10-29
inv_109946,sub_51518,1303.41,2024-05-22
inv_109947,sub_53023,1082.0,2023-07-18
inv_109948,sub_53034,962.47,2024-01-26
inv_109949,sub_50628,1336.61,2024-07-13
inv_109950,sub_52859,248.47,2023-10-07
inv_109951,sub_51203,578.51,2024-07-12
inv_109952,sub_50848,130.08,2023-05-17
inv_109953,sub_52576,167.35,2023-04-04
inv_109954,sub_52717,333.12,2024-02-14
inv_109955,sub_52346,1112.58,2023-05-05
inv_109956,sub_51119,1405.25,2023-05-29
inv_109957,sub_53198,754.9,2023-07-17
inv_109958,sub_52756,458.81,2023-04-07
inv_109959,sub_50024,1291.28,2023-09-10
inv_109960,sub_51245,297.48,2023-07-28
inv_109961,sub_50738,1073.3,2024-08-15
inv_109962,sub_53934,695.7,2023-05-17
inv_109963,sub_51767,1328.14,2024-04-24
inv_109965,sub_52251,141.99,2024-12-01
inv_109966,sub_53880,1446.99,2023-12-15
inv_109967,sub_52499,378.99,2023-02-15
inv_109968,sub_50086,247.61,2024-09-19
inv_109969,sub_53000,807.18,2024-12-04
inv_109970,sub_53722,894.36,2023-01-26
inv_109971,sub_51618,526.11,2023-05-05
inv_109972,sub_52238,141.6,2023-08-16
inv_109973,sub_52112,286.69,2023-07-10
inv_109974,sub_52567,424.62,2024-09-04
inv_109975,sub_53262,208.04,2023-10-15
inv_109976,sub_53831,477.28,2023-07-03
inv_109977,sub_51175,963.54,2023-03-31
inv_109978,sub_52317,788.65,2024-01-27
inv_109979,sub_53793,344.47,2024-03-17
inv_109980,sub_53717,386.26,2024-10-14
inv_109981,sub_51323,628.03,2024-02-21
inv_109982,sub_52663,134.67,2023-04-24
inv_109983,sub_53362,1269.86,2023-09-07
inv_109984,sub_51686,1499.65,2024-10-05
inv_109985,sub_50266,144.38,2024-05-18
inv_109986,sub_52211,1412.56,2024-02-25
inv_109987,sub_51209,1279.68,2023-08-11
inv_109988,sub_51234,424.98,2024-04-11
inv_109989,sub_50619,1424.66,2024-10-08
inv_109990,sub_51911,1442.03,2024-12-29
inv_109991,sub_53846,862.65,2024-12-10
inv_109992,sub_53341,505.5,2023-05-31
inv_109993,sub_52895,228.59,2024-04-22
inv_109994,sub_50916,1292.38,2024-01-27
inv_109996,sub_52377,218.41,2024-11-22
inv_109997,sub_50926,1390.56,2023-05-08
inv_109998,sub_50893,1187.86,2024-03-22
inv_109999,sub_52234,826.0,2024-07-23
