subscription_id,company_name,company_email,subscription_begin_date,cancel_date
sub_50000,Company_327,contact_327@example.com,2023-04-25,2023-05-27
sub_50001,Company_125,contact_125@example.com,2023-08-17,2023-11-16
sub_50002,Company_346,contact_346@example.com,2024-07-12,
sub_50003,Company_16,contact_16@example.com,2023-01-31,
sub_50004,Company_258,contact_258@example.com,2023-01-28,
sub_50005,Company_332,contact_332@example.com,2024-07-12,
sub_50006,Company_112,contact_112@example.com,2024-04-04,
sub_50007,Company_142,contact_142@example.com,2023-01-07,2024-02-19
sub_50008,Company_357,contact_357@example.com,2024-03-08,
sub_50009,Company_110,contact_110@example.com,2023-12-11,
sub_50010,Company_49,contact_49@example.com,2024-01-03,
sub_50011,Company_176,contact_176@example.com,2023-09-28,
sub_50012,Company_235,contact_235@example.com,2024-07-03,2024-09-24
sub_50013,Company_193,contact_193@example.com,2023-03-22,
sub_50014,Company_321,contact_321@example.com,2024-01-06,
sub_50015,Company_35,contact_35@example.com,2023-02-16,
sub_50016,Company_148,contact_148@example.com,2023-03-23,
sub_50017,Company_51,contact_51@example.com,2024-01-25,
sub_50018,Company_27,alt_27@example.com,2024-01-09,
sub_50019,Company_107,contact_107@example.com,2023-10-01,2024-10-14
sub_50020,Company_331,contact_331@example.com,2023-03-15,2024-02-09
sub_50021,Company_273,contact_273@example.com,2023-09-08,
sub_50022,Company_138,contact_138@example.com,2024-07-24,2024-12-03
sub_50023,Company_31,alt_31@example.com,2023-02-27,2023-07-14
sub_50024,Company_12,alt_12@example.com,2023-11-20,
sub_50025,Company_108,contact_108@example.com,2024-08-03,
sub_50026,Company_367,contact_367@example.com,2023-11-19,2024-03-26
sub_50027,Company_202,contact_202@example.com,2024-04-14,
sub_50028,Company_126,contact_126@example.com,2024-07-28,
sub_50029,Company_134,contact_134@example.com,2024-08-21,
sub_50030,Company_298,contact_298@example.com,2024-02-13,
sub_50032,Company_46,contact_46@example.com,2023-02-18,
sub_50033,Company_321,contact_321@example.com,2023-06-13,2024-08-11
sub_50034,Company_305,contact_305@example.com,2023-03-07,
sub_50035,Company_239,contact_239@example.com,2024-06-25,2024-11-20
sub_50036,Company_5,contact_5@example.com,2023-04-28,2024-05-01
sub_50037,Company_384,contact_384@example.com,2023-10-01,2024-11-17
sub_50038,Company_57,contact_57@example.com,2023-10-28,
sub_50039,Company_1,contact_1@example.com,2023-09-27,2024-06-29
sub_50040,Company_259,contact_259@example.com,2023-04-19,2024-07-27
sub_50041,Company_30,alt_30@example.com,2024-06-03,
sub_50042,Company_101,contact_101@example.com,2023-06-06,2024-01-03
sub_50043,Company_276,contact_276@example.com,2024-06-27,
sub_50044,Company_0,contact_0@example.com,2023-11-28,
sub_50045,Company_185,contact_185@example.com,2023-11-11,
sub_50046,Company_290,contact_290@example.com,2023-03-22,2023-05-24
sub_50047,Company_17,alt_17@example.com,2023-03-12,
sub_50048,Company_64,contact_64@example.com,2023-05-12,
sub_50049,Company_281,contact_281@example.com,2023-06-19,
sub_50050,Company_310,contact_310@example.com,2024-03-09,2024-07-15
sub_50051,Company_386,contact_386@example.com,2023-07-25,
sub_50052,Company_343,contact_343@example.com,2024-01-18,2024-09-18
sub_50053,Company_231,contact_231@example.com,2023-05-04,
sub_50054,Company_173,contact_173@example.com,2023-01-22,
sub_50055,Company_301,contact_301@example.com,2023-08-14,
sub_50056,Company_323,contact_323@example.com,2023-03-02,
sub_50057,Company_16,contact_16@example.com,2023-12-05,
sub_50058,Company_142,contact_142@example.com,2024-05-12,
sub_50059,Company_370,contact_370@example.com,2024-08-07,
sub_50060,Company_242,contact_242@example.com,2023-09-06,
sub_50061,Company_208,contact_208@example.com,2023-07-14,
sub_50063,Company_373,contact_373@example.com,2023-02-25,2024-02-24
sub_50064,Company_330,contact_330@example.com,2023-04-11,
sub_50065,Company_173,contact_173@example.com,2023-04-22,
sub_50066,Company_274,contact_274@example.com,2024-04-04,
sub_50067,Company_142,contact_142@example.com,2024-04-18,2024-09-12
sub_50068,Company_38,contact_38@example.com,2024-03-29,
sub_50069,Company_38,alt_38@example.com,2024-07-17,
sub_50070,Company_276,contact_276@example.com,2023-01-16,2023-03-24
sub_50071,Company_34,alt_34@example.com,2023-08-31,
sub_50072,Company_246,contact_246@example.com,2023-08-07,
sub_50073,Company_30,contact_30@example.com,2023-06-18,
sub_50074,Company_199,contact_199@example.com,2023-09-29,
sub_50075,Company_1,alt_1@example.com,2024-04-10,
sub_50076,Company_374,contact_374@example.com,2024-07-23,
sub_50077,Company_367,contact_367@example.com,2024-05-13,
sub_50078,Company_111,contact_111@example.com,2023-03-01,2024-01-11
sub_50079,Company_31,contact_31@example.com,2023-11-18,
sub_50080,Company_244,contact_244@example.com,2024-05-29,
sub_50081,Company_36,alt_36@example.com,2024-06-27,
sub_50082,Company_260,contact_260@example.com,2023-03-24,
sub_50083,Company_304,contact_304@example.com,2023-03-11,2024-03-10
sub_50084,Company_206,contact_206@example.com,2023-05-03,
sub_50085,Company_296,contact_296@example.com,2024-08-31,2024-10-10
sub_50086,Company_214,contact_214@example.com,2024-08-20,
sub_50087,Company_267,contact_267@example.com,2023-11-20,
sub_50088,Company_133,contact_133@example.com,2023-07-29,2024-07-25
sub_50089,Company_122,contact_122@example.com,2023-09-29,
sub_50090,Company_330,contact_330@example.com,2023-11-04,
sub_50091,Company_384,contact_384@example.com,2023-03-16,
sub_50092,Company_288,contact_288@example.com,2023-04-13,
sub_50094,Company_35,contact_35@example.com,2023-09-08,
sub_50095,Company_224,contact_224@example.com,2024-07-10,
sub_50096,Company_154,contact_154@example.com,2024-06-25,2024-07-19
sub_50097,Company_283,contact_283@example.com,2023-11-03,
sub_50098,Company_339,contact_339@example.com,2023-04-17,2024-08-29
sub_50099,Company_135,contact_135@example.com,2023-04-29,
sub_50100,Company_283,contact_283@example.com,2023-06-09,
sub_50101,Company_107,contact_107@example.com,2023-12-18,2024-04-20
sub_50102,Company_36,alt_36@example.com,2023-09-28,
sub_50103,Company_33,alt_33@example.com,2023-02-22,2023-04-30
sub_50104,Company_24,alt_24@example.com,2023-10-11,
sub_50105,Company_394,contact_394@example.com,2023-05-14,2024-04-24
sub_50106,Company_82,contact_82@example.com,2024-03-28,
sub_50107,Company_361,contact_361@example.com,2024-03-13,
sub_50108,Company_4,contact_4@example.com,2023-04-25,2023-06-22
sub_50109,Company_353,contact_353@example.com,2023-06-02,
sub_50110,Company_189,contact_189@example.com,2024-08-19,
sub_50111,Company_75,contact_75@example.com,2024-03-16,
sub_50112,Company_186,contact_186@example.com,2023-02-10,
sub_50113,Company_349,contact_349@example.com,2023-09-13,
sub_50114,Company_399,contact_399@example.com,2024-07-27,
sub_50115,Company_208,contact_208@example.com,2023-06-08,2024-10-13
sub_50116,Company_83,contact_83@example.com,2023-07-01,
sub_50117,Company_91,contact_91@example.com,2023-12-07,
sub_50118,Company_210,contact_210@example.com,2023-09-12,
sub_50119,Company_359,contact_359@example.com,2023-04-21,2023-11-22
sub_50120,Company_39,alt_39@example.com,2024-04-26,
sub_50121,Company_235,contact_235@example.com,2023-12-25,2024-06-18
sub_50122,Company_116,contact_116@example.com,2023-08-17,2023-09-18
sub_50123,Company_204,contact_204@example.com,2023-12-03,2024-05-13
sub_50125,Company_204,contact_204@example.com,2024-07-03,
sub_50126,Company_14,contact_14@example.com,2023-04-29,2024-08-10
sub_50127,Company_91,contact_91@example.com,2024-08-17,
sub_50128,Company_19,contact_19@example.com,2023-04-22,
sub_50129,Company_373,contact_373@example.com,2023-11-18,2024-07-18
sub_50130,Company_261,contact_261@example.com,2023-04-29,2023-12-02
sub_50131,Company_97,contact_97@example.com,2023-09-18,2023-10-30
sub_50132,Company_0,contact_0@example.com,2024-06-16,
sub_50133,Company_12,alt_12@example.com,2024-07-05,
sub_50134,Company_368,contact_368@example.com,2023-07-21,
sub_50135,Company_340,contact_340@example.com,2023-12-05,
sub_50136,Company_34,alt_34@example.com,2023-05-08,2024-05-30
sub_50137,Company_259,contact_259@example.com,2023-11-13,
sub_50138,Company_206,contact_206@example.com,2023-10-30,
sub_50139,Company_215,contact_215@example.com,2024-01-24,
sub_50140,Company_383,contact_383@example.com,2023-06-28,
sub_50141,Company_207,contact_207@example.com,2024-07-15,
sub_50142,Company_0,contact_0@example.com,2023-11-08,
sub_50143,Company_2,alt_2@example.com,2024-08-16,
sub_50144,Company_335,contact_335@example.com,2023-11-26,
sub_50145,Company_345,contact_345@example.com,2023-08-07,
sub_50146,Company_7,alt_7@example.com,2023-06-23,
sub_50147,Company_263,contact_263@example.com,2023-12-10,2024-02-15
sub_50148,Company_384,contact_384@example.com,2023-08-29,
sub_50149,Company_12,alt_12@example.com,2023-07-23,
sub_50150,Company_125,contact_125@example.com,2024-05-01,
sub_50151,Company_35,alt_35@example.com,2023-03-16,
sub_50152,Company_322,contact_322@example.com,2024-08-12,2024-12-09
sub_50153,Company_196,contact_196@example.com,2024-05-21,
sub_50154,Company_335,contact_335@example.com,2023-01-06,2024-04-27
sub_50156,Company_90,contact_90@example.com,2024-06-14,
sub_50157,Company_25,contact_25@example.com,2024-07-24,2024-12-18
sub_50158,Company_62,contact_62@example.com,2024-04-12,2024-07-09
sub_50159,Company_341,contact_341@example.com,2024-06-27,
sub_50160,Company_304,contact_304@example.com,2023-11-21,2024-12-31
sub_50161,Company_313,contact_313@example.com,2024-05-31,
sub_50162,Company_25,alt_25@example.com,2024-07-15,
sub_50163,Company_81,contact_81@example.com,2024-05-01,
sub_50164,Company_132,contact_132@example.com,2023-09-11,2024-12-04
sub_50165,Company_392,contact_392@example.com,2024-06-17,
sub_50166,Company_320,contact_320@example.com,2023-09-02,
sub_50167,Company_365,contact_365@example.com,2023-10-20,
sub_50168,Company_163,contact_163@example.com,2024-07-07,
sub_50169,Company_118,contact_118@example.com,2024-01-28,
sub_50170,Company_78,contact_78@example.com,2023-08-08,
sub_50171,Company_169,contact_169@example.com,2024-07-09,
sub_50172,Company_212,contact_212@example.com,2023-03-05,2023-07-08
sub_50173,Company_199,contact_199@example.com,2024-08-21,
sub_50174,Company_10,contact_10@example.com,2024-08-12,
sub_50175,Company_244,contact_244@example.com,2023-01-07,
sub_50176,Company_199,contact_199@example.com,2024-03-05,2024-12-25
sub_50177,Company_279,contact_279@example.com,2023-08-14,
sub_50178,Company_223,contact_223@example.com,2024-05-12,
sub_50179,Company_342,contact_342@example.com,2024-02-19,
sub_50180,Company_84,contact_84@example.com,2024-04-23,
sub_50181,Company_65,contact_65@example.com,2024-06-30,2024-08-02
sub_50182,Company_303,contact_303@example.com,2024-07-31,
sub_50183,Company_13,contact_13@example.com,2023-03-27,
sub_50184,Company_236,contact_236@example.com,2023-07-06,
sub_50185,Company_167,contact_167@example.com,2023-08-05,
sub_50187,Company_25,alt_25@example.com,2024-03-07,2024-08-03
sub_50188,Company_240,contact_240@example.com,2023-01-20,
sub_50189,Company_179,contact_179@example.com,2023-08-18,
sub_50190,Company_333,contact_333@example.com,2023-02-11,
sub_50191,Company_126,contact_126@example.com,2023-07-24,
sub_50192,Company_78,contact_78@example.com,2023-09-02,
sub_50193,Company_58,contact_58@example.com,2024-07-31,
sub_50194,Company_131,contact_131@example.com,2024-01-13,2024-04-27
sub_50195,Company_382,contact_382@example.com,2023-04-28,2024-06-19
sub_50196,Company_159,contact_159@example.com,2023-04-21,
sub_50197,Company_159,contact_159@example.com,2024-08-12,
sub_50198,Company_192,contact_192@example.com,2024-02-11,
sub_50199,Company_101,contact_101@example.com,2023-03-19,2024-02-05
sub_50200,Company_321,contact_321@example.com,2023-09-06,2023-11-17
sub_50201,Company_154,contact_154@example.com,2023-05-04,2024-07-04
sub_50202,Company_0,alt_0@example.com,2023-02-12,
sub_50203,Company_338,contact_338@example.com,2024-01-15,
sub_50204,Company_174,contact_174@example.com,2023-01-13,
sub_50205,Company_250,contact_250@example.com,2023-04-19,2023-12-16
sub_50206,Company_325,contact_325@example.com,2024-04-15,
sub_50207,Company_78,contact_78@example.com,2024-03-21,2024-07-09
sub_50208,Company_333,contact_333@example.com,2023-10-04,2024-09-03
sub_50209,Company_275,contact_275@example.com,2024-05-10,
sub_50210,Company_223,contact_223@example.com,2024-08-29,
sub_50211,Company_165,contact_165@example.com,2023-09-09,2024-11-27
sub_50212,Company_142,contact_142@example.com,2024-04-06,2024-08-28
sub_50213,Company_291,contact_291@example.com,2024-01-24,
sub_50214,Company_35,alt_35@example.com,2023-11-29,
sub_50215,Company_181,contact_181@example.com,2023-09-22,
sub_50216,Company_305,contact_305@example.com,2023-10-10,
sub_50218,Company_250,contact_250@example.com,2024-07-22,
sub_50219,Company_123,contact_123@example.com,2024-05-02,
sub_50220,Company_364,contact_364@example.com,2024-05-17,
sub_50221,Company_5,alt_5@example.com,2023-01-18,
sub_50222,Company_207,contact_207@example.com,2023-09-07,2024-03-01
sub_50223,Company_188,contact_188@example.com,2024-04-29,
sub_50224,Company_271,contact_271@example.com,2023-12-19,2024-08-12
sub_50225,Company_281,contact_281@example.com,2023-12-05,2024-06-22
sub_50226,Company_138,contact_138@example.com,2023-11-10,
sub_50227,Company_369,contact_369@example.com,2023-07-17,
sub_50228,Company_274,contact_274@example.com,2023-07-09,
sub_50229,Company_247,contact_247@example.com,2023-10-11,
sub_50230,Company_389,contact_389@example.com,2024-06-21,
sub_50231,Company_144,contact_144@example.com,2023-04-13,
sub_50232,Company_116,contact_116@example.com,2024-01-05,
sub_50233,Company_362,contact_362@example.com,2024-06-30,
sub_50234,Company_27,contact_27@example.com,2024-07-20,
sub_50235,Company_357,contact_357@example.com,2023-05-10,2024-04-20
sub_50236,Company_251,contact_251@example.com,2023-04-16,
sub_50237,Company_145,contact_145@example.com,2024-04-25,
sub_50238,Company_225,contact_225@example.com,2023-12-15,2024-04-07
sub_50239,Company_129,contact_129@example.com,2024-05-04,2024-07-21
sub_50240,Company_205,contact_205@example.com,2024-05-18,
sub_50241,Company_351,contact_351@example.com,2023-02-24,
sub_50242,Company_288,contact_288@example.com,2023-11-08,2024-01-10
sub_50243,Company_60,contact_60@example.com,2024-07-25,
sub_50244,Company_213,contact_213@example.com,2024-09-02,
sub_50245,Company_316,contact_316@example.com,2023-08-20,
sub_50246,Company_230,contact_230@example.com,2024-03-29,2024-09-17
sub_50247,Company_219,contact_219@example.com,2023-11-09,2024-09-15
sub_50249,Company_108,contact_108@example.com,2023-09-28,
sub_50250,Company_122,contact_122@example.com,2023-06-27,
sub_50251,Company_1,contact_1@example.com,2024-02-23,2024-10-30
sub_50252,Company_240,contact_240@example.com,2023-10-26,
sub_50253,Company_361,contact_361@example.com,2023-10-17,2024-10-30
sub_50254,Company_36,contact_36@example.com,2023-08-28,
sub_50255,Company_135,contact_135@example.com,2024-08-26,
sub_50256,Company_11,alt_11@example.com,2023-07-22,
sub_50257,Company_115,contact_115@example.com,2023-06-02,
sub_50258,Company_72,contact_72@example.com,2023-03-15,
sub_50259,Company_157,contact_157@example.com,2024-09-01,
sub_50260,Company_22,alt_22@example.com,2024-08-05,
sub_50261,Company_147,contact_147@example.com,2024-03-25,
sub_50262,Company_155,contact_155@example.com,2024-02-17,
sub_50263,Company_252,contact_252@example.com,2024-03-24,
sub_50264,Company_221,contact_221@example.com,2023-11-27,
sub_50265,Company_46,contact_46@example.com,2023-08-23,2024-08-22
sub_50266,Company_294,contact_294@example.com,2024-08-24,2024-09-23
sub_50267,Company_344,contact_344@example.com,2023-10-03,
sub_50268,Company_387,contact_387@example.com,2023-06-29,
sub_50269,Company_226,contact_226@example.com,2023-10-12,2024-02-01
sub_50270,Company_223,contact_223@example.com,2024-05-18,
sub_50271,Company_209,contact_209@example.com,2023-12-08,2024-06-09
sub_50272,Company_39,alt_39@example.com,2023-06-14,
sub_50273,Company_253,contact_253@example.com,2023-10-23,2024-10-16
sub_50274,Company_16,alt_16@example.com,2024-07-17,
sub_50275,Company_161,contact_161@example.com,2023-09-16,
sub_50276,Company_395,contact_395@example.com,2024-02-18,
sub_50277,Company_263,contact_263@example.com,2023-01-02,2023-12-24
sub_50278,Company_236,contact_236@example.com,2024-02-28,
sub_50280,Company_226,contact_226@example.com,2023-02-22,
sub_50281,Company_67,contact_67@example.com,2023-10-22,2024-06-22
sub_50282,Company_248,contact_248@example.com,2023-05-05,2023-06-08
sub_50283,Company_311,contact_311@example.com,2023-09-03,
sub_50284,Company_282,contact_282@example.com,2023-01-15,
sub_50285,Company_115,contact_115@example.com,2023-04-27,2024-01-08
sub_50286,Company_331,contact_331@example.com,2023-06-07,2024-03-08
sub_50287,Company_149,contact_149@example.com,2024-06-05,
sub_50288,Company_139,contact_139@example.com,2024-03-01,
sub_50289,Company_247,contact_247@example.com,2024-04-28,
sub_50290,Company_74,contact_74@example.com,2024-01-28,2024-05-24
sub_50291,Company_260,contact_260@example.com,2023-05-20,
sub_50292,Company_395,contact_395@example.com,2024-02-29,2024-09-10
sub_50293,Company_259,contact_259@example.com,2023-10-01,
sub_50294,Company_371,contact_371@example.com,2023-11-02,
sub_50295,Company_300,contact_300@example.com,2024-08-16,
sub_50296,Company_250,contact_250@example.com,2023-06-02,
sub_50297,Company_176,contact_176@example.com,2023-12-07,2024-10-04
sub_50298,Company_193,contact_193@example.com,2024-04-11,
sub_50299,Company_164,contact_164@example.com,2023-07-13,
sub_50300,Company_196,contact_196@example.com,2023-08-28,2024-11-28
sub_50301,Company_22,contact_22@example.com,2023-11-22,
sub_50302,Company_15,alt_15@example.com,2024-01-26,2024-08-30
sub_50303,Company_5,alt_5@example.com,2023-06-05,2024-03-04
sub_50304,Company_64,contact_64@example.com,2024-05-29,
sub_50305,Company_169,contact_169@example.com,2023-04-13,2024-07-23
sub_50306,Company_51,contact_51@example.com,2024-06-22,
sub_50307,Company_233,contact_233@example.com,2023-01-16,
sub_50308,Company_335,contact_335@example.com,2023-06-08,
sub_50309,Company_135,contact_135@example.com,2023-12-13,2024-11-16
sub_50311,Company_345,contact_345@example.com,2024-06-30,
sub_50312,Company_162,contact_162@example.com,2024-05-14,
sub_50313,Company_277,contact_277@example.com,2023-02-06,
sub_50314,Company_323,contact_323@example.com,2023-10-22,2024-03-06
sub_50315,Company_222,contact_222@example.com,2023-04-11,2024-05-24
sub_50316,Company_51,contact_51@example.com,2024-03-30,2024-07-13
sub_50317,Company_14,contact_14@example.com,2023-02-17,2023-08-22
sub_50318,Company_150,contact_150@example.com,2024-01-03,
sub_50319,Company_125,contact_125@example.com,2024-06-27,
sub_50320,Company_289,contact_289@example.com,2023-07-04,
sub_50321,Company_312,contact_312@example.com,2024-01-27,2024-12-29
sub_50322,Company_254,contact_254@example.com,2024-08-20,
sub_50323,Company_326,contact_326@example.com,2023-09-18,
sub_50324,Company_4,contact_4@example.com,2024-04-21,
sub_50325,Company_147,contact_147@example.com,2024-07-13,
sub_50326,Company_176,contact_176@example.com,2024-08-24,
sub_50327,Company_327,contact_327@example.com,2024-03-10,
sub_50328,Company_128,contact_128@example.com,2024-04-12,
sub_50329,Company_154,contact_154@example.com,2023-07-23,2024-02-24
sub_50330,Company_54,contact_54@example.com,2023-08-31,
sub_50331,Company_294,contact_294@example.com,2023-10-30,
sub_50332,Company_24,alt_24@example.com,2024-02-10,
sub_50333,Company_351,contact_351@example.com,2023-02-20,2024-06-20
sub_50334,Company_254,contact_254@example.com,2023-10-21,2024-12-11
sub_50335,Company_310,contact_310@example.com,2023-12-27,2024-05-07
sub_50336,Company_317,contact_317@example.com,2023-09-14,2024-09-15
sub_50337,Company_392,contact_392@example.com,2023-05-21,
sub_50338,Company_321,contact_321@example.com,2023-02-10,2023-08-07
sub_50339,Company_17,contact_17@example.com,2024-08-16,
sub_50340,Company_374,contact_374@example.com,2023-05-15,2023-07-20
sub_50342,Company_2,alt_2@example.com,2024-07-06,
sub_50343,Company_187,contact_187@example.com,2024-06-27,
sub_50344,Company_139,contact_139@example.com,2023-06-18,2023-11-16
sub_50345,Company_246,contact_246@example.com,2023-10-30,2024-12-05
sub_50346,Company_11,alt_11@example.com,2023-04-28,2024-01-12
sub_50347,Company_72,contact_72@example.com,2023-08-20,2024-11-22
sub_50348,Company_345,contact_345@example.com,2024-02-11,
sub_50349,Company_11,alt_11@example.com,2024-07-24,
sub_50350,Company_46,contact_46@example.com,2024-02-09,
sub_50351,Company_63,contact_63@example.com,2024-04-10,2024-11-04
sub_50352,Company_344,contact_344@example.com,2023-09-26,
sub_50353,Company_326,contact_326@example.com,2024-01-16,2024-03-31
sub_50354,Company_241,contact_241@example.com,2023-01-26,2023-12-29
sub_50355,Company_287,contact_287@example.com,2023-12-02,
sub_50356,Company_312,contact_312@example.com,2023-08-15,
sub_50357,Company_21,alt_21@example.com,2024-04-20,
sub_50358,Company_358,contact_358@example.com,2023-11-06,
sub_50359,Company_71,contact_71@example.com,2023-02-16,
sub_50360,Company_252,contact_252@example.com,2023-04-29,
sub_50361,Company_275,contact_275@example.com,2023-05-19,
sub_50362,Company_343,contact_343@example.com,2024-07-07,
sub_50363,Company_300,contact_300@example.com,2023-06-08,
sub_50364,Company_50,contact_50@example.com,2024-05-16,
sub_50365,Company_208,contact_208@example.com,2023-10-14,2023-11-19
sub_50366,Company_111,contact_111@example.com,2024-03-30,2024-12-02
sub_50367,Company_37,alt_37@example.com,2024-01-07,2024-03-17
sub_50368,Company_188,contact_188@example.com,2024-07-11,
sub_50369,Company_330,contact_330@example.com,2024-01-03,
sub_50370,Company_97,contact_97@example.com,2023-05-06,2024-08-02
sub_50371,Company_46,contact_46@example.com,2023-08-06,2024-07-19
sub_50373,Company_64,contact_64@example.com,2024-08-01,
sub_50374,Company_391,contact_391@example.com,2024-07-21,
sub_50375,Company_16,alt_16@example.com,2023-08-27,2024-03-02
sub_50376,Company_3,alt_3@example.com,2024-09-02,
sub_50377,Company_74,contact_74@example.com,2023-05-14,
sub_50378,Company_89,contact_89@example.com,2023-04-23,2024-04-15
sub_50379,Company_67,contact_67@example.com,2023-01-16,2023-08-07
sub_50380,Company_121,contact_121@example.com,2024-08-25,
sub_50381,Company_8,contact_8@example.com,2023-06-28,
sub_50382,Company_379,contact_379@example.com,2024-03-07,
sub_50383,Company_32,contact_32@example.com,2024-05-02,
sub_50384,Company_398,contact_398@example.com,2024-01-06,
sub_50385,Company_231,contact_231@example.com,2024-05-30,2024-10-10
sub_50386,Company_22,contact_22@example.com,2024-06-17,
sub_50387,Company_15,contact_15@example.com,2023-03-04,2023-11-24
sub_50388,Company_218,contact_218@example.com,2023-04-21,2024-01-17
sub_50389,Company_227,contact_227@example.com,2023-03-17,
sub_50390,Company_311,contact_311@example.com,2023-06-01,
sub_50391,Company_319,contact_319@example.com,2024-08-22,
sub_50392,Company_364,contact_364@example.com,2023-11-29,2024-07-01
sub_50393,Company_271,contact_271@example.com,2023-10-29,
sub_50394,Company_220,contact_220@example.com,2023-04-12,2024-06-11
sub_50395,Company_36,alt_36@example.com,2024-07-18,
sub_50396,Company_110,contact_110@example.com,2024-03-16,2024-11-22
sub_50397,Company_211,contact_211@example.com,2023-12-14,
sub_50398,Company_232,contact_232@example.com,2024-02-13,2024-10-02
sub_50399,Company_160,contact_160@example.com,2024-03-13,2024-09-09
sub_50400,Company_191,contact_191@example.com,2023-06-06,2024-06-11
sub_50401,Company_34,contact_34@example.com,2023-04-04,
sub_50402,Company_221,contact_221@example.com,2023-04-09,2024-05-14
sub_50404,Company_287,contact_287@example.com,2024-07-29,
sub_50405,Company_343,contact_343@example.com,2023-05-06,
sub_50406,Company_340,contact_340@example.com,2024-03-09,
sub_50407,Company_369,contact_369@example.com,2023-02-22,2023-08-08
sub_50408,Company_180,contact_180@example.com,2023-04-17,
sub_50409,Company_79,contact_79@example.com,2024-05-08,2024-09-19
sub_50410,Company_179,contact_179@example.com,2024-07-23,
sub_50411,Company_58,contact_58@example.com,2023-10-13,
sub_50412,Company_219,contact_219@example.com,2024-07-28,
sub_50413,Company_19,alt_19@example.com,2024-07-24,2024-08-26
sub_50414,Company_336,contact_336@example.com,2023-10-01,
sub_50415,Company_359,contact_359@example.com,2023-11-13,
sub_50416,Company_173,contact_173@example.com,2023-12-26,
sub_50417,Company_73,contact_73@example.com,2024-08-02,
sub_50418,Company_205,contact_205@example.com,2023-03-13,2023-06-13
sub_50419,Company_15,contact_15@example.com,2023-04-04,
sub_50420,Company_192,contact_192@example.com,2024-03-05,
sub_50421,Company_189,contact_189@example.com,2023-11-16,
sub_50422,Company_290,contact_290@example.com,2024-09-02,2024-11-04
sub_50423,Company_79,contact_79@example.com,2023-06-11,2024-07-21
sub_50424,Company_345,contact_345@example.com,2023-03-25,
sub_50425,Company_217,contact_217@example.com,2024-05-12,
sub_50426,Company_226,contact_226@example.com,2024-02-29,
sub_50427,Company_262,contact_262@example.com,2023-04-27,
sub_50428,Company_145,contact_145@example.com,2024-08-30,
sub_50429,Company_269,contact_269@example.com,2023-11-12,
sub_50430,Company_306,contact_306@example.com,2023-02-26,
sub_50431,Company_108,contact_108@example.com,2023-05-21,
sub_50432,Company_167,contact_167@example.com,2023-05-03,
sub_50433,Company_220,contact_220@example.com,2023-06-29,
sub_50435,Company_342,contact_342@example.com,2023-12-29,
sub_50436,Company_379,contact_379@example.com,2023-02-13,
sub_50437,Company_39,contact_39@example.com,2023-11-17,
sub_50438,Company_207,contact_207@example.com,2024-03-03,
sub_50439,Company_10,contact_10@example.com,2023-11-29,2024-03-15
sub_50440,Company_316,contact_316@example.com,2024-04-16,
sub_50441,Company_353,contact_353@example.com,2024-01-06,
sub_50442,Company_54,contact_54@example.com,2023-09-07,
sub_50443,Company_268,contact_268@example.com,2023-03-22,2023-10-30
sub_50444,Company_381,contact_381@example.com,2023-12-14,
sub_50445,Company_86,contact_86@example.com,2023-03-20,2023-12-26
sub_50446,Company_271,contact_271@example.com,2024-06-06,2024-10-03
sub_50447,Company_178,contact_178@example.com,2023-12-26,
sub_50448,Company_19,alt_19@example.com,2023-06-01,
sub_50449,Company_131,contact_131@example.com,2023-07-22,2023-11-07
sub_50450,Company_389,contact_389@example.com,2023-03-19,2023-07-07
sub_50451,Company_321,contact_321@example.com,2024-05-20,
sub_50452,Company_386,contact_386@example.com,2024-07-31,
sub_50453,Company_296,contact_296@example.com,2024-04-04,
sub_50454,Company_289,contact_289@example.com,2023-11-27,
sub_50455,Company_321,contact_321@example.com,2023-11-20,
sub_50456,Company_240,contact_240@example.com,2024-03-28,
sub_50457,Company_155,contact_155@example.com,2023-10-09,
sub_50458,Company_259,contact_259@example.com,2023-03-17,
sub_50459,Company_19,contact_19@example.com,2023-02-28,2023-09-24
sub_50460,Company_39,contact_39@example.com,2023-04-03,
sub_50461,Company_196,contact_196@example.com,2024-04-18,
sub_50462,Company_283,contact_283@example.com,2023-02-12,2023-10-20
sub_50463,Company_292,contact_292@example.com,2023-07-12,2024-01-12
sub_50464,Company_256,contact_256@example.com,2023-06-04,
sub_50466,Company_43,contact_43@example.com,2024-05-31,
sub_50467,Company_88,contact_88@example.com,2023-02-10,2023-07-06
sub_50468,Company_224,contact_224@example.com,2024-06-20,
sub_50469,Company_312,contact_312@example.com,2023-06-12,
sub_50470,Company_144,contact_144@example.com,2024-02-01,2024-09-17
sub_50471,Company_347,contact_347@example.com,2023-02-23,2024-04-22
sub_50472,Company_171,contact_171@example.com,2023-03-09,
sub_50473,Company_347,contact_347@example.com,2024-01-31,
sub_50474,Company_36,alt_36@example.com,2023-06-03,
sub_50475,Company_339,contact_339@example.com,2023-05-25,
sub_50476,Company_335,contact_335@example.com,2024-02-06,
sub_50477,Company_43,contact_43@example.com,2023-11-14,
sub_50478,Company_5,alt_5@example.com,2023-12-03,
sub_50479,Company_65,contact_65@example.com,2024-06-23,2024-08-29
sub_50480,Company_216,contact_216@example.com,2024-06-04,
sub_50481,Company_158,contact_158@example.com,2023-07-04,
sub_50482,Company_392,contact_392@example.com,2024-05-12,
sub_50483,Company_70,contact_70@example.com,2023-06-08,
sub_50484,Company_3,alt_3@example.com,2023-04-14,2024-01-18
sub_50485,Company_27,alt_27@example.com,2024-06-23,2024-08-01
sub_50486,Company_392,contact_392@example.com,2023-05-15,
sub_50487,Company_83,contact_83@example.com,2023-07-05,2024-09-22
sub_50488,Company_319,contact_319@example.com,2023-06-19,
sub_50489,Company_210,contact_210@example.com,2024-01-09,
sub_50490,Company_368,contact_368@example.com,2023-09-01,2024-05-05
sub_50491,Company_385,contact_385@example.com,2024-04-04,
sub_50492,Company_158,contact_158@example.com,2024-04-25,
sub_50493,Company_27,alt_27@example.com,2023-07-18,2024-02-11
sub_50494,Company_292,contact_292@example.com,2024-03-27,2024-12-08
sub_50495,Company_398,contact_398@example.com,2024-01-27,
sub_50497,Company_128,contact_128@example.com,2023-02-23,
sub_50498,Company_190,contact_190@example.com,2024-07-21,
sub_50499,Company_52,contact_52@example.com,2024-06-12,
sub_50500,Company_63,contact_63@example.com,2023-10-19,2023-12-20
sub_50501,Company_139,contact_139@example.com,2024-04-05,
sub_50502,Company_262,contact_262@example.com,2023-05-31,
sub_50503,Company_113,contact_113@example.com,2024-04-06,
sub_50504,Company_178,contact_178@example.com,2023-01-28,
sub_50505,Company_257,contact_257@example.com,2024-01-18,
sub_50506,Company_41,contact_41@example.com,2024-01-19,
sub_50507,Company_50,contact_50@example.com,2023-12-10,
sub_50508,Company_74,contact_74@example.com,2023-05-21,
sub_50509,Company_24,alt_24@example.com,2024-04-28,
sub_50510,Company_25,alt_25@example.com,2023-05-23,2024-07-04
sub_50511,Company_229,contact_229@example.com,2023-01-06,
sub_50512,Company_131,contact_131@example.com,2023-08-09,
sub_50513,Company_372,contact_372@example.com,2024-06-24,
sub_50514,Company_56,contact_56@example.com,2023-10-23,
sub_50515,Company_24,contact_24@example.com,2023-09-02,2024-04-23
sub_50516,Company_318,contact_318@example.com,2024-04-13,
sub_50517,Company_255,contact_255@example.com,2024-09-03,
sub_50518,Company_8,contact_8@example.com,2024-06-11,
sub_50519,Company_123,contact_123@example.com,2023-05-28,
sub_50520,Company_314,contact_314@example.com,2023-12-28,
sub_50521,Company_95,contact_95@example.com,2023-03-29,2024-01-11
sub_50522,Company_34,contact_34@example.com,2024-06-22,
sub_50523,Company_259,contact_259@example.com,2024-06-03,
sub_50524,Company_10,contact_10@example.com,2024-02-04,
sub_50525,Company_240,contact_240@example.com,2023-02-14,
sub_50526,Company_191,contact_191@example.com,2023-09-17,
sub_50528,Company_336,contact_336@example.com,2023-04-17,
sub_50529,Company_387,contact_387@example.com,2023-12-07,
sub_50530,Company_279,contact_279@example.com,2023-12-13,
sub_50531,Company_329,contact_329@example.com,2023-06-29,2024-09-16
sub_50532,Company_237,contact_237@example.com,2024-05-05,
sub_50533,Company_93,contact_93@example.com,2023-05-19,2023-07-10
sub_50534,Company_234,contact_234@example.com,2023-02-07,
sub_50535,Company_5,alt_5@example.com,2023-07-24,
sub_50536,Company_158,contact_158@example.com,2024-06-11,
sub_50537,Company_17,alt_17@example.com,2024-07-10,
sub_50538,Company_129,contact_129@example.com,2023-02-07,2024-03-18
sub_50539,Company_146,contact_146@example.com,2024-01-01,
sub_50540,Company_399,contact_399@example.com,2023-02-18,2024-05-26
sub_50541,Company_139,contact_139@example.com,2023-05-08,
sub_50542,Company_204,contact_204@example.com,2024-03-26,
sub_50543,Company_197,contact_197@example.com,2023-12-14,
sub_50544,Company_254,contact_254@example.com,2024-01-12,
sub_50545,Company_8,alt_8@example.com,2024-06-15,2024-11-18
sub_50546,Company_372,contact_372@example.com,2024-03-10,
sub_50547,Company_21,alt_21@example.com,2023-07-04,
sub_50548,Company_52,contact_52@example.com,2023-03-23,2023-09-26
sub_50549,Company_156,contact_156@example.com,2024-04-01,
sub_50550,Company_367,contact_367@example.com,2024-03-12,2024-06-25
sub_50551,Company_179,contact_179@example.com,2024-04-02,2024-05-13
sub_50552,Company_180,contact_180@example.com,2024-03-21,2024-08-28
sub_50553,Company_5,alt_5@example.com,2023-02-28,2023-04-27
sub_50554,Company_207,contact_207@example.com,2024-01-08,2024-10-16
sub_50555,Company_347,contact_347@example.com,2023-06-13,
sub_50556,Company_311,contact_311@example.com,2024-03-24,
sub_50557,Company_120,contact_120@example.com,2024-01-11,
sub_50559,Company_230,contact_230@example.com,2024-01-15,
sub_50560,Company_39,contact_39@example.com,2024-08-10,
sub_50561,Company_203,contact_203@example.com,2023-11-18,
sub_50562,Company_58,contact_58@example.com,2023-01-27,
sub_50563,Company_265,contact_265@example.com,2024-02-01,
sub_50564,Company_287,contact_287@example.com,2023-05-01,2023-10-02
sub_50565,Company_360,contact_360@example.com,2024-04-01,2024-08-08
sub_50566,Company_146,contact_146@example.com,2024-05-17,
sub_50567,Company_36,alt_36@example.com,2023-03-17,
sub_50568,Company_365,contact_365@example.com,2024-03-31,2024-06-03
sub_50569,Company_32,alt_32@example.com,2023-11-24,
sub_50570,Company_33,contact_33@example.com,2024-07-17,
sub_50571,Company_148,contact_148@example.com,2023-11-04,
sub_50572,Company_80,contact_80@example.com,2023-06-28,
sub_50573,Company_114,contact_114@example.com,2023-05-05,2023-09-04
sub_50574,Company_121,contact_121@example.com,2024-05-20,
sub_50575,Company_293,contact_293@example.com,2024-01-13,2024-09-28
sub_50576,Company_282,contact_282@example.com,2023-05-13,2024-04-10
sub_50577,Company_33,contact_33@example.com,2023-11-13,2024-06-23
sub_50578,Company_368,contact_368@example.com,2024-05-05,
sub_50579,Company_210,contact_210@example.com,2024-02-24,
sub_50580,Company_294,contact_294@example.com,2023-03-17,2023-06-09
sub_50581,Company_328,contact_328@example.com,2023-03-17,
sub_50582,Company_264,contact_264@example.com,2023-12-19,2024-03-13
sub_50583,Company_399,contact_399@example.com,2024-07-18,
sub_50584,Company_300,contact_300@example.com,2023-07-06,2024-08-22
sub_50585,Company_221,contact_221@example.com,2024-05-29,
sub_50586,Company_28,contact_28@example.com,2023-05-08,
sub_50587,Company_84,contact_84@example.com,2023-06-15,2023-12-17
sub_50588,Company_115,contact_115@example.com,2023-12-21,2024-10-01
sub_50590,Company_282,contact_282@example.com,2023-10-09,2024-01-01
sub_50591,Company_314,contact_314@example.com,2024-06-30,
sub_50592,Company_86,contact_86@example.com,2024-08-29,
sub_50593,Company_78,contact_78@example.com,2023-06-25,2024-06-16
sub_50594,Company_309,contact_309@example.com,2023-12-12,
sub_50595,Company_288,contact_288@example.com,2023-02-12,2024-04-29
sub_50596,Company_41,contact_41@example.com,2023-02-16,2024-01-30
sub_50597,Company_135,contact_135@example.com,2023-08-04,
sub_50598,Company_316,contact_316@example.com,2023-02-01,2023-11-02
sub_50599,Company_279,contact_279@example.com,2023-10-24,2024-10-06
sub_50600,Company_247,contact_247@example.com,2023-09-08,2024-11-13
sub_50601,Company_207,contact_207@example.com,2023-11-01,
sub_50602,Company_30,contact_30@example.com,2023-06-11,
sub_50603,Company_237,contact_237@example.com,2023-07-28,2024-02-07
sub_50604,Company_160,contact_160@example.com,2023-11-23,2024-12-22
sub_50605,Company_176,contact_176@example.com,2024-02-13,2024-05-09
sub_50606,Company_263,contact_263@example.com,2024-07-29,
sub_50607,Company_238,contact_238@example.com,2023-05-06,
sub_50608,Company_72,contact_72@example.com,2023-04-10,
sub_50609,Company_196,contact_196@example.com,2024-03-04,2024-07-29
sub_50610,Company_81,contact_81@example.com,2023-12-02,
sub_50611,Company_295,contact_295@example.com,2023-11-17,2024-03-13
sub_50612,Company_255,contact_255@example.com,2024-06-11,
sub_50613,Company_255,contact_255@example.com,2023-11-12,
sub_50614,Company_201,contact_201@example.com,2024-06-01,
sub_50615,Company_123,contact_123@example.com,2023-08-09,
sub_50616,Company_25,contact_25@example.com,2023-10-16,
sub_50617,Company_31,alt_31@example.com,2024-04-26,
sub_50618,Company_33,alt_33@example.com,2023-04-21,
sub_50619,Company_135,contact_135@example.com,2024-01-10,
sub_50621,Company_291,contact_291@example.com,2024-07-29,
sub_50622,Company_147,contact_147@example.com,2023-03-17,
sub_50623,Company_391,contact_391@example.com,2024-07-17,2024-12-27
sub_50624,Company_319,contact_319@example.com,2023-05-02,2023-07-26
sub_50625,Company_201,contact_201@example.com,2024-01-18,
sub_50626,Company_173,contact_173@example.com,2024-07-25,
sub_50627,Company_187,contact_187@example.com,2023-05-28,2023-09-26
sub_50628,Company_205,contact_205@example.com,2024-05-27,
sub_50629,Company_70,contact_70@example.com,2023-12-08,
sub_50630,Company_242,contact_242@example.com,2024-06-15,
sub_50631,Company_76,contact_76@example.com,2024-06-11,
sub_50632,Company_313,contact_313@example.com,2023-11-23,
sub_50633,Company_315,contact_315@example.com,2023-11-03,
sub_50634,Company_24,alt_24@example.com,2024-06-05,
sub_50635,Company_250,contact_250@example.com,2024-07-30,
sub_50636,Company_243,contact_243@example.com,2023-01-18,
sub_50637,Company_56,contact_56@example.com,2024-03-02,
sub_50638,Company_157,contact_157@example.com,2023-01-28,
sub_50639,Company_335,contact_335@example.com,2024-08-15,
sub_50640,Company_116,contact_116@example.com,2023-02-22,
sub_50641,Company_268,contact_268@example.com,2024-01-25,2024-04-29
sub_50642,Company_124,contact_124@example.com,2023-02-02,2023-12-12
sub_50643,Company_56,contact_56@example.com,2023-07-15,
sub_50644,Company_214,contact_214@example.com,2023-06-05,2024-01-22
sub_50645,Company_210,contact_210@example.com,2024-05-28,
sub_50646,Company_313,contact_313@example.com,2024-04-27,
sub_50647,Company_34,alt_34@example.com,2023-03-05,
sub_50648,Company_106,contact_106@example.com,2024-07-28,
sub_50649,Company_339,contact_339@example.com,2024-05-04,
sub_50650,Company_192,contact_192@example.com,2023-11-18,
sub_50652,Company_395,contact_395@example.com,2023-09-28,
sub_50653,Company_126,contact_126@example.com,2023-10-13,
sub_50654,Company_152,contact_152@example.com,2023-10-23,
sub_50655,Company_360,contact_360@example.com,2024-05-15,
sub_50656,Company_286,contact_286@example.com,2023-10-08,
sub_50657,Company_346,contact_346@example.com,2024-07-10,
sub_50658,Company_202,contact_202@example.com,2023-12-20,
sub_50659,Company_11,alt_11@example.com,2023-05-30,
sub_50660,Company_365,contact_365@example.com,2023-03-22,2023-10-05
sub_50661,Company_335,contact_335@example.com,2023-09-20,
sub_50662,Company_103,contact_103@example.com,2024-07-05,2024-12-10
sub_50663,Company_356,contact_356@example.com,2023-10-06,
sub_50664,Company_379,contact_379@example.com,2024-08-23,
sub_50665,Company_124,contact_124@example.com,2023-02-21,2024-02-18
sub_50666,Company_115,contact_115@example.com,2023-08-27,
sub_50667,Company_169,contact_169@example.com,2024-04-28,2024-07-08
sub_50668,Company_70,contact_70@example.com,2023-01-06,2023-11-03
sub_50669,Company_80,contact_80@example.com,2024-02-21,
sub_50670,Company_243,contact_243@example.com,2024-05-03,
sub_50671,Company_102,contact_102@example.com,2023-10-22,
sub_50672,Company_30,contact_30@example.com,2023-04-02,
sub_50673,Company_273,contact_273@example.com,2023-02-08,2024-06-09
sub_50674,Company_213,contact_213@example.com,2023-06-30,2024-11-09
sub_50675,Company_28,alt_28@example.com,2024-02-11,
sub_50676,Company_253,contact_253@example.com,2023-07-10,2024-11-20
sub_50677,Company_148,contact_148@example.com,2023-02-08,
sub_50678,Company_308,contact_308@example.com,2023-04-20,2024-08-27
sub_50679,Company_145,contact_145@example.com,2024-04-10,
sub_50680,Company_278,contact_278@example.com,2024-06-20,
sub_50681,Company_68,contact_68@example.com,2024-05-31,
sub_50683,Company_83,contact_83@example.com,2024-04-14,
sub_50684,Company_131,contact_131@example.com,2023-07-10,2023-08-06
sub_50685,Company_4,alt_4@example.com,2023-10-30,2024-09-04
sub_50686,Company_98,contact_98@example.com,2023-06-29,2024-05-26
sub_50687,Company_207,contact_207@example.com,2024-03-13,
sub_50688,Company_205,contact_205@example.com,2023-04-08,2023-07-31
sub_50689,Company_244,contact_244@example.com,2023-11-28,
sub_50690,Company_127,contact_127@example.com,2023-01-07,
sub_50691,Company_228,contact_228@example.com,2023-10-01,
sub_50692,Company_370,contact_370@example.com,2024-08-09,
sub_50693,Company_184,contact_184@example.com,2023-08-30,2023-10-20
sub_50694,Company_238,contact_238@example.com,2023-11-11,
sub_50695,Company_257,contact_257@example.com,2023-11-15,
sub_50696,Company_151,contact_151@example.com,2024-01-12,
sub_50697,Company_68,contact_68@example.com,2024-05-04,
sub_50698,Company_310,contact_310@example.com,2024-01-18,2024-09-06
sub_50699,Company_241,contact_241@example.com,2024-07-04,
sub_50700,Company_340,contact_340@example.com,2023-08-12,
sub_50701,Company_386,contact_386@example.com,2024-09-02,
sub_50702,Company_3,alt_3@example.com,2023-03-25,
sub_50703,Company_360,contact_360@example.com,2024-01-06,2024-03-05
sub_50704,Company_57,contact_57@example.com,2023-03-05,
sub_50705,Company_258,contact_258@example.com,2023-07-27,
sub_50706,Company_84,contact_84@example.com,2023-12-02,
sub_50707,Company_266,contact_266@example.com,2024-03-28,2024-06-15
sub_50708,Company_367,contact_367@example.com,2024-08-20,
sub_50709,Company_46,contact_46@example.com,2024-06-06,
sub_50710,Company_14,alt_14@example.com,2023-02-26,
sub_50711,Company_212,contact_212@example.com,2024-04-12,
sub_50712,Company_29,contact_29@example.com,2024-07-26,
sub_50714,Company_130,contact_130@example.com,2023-01-04,
sub_50715,Company_37,contact_37@example.com,2023-02-16,
sub_50716,Company_32,contact_32@example.com,2024-07-08,2024-08-27
sub_50717,Company_35,contact_35@example.com,2024-04-28,
sub_50718,Company_92,contact_92@example.com,2023-05-19,2024-07-04
sub_50719,Company_373,contact_373@example.com,2024-03-06,2024-10-03
sub_50720,Company_195,contact_195@example.com,2024-04-04,
sub_50721,Company_193,contact_193@example.com,2024-01-20,2024-03-21
sub_50722,Company_338,contact_338@example.com,2024-07-06,2024-10-02
sub_50723,Company_178,contact_178@example.com,2023-05-02,2023-08-21
sub_50724,Company_201,contact_201@example.com,2024-06-25,2024-09-18
sub_50725,Company_114,contact_114@example.com,2023-01-04,
sub_50726,Company_152,contact_152@example.com,2024-04-19,
sub_50727,Company_368,contact_368@example.com,2024-07-11,
sub_50728,Company_272,contact_272@example.com,2024-01-24,
sub_50729,Company_117,contact_117@example.com,2023-09-11,
sub_50730,Company_141,contact_141@example.com,2023-07-13,2024-11-23
sub_50731,Company_391,contact_391@example.com,2023-04-26,2023-06-01
sub_50732,Company_214,contact_214@example.com,2023-01-17,
sub_50733,Company_51,contact_51@example.com,2024-08-31,
sub_50734,Company_344,contact_344@example.com,2023-02-19,2023-07-14
sub_50735,Company_205,contact_205@example.com,2024-03-25,
sub_50736,Company_386,contact_386@example.com,2023-02-27,
sub_50737,Company_148,contact_148@example.com,2023-08-28,2024-11-07
sub_50738,Company_294,contact_294@example.com,2023-11-23,
sub_50739,Company_344,contact_344@example.com,2023-11-25,
sub_50740,Company_73,contact_73@example.com,2024-06-17,
sub_50741,Company_140,contact_140@example.com,2023-03-04,2024-01-03
sub_50742,Company_376,contact_376@example.com,2023-06-29,2024-06-03
sub_50743,Company_284,contact_284@example.com,2024-05-22,2024-07-05
sub_50745,Company_268,contact_268@example.com,2023-11-23,
sub_50746,Company_76,contact_76@example.com,2023-11-04,
sub_50747,Company_275,contact_275@example.com,2024-04-29,2024-09-19
sub_50748,Company_153,contact_153@example.com,2023-05-28,
sub_50749,Company_29,contact_29@example.com,2024-07-29,
sub_50750,Company_213,contact_213@example.com,2024-07-24,
sub_50751,Company_68,contact_68@example.com,2024-02-02,
sub_50752,Company_169,contact_169@example.com,2023-03-22,
sub_50753,Company_189,contact_189@example.com,2023-04-05,2024-01-24
sub_50754,Company_97,contact_97@example.com,2023-02-22,
sub_50755,Company_309,contact_309@example.com,2023-02-10,
sub_50756,Company_11,alt_11@example.com,2024-08-24,
sub_50757,Company_343,contact_343@example.com,2024-07-26,
sub_50758,Company_170,contact_170@example.com,2023-11-07,
sub_50759,Company_7,contact_7@example.com,2023-08-05,
sub_50760,Company_379,contact_379@example.com,2023-05-01,2024-06-06
sub_50761,Company_245,contact_245@example.com,2023-09-06,2024-09-16
sub_50762,Company_104,contact_104@example.com,2024-02-11,
sub_50763,Company_122,contact_122@example.com,2024-07-19,
sub_50764,Company_397,contact_397@example.com,2023-10-17,
sub_50765,Company_332,contact_332@example.com,2024-01-03,
sub_50766,Company_262,contact_262@example.com,2024-05-24,
sub_50767,Company_50,contact_50@example.com,2024-04-25,
sub_50768,Company_29,alt_29@example.com,2023-11-24,
sub_50769,Company_104,contact_104@example.com,2024-01-15,
sub_50770,Company_288,contact_288@example.com,2023-08-15,
sub_50771,Company_133,contact_133@example.com,2024-07-20,
sub_50772,Company_299,contact_299@example.com,2024-08-16,
sub_50773,Company_213,contact_213@example.com,2023-10-30,
sub_50774,Company_117,contact_117@example.com,2024-01-24,2024-11-30
sub_50776,Company_350,contact_350@example.com,2023-12-12,2024-05-11
sub_50777,Company_250,contact_250@example.com,2024-05-17,
sub_50778,Company_86,contact_86@example.com,2023-12-27,
sub_50779,Company_279,contact_279@example.com,2024-05-15,2024-09-06
sub_50780,Company_277,contact_277@example.com,2023-03-02,
sub_50781,Company_33,alt_33@example.com,2023-03-18,2024-05-29
sub_50782,Company_391,contact_391@example.com,2023-01-07,
sub_50783,Company_322,contact_322@example.com,2023-08-25,2023-10-18
sub_50784,Company_4,contact_4@example.com,2023-08-12,
sub_50785,Company_30,contact_30@example.com,2024-05-09,
sub_50786,Company_249,contact_249@example.com,2023-01-17,
sub_50787,Company_210,contact_210@example.com,2023-01-13,
sub_50788,Company_140,contact_140@example.com,2024-07-02,
sub_50789,Company_16,alt_16@example.com,2024-03-16,
sub_50790,Company_91,contact_91@example.com,2023-04-20,
sub_50791,Company_76,contact_76@example.com,2023-09-04,2023-12-31
sub_50792,Company_129,contact_129@example.com,2023-12-29,2024-06-02
sub_50793,Company_40,contact_40@example.com,2024-01-18,
sub_50794,Company_124,contact_124@example.com,2023-08-20,2024-02-09
sub_50795,Company_34,alt_34@example.com,2023-03-24,2024-03-12
sub_50796,Company_332,contact_332@example.com,2023-02-02,
sub_50797,Company_193,contact_193@example.com,2024-07-19,
sub_50798,Company_28,contact_28@example.com,2023-01-10,
sub_50799,Company_255,contact_255@example.com,2024-03-20,
sub_50800,Company_1,alt_1@example.com,2023-12-06,2024-10-10
sub_50801,Company_48,contact_48@example.com,2024-06-24,
sub_50802,Company_21,contact_21@example.com,2023-08-24,2023-12-30
sub_50803,Company_354,contact_354@example.com,2024-08-03,
sub_50804,Company_138,contact_138@example.com,2023-02-17,
sub_50805,Company_143,contact_143@example.com,2024-07-10,
sub_50807,Company_161,contact_161@example.com,2023-01-17,
sub_50808,Company_385,contact_385@example.com,2024-02-12,
sub_50809,Company_39,contact_39@example.com,2023-11-03,
sub_50810,Company_290,contact_290@example.com,2024-02-03,
sub_50811,Company_276,contact_276@example.com,2023-12-06,2024-07-09
sub_50812,Company_71,contact_71@example.com,2023-03-22,2023-12-23
sub_50813,Company_177,contact_177@example.com,2023-02-24,
sub_50814,Company_29,alt_29@example.com,2023-03-19,2023-09-29
sub_50815,Company_314,contact_314@example.com,2024-09-01,
sub_50816,Company_396,contact_396@example.com,2023-12-01,2024-01-05
sub_50817,Company_1,alt_1@example.com,2024-04-06,
sub_50818,Company_116,contact_116@example.com,2023-12-31,2024-10-29
sub_50819,Company_221,contact_221@example.com,2023-07-10,
sub_50820,Company_194,contact_194@example.com,2023-03-29,2024-05-17
sub_50821,Company_8,alt_8@example.com,2023-09-10,
sub_50822,Company_137,contact_137@example.com,2023-06-07,2024-01-07
sub_50823,Company_324,contact_324@example.com,2023-06-07,
sub_50824,Company_184,contact_184@example.com,2023-04-20,
sub_50825,Company_157,contact_157@example.com,2024-03-31,2024-10-21
sub_50826,Company_52,contact_52@example.com,2023-05-16,
sub_50827,Company_229,contact_229@example.com,2024-07-24,
sub_50828,Company_262,contact_262@example.com,2024-02-22,
sub_50829,Company_181,contact_181@example.com,2024-07-21,
sub_50830,Company_1,alt_1@example.com,2023-11-29,
sub_50831,Company_197,contact_197@example.com,2023-01-13,
sub_50832,Company_398,contact_398@example.com,2023-03-28,2024-04-22
sub_50833,Company_124,contact_124@example.com,2024-08-08,
sub_50834,Company_86,contact_86@example.com,2024-01-25,
sub_50835,Company_154,contact_154@example.com,2023-10-02,
sub_50836,Company_85,contact_85@example.com,2024-03-21,
sub_50838,Company_126,contact_126@example.com,2024-05-22,
sub_50839,Company_315,contact_315@example.com,2023-07-20,
sub_50840,Company_155,contact_155@example.com,2023-01-07,
sub_50841,Company_317,contact_317@example.com,2024-01-25,
sub_50842,Company_168,contact_168@example.com,2024-03-26,
sub_50843,Company_21,alt_21@example.com,2024-08-31,
sub_50844,Company_308,contact_308@example.com,2023-07-25,
sub_50845,Company_203,contact_203@example.com,2023-11-23,2024-05-10
sub_50846,Company_324,contact_324@example.com,2024-05-17,
sub_50847,Company_0,alt_0@example.com,2023-09-06,
sub_50848,Company_18,alt_18@example.com,2024-02-07,
sub_50849,Company_288,contact_288@example.com,2023-07-24,2024-06-11
sub_50850,Company_92,contact_92@example.com,2024-07-17,2024-08-19
sub_50851,Company_236,contact_236@example.com,2023-08-03,2024-04-03
sub_50852,Company_25,alt_25@example.com,2023-03-12,2024-05-24
sub_50853,Company_7,alt_7@example.com,2024-02-23,
sub_50854,Company_255,contact_255@example.com,2023-05-23,
sub_50855,Company_129,contact_129@example.com,2023-06-07,
sub_50856,Company_193,contact_193@example.com,2023-03-17,2023-11-21
sub_50857,Company_245,contact_245@example.com,2024-08-19,
sub_50858,Company_273,contact_273@example.com,2024-06-02,
sub_50859,Company_354,contact_354@example.com,2024-03-04,
sub_50860,Company_184,contact_184@example.com,2024-07-03,
sub_50861,Company_326,contact_326@example.com,2023-03-29,2023-06-12
sub_50862,Company_336,contact_336@example.com,2023-12-30,2024-04-13
sub_50863,Company_22,contact_22@example.com,2024-07-30,
sub_50864,Company_346,contact_346@example.com,2024-02-14,
sub_50865,Company_169,contact_169@example.com,2024-03-16,
sub_50866,Company_132,contact_132@example.com,2023-08-16,2024-05-23
sub_50867,Company_285,contact_285@example.com,2024-08-17,
sub_50869,Company_237,contact_237@example.com,2024-08-25,
sub_50870,Company_256,contact_256@example.com,2023-06-04,2023-12-17
sub_50871,Company_247,contact_247@example.com,2023-04-18,
sub_50872,Company_43,contact_43@example.com,2023-04-29,2024-07-17
sub_50873,Company_72,contact_72@example.com,2023-12-23,
sub_50874,Company_1,alt_1@example.com,2023-07-31,
sub_50875,Company_243,contact_243@example.com,2023-04-10,2023-12-10
sub_50876,Company_231,contact_231@example.com,2023-11-23,
sub_50877,Company_14,alt_14@example.com,2023-04-28,2023-05-29
sub_50878,Company_331,contact_331@example.com,2023-04-22,2024-04-22
sub_50879,Company_379,contact_379@example.com,2023-09-07,
sub_50880,Company_81,contact_81@example.com,2023-12-05,
sub_50881,Company_236,contact_236@example.com,2023-08-26,
sub_50882,Company_94,contact_94@example.com,2023-07-10,2024-06-21
sub_50883,Company_202,contact_202@example.com,2023-01-30,2024-03-02
sub_50884,Company_101,contact_101@example.com,2024-04-05,
sub_50885,Company_219,contact_219@example.com,2024-02-03,2024-02-25
sub_50886,Company_105,contact_105@example.com,2023-10-13,2024-11-21
sub_50887,Company_7,alt_7@example.com,2023-03-06,
sub_50888,Company_274,contact_274@example.com,2023-07-11,
sub_50889,Company_234,contact_234@example.com,2023-04-27,2023-09-28
sub_50890,Company_250,contact_250@example.com,2024-06-24,
sub_50891,Company_160,contact_160@example.com,2024-09-03,
sub_50892,Company_312,contact_312@example.com,2024-02-06,
sub_50893,Company_180,contact_180@example.com,2024-04-13,
sub_50894,Company_88,contact_88@example.com,2023-11-01,
sub_50895,Company_314,contact_314@example.com,2024-08-27,2024-10-29
sub_50896,Company_160,contact_160@example.com,2023-05-01,
sub_50897,Company_93,contact_93@example.com,2024-01-18,
sub_50898,Company_72,contact_72@example.com,2024-06-07,
sub_50900,Company_216,contact_216@example.com,2023-07-10,2024-04-04
sub_50901,Company_355,contact_355@example.com,2023-06-27,
sub_50902,Company_147,contact_147@example.com,2023-05-24,
sub_50903,Company_230,contact_230@example.com,2023-02-24,
sub_50904,Company_4,contact_4@example.com,2024-05-11,
sub_50905,Company_196,contact_196@example.com,2024-07-29,
sub_50906,Company_334,contact_334@example.com,2024-05-21,
sub_50907,Company_350,contact_350@example.com,2024-05-18,
sub_50908,Company_363,contact_363@example.com,2024-03-30,
sub_50909,Company_289,contact_289@example.com,2023-02-01,2024-04-03
sub_50910,Company_149,contact_149@example.com,2023-02-03,
sub_50911,Company_147,contact_147@example.com,2023-06-22,
sub_50912,Company_380,contact_380@example.com,2024-05-22,
sub_50913,Company_261,contact_261@example.com,2023-04-26,
sub_50914,Company_396,contact_396@example.com,2024-07-10,
sub_50915,Company_187,contact_187@example.com,2024-07-09,
sub_50916,Company_387,contact_387@example.com,2023-02-12,2024-03-27
sub_50917,Company_279,contact_279@example.com,2023-08-12,
sub_50918,Company_24,alt_24@example.com,2023-09-11,2024-03-01
sub_50919,Company_16,contact_16@example.com,2024-04-05,
sub_50920,Company_18,alt_18@example.com,2023-03-31,2023-11-30
sub_50921,Company_60,contact_60@example.com,2023-08-31,2024-01-05
sub_50922,Company_301,contact_301@example.com,2023-12-26,
sub_50923,Company_363,contact_363@example.com,2024-03-14,2024-06-26
sub_50924,Company_1,alt_1@example.com,2023-07-31,
sub_50925,Company_30,contact_30@example.com,2024-08-06,
sub_50926,Company_272,contact_272@example.com,2023-10-15,
sub_50927,Company_165,contact_165@example.com,2023-10-27,
sub_50928,Company_39,alt_39@example.com,2024-06-10,
sub_50929,Company_347,contact_347@example.com,2023-04-08,2023-07-06
sub_50931,Company_30,contact_30@example.com,2023-10-11,
sub_50932,Company_335,contact_335@example.com,2023-05-10,2024-05-23
sub_50933,Company_127,contact_127@example.com,2023-05-30,
sub_50934,Company_126,contact_126@example.com,2024-02-07,
sub_50935,Company_323,contact_323@example.com,2023-10-03,
sub_50936,Company_231,contact_231@example.com,2023-03-19,2024-02-26
sub_50937,Company_393,contact_393@example.com,2023-04-06,
sub_50938,Company_142,contact_142@example.com,2024-01-13,2024-09-21
sub_50939,Company_167,contact_167@example.com,2024-08-18,2024-09-08
sub_50940,Company_33,alt_33@example.com,2023-04-06,2024-05-04
sub_50941,Company_325,contact_325@example.com,2024-01-02,
sub_50942,Company_32,contact_32@example.com,2024-07-01,
sub_50943,Company_111,contact_111@example.com,2024-03-15,
sub_50944,Company_108,contact_108@example.com,2024-05-21,
sub_50945,Company_145,contact_145@example.com,2023-12-12,
sub_50946,Company_289,contact_289@example.com,2024-05-11,
sub_50947,Company_175,contact_175@example.com,2023-02-19,
sub_50948,Company_1,alt_1@example.com,2024-04-15,
sub_50949,Company_39,alt_39@example.com,2023-06-11,
sub_50950,Company_219,contact_219@example.com,2023-07-27,2024-08-02
sub_50951,Company_332,contact_332@example.com,2023-11-06,2024-02-15
sub_50952,Company_140,contact_140@example.com,2023-04-06,
sub_50953,Company_42,contact_42@example.com,2024-01-16,
sub_50954,Company_332,contact_332@example.com,2023-06-19,
sub_50955,Company_156,contact_156@example.com,2023-08-28,2024-04-23
sub_50956,Company_360,contact_360@example.com,2023-04-08,
sub_50957,Company_39,contact_39@example.com,2023-05-16,
sub_50958,Company_348,contact_348@example.com,2024-03-31,
sub_50959,Company_175,contact_175@example.com,2023-05-04,
sub_50960,Company_67,contact_67@example.com,2024-05-04,
sub_50962,Company_153,contact_153@example.com,2023-05-21,2023-12-22
sub_50963,Company_385,contact_385@example.com,2023-05-17,2024-04-29
sub_50964,Company_73,contact_73@example.com,2023-03-12,
sub_50965,Company_312,contact_312@example.com,2023-06-18,
sub_50966,Company_109,contact_109@example.com,2023-06-05,
sub_50967,Company_351,contact_351@example.com,2024-03-29,
sub_50968,Company_111,contact_111@example.com,2023-03-30,
sub_50969,Company_385,contact_385@example.com,2023-05-07,2024-03-23
sub_50970,Company_179,contact_179@example.com,2024-03-15,2024-09-12
sub_50971,Company_126,contact_126@example.com,2023-10-11,
sub_50972,Company_283,contact_283@example.com,2023-10-19,2024-12-10
sub_50973,Company_13,contact_13@example.com,2023-11-05,
sub_50974,Company_260,contact_260@example.com,2023-07-13,
sub_50975,Company_330,contact_330@example.com,2023-02-25,2024-04-21
sub_50976,Company_122,contact_122@example.com,2024-05-21,
sub_50977,Company_255,contact_255@example.com,2024-08-31,
sub_50978,Company_6,contact_6@example.com,2024-01-05,
sub_50979,Company_162,contact_162@example.com,2023-05-16,2023-12-20
sub_50980,Company_291,contact_291@example.com,2024-03-06,
sub_50981,Company_88,contact_88@example.com,2024-04-27,
sub_50982,Company_37,contact_37@example.com,2023-01-18,
sub_50983,Company_134,contact_134@example.com,2023-08-09,2023-09-18
sub_50984,Company_4,alt_4@example.com,2024-02-12,
sub_50985,Company_364,contact_364@example.com,2024-05-28,
sub_50986,Company_212,contact_212@example.com,2024-03-09,
sub_50987,Company_205,contact_205@example.com,2023-03-26,
sub_50988,Company_315,contact_315@example.com,2023-06-06,
sub_50989,Company_40,contact_40@example.com,2024-06-07,
sub_50990,Company_104,contact_104@example.com,2023-06-09,
sub_50991,Company_300,contact_300@example.com,2023-03-09,2023-09-03
sub_50993,Company_222,contact_222@example.com,2023-04-29,2024-01-06
sub_50994,Company_28,contact_28@example.com,2023-11-13,2024-11-08
sub_50995,Company_379,contact_379@example.com,2023-06-29,
sub_50996,Company_70,contact_70@example.com,2023-01-12,
sub_50997,Company_177,contact_177@example.com,2024-06-19,
sub_50998,Company_0,alt_0@example.com,2023-09-23,
sub_50999,Company_383,contact_383@example.com,2023-10-03,2024-11-01
sub_51000,Company_394,contact_394@example.com,2023-01-31,2023-08-10
sub_51001,Company_139,contact_139@example.com,2024-06-20,
sub_51002,Company_295,contact_295@example.com,2023-03-20,
sub_51003,Company_184,contact_184@example.com,2023-02-26,2023-11-28
sub_51004,Company_85,contact_85@example.com,2024-01-12,
sub_51005,Company_52,contact_52@example.com,2024-08-10,
sub_51006,Company_370,contact_370@example.com,2023-04-29,2023-09-12
sub_51007,Company_1,contact_1@example.com,2023-02-15,2024-05-19
sub_51008,Company_125,contact_125@example.com,2023-02-17,
sub_51009,Company_76,contact_76@example.com,2023-07-03,2024-11-10
sub_51010,Company_18,contact_18@example.com,2024-07-20,
sub_51011,Company_365,contact_365@example.com,2024-03-05,
sub_51012,Company_213,contact_213@example.com,2023-11-24,2024-04-30
sub_51013,Company_292,contact_292@example.com,2024-01-17,
sub_51014,Company_26,contact_26@example.com,2023-07-03,2023-11-14
sub_51015,Company_23,contact_23@example.com,2024-02-15,2024-04-10
sub_51016,Company_144,contact_144@example.com,2023-11-15,
sub_51017,Company_233,contact_233@example.com,2023-01-09,
sub_51018,Company_288,contact_288@example.com,2023-11-08,2024-12-10
sub_51019,Company_237,contact_237@example.com,2024-01-13,2024-11-30
sub_51020,Company_395,contact_395@example.com,2023-07-20,2024-08-18
sub_51021,Company_389,contact_389@example.com,2023-09-09,
sub_51022,Company_209,contact_209@example.com,2023-01-25,
sub_51024,Company_336,contact_336@example.com,2024-01-21,
sub_51025,Company_377,contact_377@example.com,2023-11-11,
sub_51026,Company_121,contact_121@example.com,2024-03-05,2024-12-01
sub_51027,Company_72,contact_72@example.com,2023-10-14,
sub_51028,Company_118,contact_118@example.com,2024-06-16,
sub_51029,Company_358,contact_358@example.com,2024-01-17,2024-09-27
sub_51030,Company_43,contact_43@example.com,2024-08-17,
sub_51031,Company_326,contact_326@example.com,2024-02-08,
sub_51032,Company_31,contact_31@example.com,2024-03-21,
sub_51033,Company_66,contact_66@example.com,2023-08-31,
sub_51034,Company_161,contact_161@example.com,2024-02-07,
sub_51035,Company_25,alt_25@example.com,2023-12-01,
sub_51036,Company_119,contact_119@example.com,2023-03-18,
sub_51037,Company_394,contact_394@example.com,2024-08-21,
sub_51038,Company_84,contact_84@example.com,2024-04-05,
sub_51039,Company_61,contact_61@example.com,2024-07-02,
sub_51040,Company_394,contact_394@example.com,2023-08-01,
sub_51041,Company_135,contact_135@example.com,2023-05-03,
sub_51042,Company_351,contact_351@example.com,2023-11-08,
sub_51043,Company_360,contact_360@example.com,2023-02-11,2023-06-21
sub_51044,Company_167,contact_167@example.com,2023-06-01,2023-08-06
sub_51045,Company_182,contact_182@example.com,2024-02-10,
sub_51046,Company_153,contact_153@example.com,2023-09-24,2024-12-06
sub_51047,Company_15,contact_15@example.com,2024-02-19,
sub_51048,Company_231,contact_231@example.com,2024-07-23,
sub_51049,Company_281,contact_281@example.com,2023-09-13,
sub_51050,Company_11,alt_11@example.com,2023-05-24,
sub_51051,Company_25,alt_25@example.com,2023-08-16,
sub_51052,Company_205,contact_205@example.com,2024-01-17,
sub_51053,Company_322,contact_322@example.com,2023-03-28,
sub_51055,Company_101,contact_101@example.com,2024-03-30,
sub_51056,Company_65,contact_65@example.com,2023-04-05,2024-07-31
sub_51057,Company_14,alt_14@example.com,2023-12-06,
sub_51058,Company_236,contact_236@example.com,2023-02-21,2023-06-07
sub_51059,Company_221,contact_221@example.com,2024-02-09,
sub_51060,Company_349,contact_349@example.com,2024-03-12,
sub_51061,Company_95,contact_95@example.com,2023-10-09,
sub_51062,Company_76,contact_76@example.com,2023-02-05,2024-01-05
sub_51063,Company_125,contact_125@example.com,2023-10-30,
sub_51064,Company_281,contact_281@example.com,2024-05-05,
sub_51065,Company_196,contact_196@example.com,2023-05-21,
sub_51066,Company_8,alt_8@example.com,2024-06-22,2024-11-16
sub_51067,Company_10,alt_10@example.com,2024-07-10,
sub_51068,Company_9,contact_9@example.com,2024-01-27,
sub_51069,Company_365,contact_365@example.com,2024-01-03,
sub_51070,Company_248,contact_248@example.com,2023-12-19,
sub_51071,Company_289,contact_289@example.com,2024-05-29,
sub_51072,Company_92,contact_92@example.com,2023-01-27,
sub_51073,Company_15,contact_15@example.com,2023-10-15,2023-12-03
sub_51074,Company_241,contact_241@example.com,2024-06-26,
sub_51075,Company_392,contact_392@example.com,2024-08-21,
sub_51076,Company_81,contact_81@example.com,2023-04-13,2023-09-06
sub_51077,Company_136,contact_136@example.com,2024-06-30,
sub_51078,Company_5,alt_5@example.com,2023-02-27,2024-04-13
sub_51079,Company_112,contact_112@example.com,2024-08-12,
sub_51080,Company_8,alt_8@example.com,2024-02-02,2024-08-21
sub_51081,Company_32,alt_32@example.com,2023-06-27,
sub_51082,Company_162,contact_162@example.com,2024-01-03,
sub_51083,Company_302,contact_302@example.com,2023-01-29,2024-02-13
sub_51084,Company_290,contact_290@example.com,2024-07-31,
sub_51086,Company_158,contact_158@example.com,2023-06-29,
sub_51087,Company_28,contact_28@example.com,2023-08-27,
sub_51088,Company_269,contact_269@example.com,2024-05-04,
sub_51089,Company_314,contact_314@example.com,2023-07-26,
sub_51090,Company_367,contact_367@example.com,2023-07-01,2024-11-02
sub_51091,Company_165,contact_165@example.com,2023-03-02,
sub_51092,Company_360,contact_360@example.com,2023-05-26,
sub_51093,Company_269,contact_269@example.com,2024-01-09,
sub_51094,Company_339,contact_339@example.com,2024-02-10,
sub_51095,Company_154,contact_154@example.com,2023-11-27,2024-02-24
sub_51096,Company_374,contact_374@example.com,2024-03-23,
sub_51097,Company_327,contact_327@example.com,2024-05-13,
sub_51098,Company_162,contact_162@example.com,2023-06-28,2024-07-14
sub_51099,Company_355,contact_355@example.com,2024-01-01,2024-05-14
sub_51100,Company_17,alt_17@example.com,2023-06-29,
sub_51101,Company_352,contact_352@example.com,2023-10-29,
sub_51102,Company_0,contact_0@example.com,2024-08-09,
sub_51103,Company_35,alt_35@example.com,2024-08-04,
sub_51104,Company_162,contact_162@example.com,2023-08-15,
sub_51105,Company_254,contact_254@example.com,2023-05-25,2023-11-30
sub_51106,Company_121,contact_121@example.com,2023-12-22,
sub_51107,Company_45,contact_45@example.com,2023-12-10,
sub_51108,Company_107,contact_107@example.com,2023-09-13,
sub_51109,Company_131,contact_131@example.com,2023-04-21,
sub_51110,Company_197,contact_197@example.com,2024-03-24,
sub_51111,Company_214,contact_214@example.com,2023-06-20,
sub_51112,Company_193,contact_193@example.com,2023-12-26,
sub_51113,Company_24,alt_24@example.com,2024-05-05,
sub_51114,Company_295,contact_295@example.com,2023-08-19,
sub_51115,Company_9,alt_9@example.com,2023-02-04,
sub_51117,Company_192,contact_192@example.com,2023-06-14,
sub_51118,Company_47,contact_47@example.com,2023-12-13,2024-11-01
sub_51119,Company_247,contact_247@example.com,2023-02-01,2023-09-29
sub_51120,Company_84,contact_84@example.com,2024-03-20,
sub_51121,Company_169,contact_169@example.com,2023-07-30,
sub_51122,Company_283,contact_283@example.com,2024-07-07,2024-12-09
sub_51123,Company_152,contact_152@example.com,2023-09-01,
sub_51124,Company_292,contact_292@example.com,2024-07-16,
sub_51125,Company_251,contact_251@example.com,2023-06-07,
sub_51126,Company_218,contact_218@example.com,2023-03-31,2023-09-17
sub_51127,Company_320,contact_320@example.com,2024-05-06,
sub_51128,Company_105,contact_105@example.com,2023-06-24,
sub_51129,Company_41,contact_41@example.com,2024-04-29,
sub_51130,Company_59,contact_59@example.com,2023-11-12,
sub_51131,Company_203,contact_203@example.com,2024-04-27,
sub_51132,Company_338,contact_338@example.com,2023-09-29,2023-12-04
sub_51133,Company_198,contact_198@example.com,2023-07-09,2024-02-03
sub_51134,Company_189,contact_189@example.com,2023-07-11,
sub_51135,Company_225,contact_225@example.com,2024-04-21,
sub_51136,Company_137,contact_137@example.com,2024-07-31,
sub_51137,Company_356,contact_356@example.com,2023-04-10,2023-06-12
sub_51138,Company_13,alt_13@example.com,2024-07-08,
sub_51139,Company_387,contact_387@example.com,2024-08-26,
sub_51140,Company_283,contact_283@example.com,2023-03-04,
sub_51141,Company_267,contact_267@example.com,2024-03-04,2024-12-23
sub_51142,Company_243,contact_243@example.com,2024-08-09,
sub_51143,Company_120,contact_120@example.com,2024-05-02,
sub_51144,Company_37,alt_37@example.com,2023-02-05,
sub_51145,Company_264,contact_264@example.com,2024-08-08,
sub_51146,Company_317,contact_317@example.com,2023-05-31,2023-08-20
sub_51148,Company_13,alt_13@example.com,2023-07-17,
sub_51149,Company_40,contact_40@example.com,2024-03-21,2024-07-22
sub_51150,Company_321,contact_321@example.com,2023-06-01,
sub_51151,Company_163,contact_163@example.com,2023-03-10,
sub_51152,Company_203,contact_203@example.com,2024-07-19,
sub_51153,Company_38,alt_38@example.com,2023-10-10,
sub_51154,Company_6,contact_6@example.com,2024-08-24,
sub_51155,Company_0,alt_0@example.com,2024-03-05,
sub_51156,Company_75,contact_75@example.com,2024-08-03,
sub_51157,Company_298,contact_298@example.com,2023-04-13,
sub_51158,Company_399,contact_399@example.com,2023-04-14,
sub_51159,Company_274,contact_274@example.com,2023-12-19,
sub_51160,Company_210,contact_210@example.com,2023-09-28,2024-05-01
sub_51161,Company_292,contact_292@example.com,2024-04-29,
sub_51162,Company_206,contact_206@example.com,2023-05-28,2024-04-28
sub_51163,Company_355,contact_355@example.com,2024-02-16,
sub_51164,Company_169,contact_169@example.com,2023-09-01,2023-10-16
sub_51165,Company_137,contact_137@example.com,2024-01-17,
sub_51166,Company_6,alt_6@example.com,2023-11-07,
sub_51167,Company_251,contact_251@example.com,2023-04-11,
sub_51168,Company_153,contact_153@example.com,2024-03-29,
sub_51169,Company_22,alt_22@example.com,2023-11-25,2024-04-30
sub_51170,Company_309,contact_309@example.com,2023-04-02,
sub_51171,Company_21,alt_21@example.com,2024-02-21,
sub_51172,Company_248,contact_248@example.com,2024-06-12,
sub_51173,Company_191,contact_191@example.com,2023-02-27,2023-12-07
sub_51174,Company_33,contact_33@example.com,2023-11-15,
sub_51175,Company_69,contact_69@example.com,2024-06-20,
sub_51176,Company_291,contact_291@example.com,2023-01-30,
sub_51177,Company_26,alt_26@example.com,2023-07-25,
sub_51179,Company_360,contact_360@example.com,2023-07-23,
sub_51180,Company_237,contact_237@example.com,2024-06-01,
sub_51181,Company_325,contact_325@example.com,2023-05-07,
sub_51182,Company_190,contact_190@example.com,2024-05-15,
sub_51183,Company_228,contact_228@example.com,2023-07-01,
sub_51184,Company_282,contact_282@example.com,2023-12-25,
sub_51185,Company_132,contact_132@example.com,2023-04-03,
sub_51186,Company_25,contact_25@example.com,2023-06-16,
sub_51187,Company_109,contact_109@example.com,2023-08-15,
sub_51188,Company_105,contact_105@example.com,2023-10-03,
sub_51189,Company_10,contact_10@example.com,2023-01-10,2023-09-29
sub_51190,Company_331,contact_331@example.com,2023-06-27,2024-05-19
sub_51191,Company_114,contact_114@example.com,2023-09-16,2024-08-12
sub_51192,Company_156,contact_156@example.com,2023-10-09,2024-06-01
sub_51193,Company_36,alt_36@example.com,2023-12-24,
sub_51194,Company_238,contact_238@example.com,2023-11-06,
sub_51195,Company_319,contact_319@example.com,2024-02-11,
sub_51196,Company_261,contact_261@example.com,2024-01-19,2024-11-21
sub_51197,Company_311,contact_311@example.com,2023-10-17,2024-04-06
sub_51198,Company_246,contact_246@example.com,2023-03-07,2023-09-15
sub_51199,Company_327,contact_327@example.com,2023-11-29,
sub_51200,Company_141,contact_141@example.com,2023-09-25,2024-09-14
sub_51201,Company_333,contact_333@example.com,2023-11-02,
sub_51202,Company_391,contact_391@example.com,2023-09-04,
sub_51203,Company_38,alt_38@example.com,2024-02-18,
sub_51204,Company_163,contact_163@example.com,2023-05-24,
sub_51205,Company_254,contact_254@example.com,2023-10-30,2024-03-30
sub_51206,Company_207,contact_207@example.com,2024-02-02,
sub_51207,Company_18,contact_18@example.com,2024-08-20,
sub_51208,Company_292,contact_292@example.com,2023-07-14,2024-01-25
sub_51210,Company_1,alt_1@example.com,2024-05-02,
sub_51211,Company_343,contact_343@example.com,2024-01-03,
sub_51212,Company_87,contact_87@example.com,2024-07-25,
sub_51213,Company_241,contact_241@example.com,2023-05-12,
sub_51214,Company_13,alt_13@example.com,2024-07-26,
sub_51215,Company_93,contact_93@example.com,2023-12-10,
sub_51216,Company_181,contact_181@example.com,2023-08-17,2024-09-21
sub_51217,Company_215,contact_215@example.com,2023-12-06,
sub_51218,Company_150,contact_150@example.com,2024-04-19,
sub_51219,Company_60,contact_60@example.com,2024-04-26,2024-06-12
sub_51220,Company_298,contact_298@example.com,2024-08-17,
sub_51221,Company_36,contact_36@example.com,2024-04-28,
sub_51222,Company_99,contact_99@example.com,2024-05-27,2024-08-16
sub_51223,Company_195,contact_195@example.com,2024-06-26,
sub_51224,Company_37,alt_37@example.com,2023-06-04,2023-09-02
sub_51225,Company_175,contact_175@example.com,2024-02-24,2024-12-31
sub_51226,Company_234,contact_234@example.com,2023-05-27,2023-11-24
sub_51227,Company_92,contact_92@example.com,2023-03-24,
sub_51228,Company_90,contact_90@example.com,2023-11-17,
sub_51229,Company_231,contact_231@example.com,2023-10-08,2024-02-12
sub_51230,Company_86,contact_86@example.com,2024-08-13,
sub_51231,Company_81,contact_81@example.com,2024-05-16,
sub_51232,Company_390,contact_390@example.com,2023-04-01,2023-06-26
sub_51233,Company_324,contact_324@example.com,2024-03-15,
sub_51234,Company_244,contact_244@example.com,2024-01-28,
sub_51235,Company_102,contact_102@example.com,2024-01-18,2024-02-14
sub_51236,Company_387,contact_387@example.com,2024-06-27,
sub_51237,Company_2,contact_2@example.com,2023-09-12,2024-01-25
sub_51238,Company_176,contact_176@example.com,2023-11-16,
sub_51239,Company_257,contact_257@example.com,2024-08-25,
sub_51241,Company_148,contact_148@example.com,2024-04-11,
sub_51242,Company_266,contact_266@example.com,2024-09-02,
sub_51243,Company_172,contact_172@example.com,2024-03-20,
sub_51244,Company_351,contact_351@example.com,2023-05-18,2023-11-29
sub_51245,Company_250,contact_250@example.com,2024-01-03,
sub_51246,Company_96,contact_96@example.com,2023-06-18,2024-10-14
sub_51247,Company_206,contact_206@example.com,2023-01-20,
sub_51248,Company_67,contact_67@example.com,2023-08-05,
sub_51249,Company_258,contact_258@example.com,2023-06-23,
sub_51250,Company_333,contact_333@example.com,2023-02-08,2023-09-08
sub_51251,Company_130,contact_130@example.com,2024-07-01,
sub_51252,Company_24,contact_24@example.com,2024-08-31,2024-10-14
sub_51253,Company_334,contact_334@example.com,2023-01-21,2023-03-06
sub_51254,Company_213,contact_213@example.com,2024-03-30,
sub_51255,Company_129,contact_129@example.com,2024-04-30,
sub_51256,Company_78,contact_78@example.com,2023-07-30,2024-08-08
sub_51257,Company_4,contact_4@example.com,2023-11-05,2024-06-27
sub_51258,Company_339,contact_339@example.com,2024-06-16,2024-11-21
sub_51259,Company_358,contact_358@example.com,2023-05-21,2024-01-10
sub_51260,Company_53,contact_53@example.com,2024-06-07,
sub_51261,Company_316,contact_316@example.com,2023-05-01,
sub_51262,Company_54,contact_54@example.com,2024-05-24,2024-09-22
sub_51263,Company_398,contact_398@example.com,2023-09-27,
sub_51264,Company_103,contact_103@example.com,2024-01-02,
sub_51265,Company_209,contact_209@example.com,2023-10-30,
sub_51266,Company_254,contact_254@example.com,2023-08-01,2024-08-07
sub_51267,Company_169,contact_169@example.com,2023-08-29,
sub_51268,Company_45,contact_45@example.com,2023-04-24,
sub_51269,Company_252,contact_252@example.com,2023-06-02,2023-08-07
sub_51270,Company_38,contact_38@example.com,2023-04-14,
sub_51272,Company_25,contact_25@example.com,2023-04-13,
sub_51273,Company_20,contact_20@example.com,2023-10-25,2024-05-16
sub_51274,Company_160,contact_160@example.com,2024-03-12,
sub_51275,Company_59,contact_59@example.com,2023-04-08,2024-07-06
sub_51276,Company_23,contact_23@example.com,2023-01-10,
sub_51277,Company_331,contact_331@example.com,2023-06-24,
sub_51278,Company_224,contact_224@example.com,2023-10-02,
sub_51279,Company_375,contact_375@example.com,2023-04-06,2023-11-02
sub_51280,Company_93,contact_93@example.com,2023-04-27,
sub_51281,Company_233,contact_233@example.com,2023-10-06,
sub_51282,Company_35,alt_35@example.com,2024-05-04,
sub_51283,Company_215,contact_215@example.com,2023-06-20,
sub_51284,Company_371,contact_371@example.com,2023-03-02,
sub_51285,Company_213,contact_213@example.com,2024-08-27,
sub_51286,Company_10,alt_10@example.com,2024-08-05,
sub_51287,Company_224,contact_224@example.com,2023-07-05,
sub_51288,Company_183,contact_183@example.com,2023-01-30,2024-05-05
sub_51289,Company_29,alt_29@example.com,2023-05-14,2024-02-05
sub_51290,Company_57,contact_57@example.com,2024-02-26,
sub_51291,Company_133,contact_133@example.com,2023-11-18,2023-12-14
sub_51292,Company_347,contact_347@example.com,2024-06-21,
sub_51293,Company_380,contact_380@example.com,2024-08-13,
sub_51294,Company_289,contact_289@example.com,2023-08-18,2024-08-14
sub_51295,Company_265,contact_265@example.com,2024-06-19,
sub_51296,Company_358,contact_358@example.com,2023-04-08,2023-12-05
sub_51297,Company_127,contact_127@example.com,2024-05-08,2024-11-21
sub_51298,Company_328,contact_328@example.com,2024-01-30,2024-05-05
sub_51299,Company_285,contact_285@example.com,2023-02-25,2023-03-22
sub_51300,Company_80,contact_80@example.com,2024-06-01,
sub_51301,Company_240,contact_240@example.com,2024-05-22,
sub_51303,Company_123,contact_123@example.com,2023-12-05,
sub_51304,Company_114,contact_114@example.com,2024-07-17,
sub_51305,Company_193,contact_193@example.com,2024-02-17,
sub_51306,Company_120,contact_120@example.com,2023-03-22,
sub_51307,Company_293,contact_293@example.com,2024-04-03,2024-06-07
sub_51308,Company_228,contact_228@example.com,2023-11-20,2024-02-08
sub_51309,Company_381,contact_381@example.com,2023-01-19,
sub_51310,Company_18,contact_18@example.com,2024-07-24,
sub_51311,Company_0,contact_0@example.com,2023-04-04,2024-06-02
sub_51312,Company_316,contact_316@example.com,2023-11-08,
sub_51313,Company_260,contact_260@example.com,2024-07-29,2024-12-01
sub_51314,Company_233,contact_233@example.com,2023-12-16,2024-07-09
sub_51315,Company_18,alt_18@example.com,2023-08-17,
sub_51316,Company_286,contact_286@example.com,2024-04-29,
sub_51317,Company_336,contact_336@example.com,2024-01-08,
sub_51318,Company_231,contact_231@example.com,2023-04-27,2023-07-05
sub_51319,Company_113,contact_113@example.com,2023-01-03,
sub_51320,Company_324,contact_324@example.com,2023-10-26,
sub_51321,Company_359,contact_359@example.com,2023-04-19,2023-06-01
sub_51322,Company_252,contact_252@example.com,2023-05-24,2024-08-06
sub_51323,Company_369,contact_369@example.com,2024-02-24,
sub_51324,Company_100,contact_100@example.com,2023-07-12,2023-10-01
sub_51325,Company_201,contact_201@example.com,2023-08-09,2024-04-19
sub_51326,Company_97,contact_97@example.com,2023-12-13,2024-02-26
sub_51327,Company_23,contact_23@example.com,2024-08-25,2024-11-16
sub_51328,Company_230,contact_230@example.com,2024-04-13,
sub_51329,Company_301,contact_301@example.com,2024-05-31,2024-08-27
sub_51330,Company_2,contact_2@example.com,2024-06-27,
sub_51331,Company_24,contact_24@example.com,2024-07-20,
sub_51332,Company_221,contact_221@example.com,2024-08-22,
sub_51334,Company_374,contact_374@example.com,2023-05-12,
sub_51335,Company_307,contact_307@example.com,2023-11-26,2024-08-30
sub_51336,Company_214,contact_214@example.com,2023-09-12,
sub_51337,Company_175,contact_175@example.com,2023-10-29,2024-07-06
sub_51338,Company_70,contact_70@example.com,2024-02-27,
sub_51339,Company_358,contact_358@example.com,2024-06-08,2024-11-28
sub_51340,Company_280,contact_280@example.com,2023-11-18,2024-12-06
sub_51341,Company_283,contact_283@example.com,2023-08-11,
sub_51342,Company_365,contact_365@example.com,2023-10-25,
sub_51343,Company_344,contact_344@example.com,2023-05-16,2024-06-02
sub_51344,Company_91,contact_91@example.com,2024-05-30,
sub_51345,Company_355,contact_355@example.com,2023-11-27,
sub_51346,Company_180,contact_180@example.com,2024-07-29,
sub_51347,Company_298,contact_298@example.com,2024-08-07,
sub_51348,Company_363,contact_363@example.com,2024-03-03,
sub_51349,Company_382,contact_382@example.com,2024-06-30,2024-12-13
sub_51350,Company_216,contact_216@example.com,2023-01-14,
sub_51351,Company_195,contact_195@example.com,2023-05-29,2023-07-15
sub_51352,Company_102,contact_102@example.com,2023-10-01,2024-11-08
sub_51353,Company_146,contact_146@example.com,2023-09-14,2023-12-17
sub_51354,Company_353,contact_353@example.com,2023-10-30,2024-03-02
sub_51355,Company_16,contact_16@example.com,2024-01-03,
sub_51356,Company_231,contact_231@example.com,2023-04-15,2024-03-15
sub_51357,Company_378,contact_378@example.com,2024-07-29,
sub_51358,Company_114,contact_114@example.com,2024-07-28,
sub_51359,Company_121,contact_121@example.com,2024-06-07,
sub_51360,Company_7,alt_7@example.com,2023-10-22,2024-10-30
sub_51361,Company_195,contact_195@example.com,2024-02-01,2024-09-21
sub_51362,Company_350,contact_350@example.com,2023-11-17,
sub_51363,Company_380,contact_380@example.com,2023-09-15,2024-01-16
sub_51365,Company_115,contact_115@example.com,2024-01-12,
sub_51366,Company_301,contact_301@example.com,2024-07-13,
sub_51367,Company_308,contact_308@example.com,2023-07-21,2024-09-10
sub_51368,Company_99,contact_99@example.com,2023-10-29,
sub_51369,Company_349,contact_349@example.com,2023-03-18,2023-07-11
sub_51370,Company_376,contact_376@example.com,2024-06-10,
sub_51371,Company_219,contact_219@example.com,2023-10-13,
sub_51372,Company_82,contact_82@example.com,2024-08-21,
sub_51373,Company_130,contact_130@example.com,2023-01-06,
sub_51374,Company_79,contact_79@example.com,2023-02-10,2023-05-19
sub_51375,Company_305,contact_305@example.com,2023-02-22,2024-04-13
sub_51376,Company_315,contact_315@example.com,2023-11-05,2024-08-02
sub_51377,Company_281,contact_281@example.com,2024-01-02,2024-02-28
sub_51378,Company_162,contact_162@example.com,2024-06-22,2024-11-01
sub_51379,Company_266,contact_266@example.com,2023-03-11,
sub_51380,Company_212,contact_212@example.com,2024-07-10,
sub_51381,Company_206,contact_206@example.com,2023-04-05,
sub_51382,Company_109,contact_109@example.com,2023-12-06,
sub_51383,Company_111,contact_111@example.com,2024-06-27,
sub_51384,Company_287,contact_287@example.com,2023-01-10,2023-03-29
sub_51385,Company_228,contact_228@example.com,2023-09-04,2024-12-30
sub_51386,Company_318,contact_318@example.com,2023-09-07,2023-10-17
sub_51387,Company_164,contact_164@example.com,2024-01-26,
sub_51388,Company_7,alt_7@example.com,2023-04-27,
sub_51389,Company_370,contact_370@example.com,2023-10-17,2023-11-18
sub_51390,Company_20,alt_20@example.com,2024-01-19,2024-10-28
sub_51391,Company_228,contact_228@example.com,2024-05-13,
sub_51392,Company_333,contact_333@example.com,2023-07-17,
sub_51393,Company_49,contact_49@example.com,2023-06-21,
sub_51394,Company_3,contact_3@example.com,2023-03-09,2023-07-14
sub_51396,Company_27,alt_27@example.com,2023-04-17,
sub_51397,Company_359,contact_359@example.com,2024-03-21,
sub_51398,Company_18,alt_18@example.com,2023-03-15,2024-04-20
sub_51399,Company_12,contact_12@example.com,2024-04-15,
sub_51400,Company_169,contact_169@example.com,2023-02-08,
sub_51401,Company_91,contact_91@example.com,2023-09-15,
sub_51402,Company_20,alt_20@example.com,2023-08-22,
sub_51403,Company_198,contact_198@example.com,2024-04-06,
sub_51404,Company_207,contact_207@example.com,2024-03-19,
sub_51405,Company_344,contact_344@example.com,2023-05-02,
sub_51406,Company_368,contact_368@example.com,2023-03-06,2024-04-16
sub_51407,Company_23,contact_23@example.com,2023-03-16,2023-10-05
sub_51408,Company_54,contact_54@example.com,2023-10-24,2024-12-19
sub_51409,Company_310,contact_310@example.com,2023-03-30,2023-09-10
sub_51410,Company_224,contact_224@example.com,2024-01-26,2024-09-04
sub_51411,Company_15,contact_15@example.com,2024-04-30,
sub_51412,Company_69,contact_69@example.com,2024-02-05,
sub_51413,Company_8,alt_8@example.com,2024-07-12,2024-12-30
sub_51414,Company_73,contact_73@example.com,2023-11-02,2024-11-02
sub_51415,Company_7,alt_7@example.com,2024-01-18,
sub_51416,Company_284,contact_284@example.com,2023-05-25,
sub_51417,Company_293,contact_293@example.com,2024-09-02,
sub_51418,Company_275,contact_275@example.com,2024-07-14,
sub_51419,Company_383,contact_383@example.com,2023-12-19,
sub_51420,Company_330,contact_330@example.com,2024-06-08,
sub_51421,Company_113,contact_113@example.com,2023-09-16,
sub_51422,Company_343,contact_343@example.com,2024-08-03,
sub_51423,Company_27,contact_27@example.com,2024-07-16,
sub_51424,Company_330,contact_330@example.com,2024-07-16,
sub_51425,Company_34,contact_34@example.com,2023-09-14,
sub_51427,Company_343,contact_343@example.com,2023-08-29,
sub_51428,Company_35,contact_35@example.com,2023-07-18,
sub_51429,Company_168,contact_168@example.com,2023-11-10,
sub_51430,Company_289,contact_289@example.com,2024-08-03,
sub_51431,Company_13,alt_13@example.com,2023-11-20,
sub_51432,Company_160,contact_160@example.com,2023-09-10,
sub_51433,Company_378,contact_378@example.com,2024-03-22,2024-08-30
sub_51434,Company_68,contact_68@example.com,2023-12-06,
sub_51435,Company_245,contact_245@example.com,2024-04-18,
sub_51436,Company_156,contact_156@example.com,2024-05-13,
sub_51437,Company_55,contact_55@example.com,2023-06-29,2024-06-13
sub_51438,Company_30,alt_30@example.com,2023-10-15,
sub_51439,Company_23,alt_23@example.com,2023-05-24,
sub_51440,Company_134,contact_134@example.com,2023-03-20,
sub_51441,Company_9,contact_9@example.com,2024-06-03,
sub_51442,Company_15,contact_15@example.com,2024-08-18,
sub_51443,Company_207,contact_207@example.com,2024-08-27,
sub_51444,Company_18,contact_18@example.com,2024-07-18,
sub_51445,Company_276,contact_276@example.com,2024-04-28,
sub_51446,Company_396,contact_396@example.com,2023-06-02,
sub_51447,Company_395,contact_395@example.com,2024-08-26,
sub_51448,Company_38,alt_38@example.com,2023-10-25,
sub_51449,Company_261,contact_261@example.com,2023-04-03,
sub_51450,Company_5,contact_5@example.com,2023-09-02,2024-11-29
sub_51451,Company_314,contact_314@example.com,2023-06-19,
sub_51452,Company_228,contact_228@example.com,2023-06-13,
sub_51453,Company_289,contact_289@example.com,2023-05-30,2024-06-29
sub_51454,Company_183,contact_183@example.com,2023-02-11,2023-06-23
sub_51455,Company_118,contact_118@example.com,2023-03-06,
sub_51456,Company_21,contact_21@example.com,2023-07-31,2024-05-11
sub_51458,Company_23,contact_23@example.com,2023-02-10,
sub_51459,Company_360,contact_360@example.com,2024-06-17,
sub_51460,Company_24,alt_24@example.com,2023-10-08,2024-12-28
sub_51461,Company_296,contact_296@example.com,2024-07-11,
sub_51462,Company_89,contact_89@example.com,2024-01-21,
sub_51463,Company_193,contact_193@example.com,2024-01-10,2024-11-25
sub_51464,Company_27,alt_27@example.com,2023-03-21,
sub_51465,Company_114,contact_114@example.com,2024-06-12,
sub_51466,Company_180,contact_180@example.com,2023-12-20,2024-09-14
sub_51467,Company_309,contact_309@example.com,2023-01-07,2023-10-10
sub_51468,Company_225,contact_225@example.com,2023-06-19,
sub_51469,Company_329,contact_329@example.com,2023-10-15,
sub_51470,Company_80,contact_80@example.com,2024-01-06,2024-11-29
sub_51471,Company_60,contact_60@example.com,2023-08-24,2024-04-12
sub_51472,Company_368,contact_368@example.com,2023-04-27,2024-01-18
sub_51473,Company_245,contact_245@example.com,2023-08-04,
sub_51474,Company_26,alt_26@example.com,2024-02-25,
sub_51475,Company_65,contact_65@example.com,2024-08-10,
sub_51476,Company_82,contact_82@example.com,2023-05-18,
sub_51477,Company_293,contact_293@example.com,2023-05-31,
sub_51478,Company_92,contact_92@example.com,2024-06-13,
sub_51479,Company_306,contact_306@example.com,2024-07-31,
sub_51480,Company_9,contact_9@example.com,2023-10-18,
sub_51481,Company_310,contact_310@example.com,2024-04-27,
sub_51482,Company_246,contact_246@example.com,2023-06-24,2023-11-03
sub_51483,Company_307,contact_307@example.com,2023-05-27,
sub_51484,Company_392,contact_392@example.com,2023-07-06,2024-06-09
sub_51485,Company_135,contact_135@example.com,2023-06-21,2024-07-15
sub_51486,Company_232,contact_232@example.com,2024-09-02,
sub_51487,Company_35,contact_35@example.com,2023-08-24,
sub_51489,Company_258,contact_258@example.com,2024-03-05,
sub_51490,Company_76,contact_76@example.com,2023-04-09,
sub_51491,Company_314,contact_314@example.com,2023-02-09,2024-05-23
sub_51492,Company_257,contact_257@example.com,2023-05-01,
sub_51493,Company_66,contact_66@example.com,2024-07-06,
sub_51494,Company_0,contact_0@example.com,2024-03-17,
sub_51495,Company_22,contact_22@example.com,2024-06-26,
sub_51496,Company_117,contact_117@example.com,2024-05-08,
sub_51497,Company_393,contact_393@example.com,2024-01-26,
sub_51498,Company_379,contact_379@example.com,2024-08-12,
sub_51499,Company_130,contact_130@example.com,2024-05-03,
sub_51500,Company_119,contact_119@example.com,2023-03-27,
sub_51501,Company_278,contact_278@example.com,2024-02-23,
sub_51502,Company_363,contact_363@example.com,2023-01-08,
sub_51503,Company_266,contact_266@example.com,2023-01-08,2023-08-08
sub_51504,Company_352,contact_352@example.com,2023-11-20,
sub_51505,Company_79,contact_79@example.com,2024-03-12,
sub_51506,Company_299,contact_299@example.com,2023-09-17,2024-02-17
sub_51507,Company_216,contact_216@example.com,2024-08-01,
sub_51508,Company_313,contact_313@example.com,2023-10-10,
sub_51509,Company_104,contact_104@example.com,2024-02-28,2024-12-26
sub_51510,Company_247,contact_247@example.com,2023-07-03,
sub_51511,Company_247,contact_247@example.com,2023-09-17,
sub_51512,Company_396,contact_396@example.com,2024-02-12,
sub_51513,Company_70,contact_70@example.com,2023-05-02,
sub_51514,Company_0,alt_0@example.com,2023-06-15,
sub_51515,Company_205,contact_205@example.com,2023-12-13,
sub_51516,Company_281,contact_281@example.com,2023-02-23,
sub_51517,Company_325,contact_325@example.com,2023-01-06,
sub_51518,Company_74,contact_74@example.com,2024-04-27,
sub_51520,Company_113,contact_113@example.com,2024-01-15,2024-03-15
sub_51521,Company_370,contact_370@example.com,2024-01-29,
sub_51522,Company_205,contact_205@example.com,2024-06-17,2024-11-30
sub_51523,Company_305,contact_305@example.com,2023-02-28,2024-04-19
sub_51524,Company_327,contact_327@example.com,2024-05-21,
sub_51525,Company_5,contact_5@example.com,2023-07-26,2024-10-23
sub_51526,Company_11,alt_11@example.com,2024-06-14,
sub_51527,Company_1,alt_1@example.com,2024-06-06,
sub_51528,Company_357,contact_357@example.com,2023-08-26,
sub_51529,Company_18,contact_18@example.com,2024-01-04,2024-05-25
sub_51530,Company_80,contact_80@example.com,2023-03-30,2023-09-07
sub_51531,Company_180,contact_180@example.com,2024-02-09,
sub_51532,Company_265,contact_265@example.com,2023-01-16,2024-02-17
sub_51533,Company_46,contact_46@example.com,2024-07-16,2024-12-28
sub_51534,Company_286,contact_286@example.com,2024-08-19,
sub_51535,Company_177,contact_177@example.com,2023-10-11,2024-02-23
sub_51536,Company_99,contact_99@example.com,2024-04-10,
sub_51537,Company_206,contact_206@example.com,2024-08-11,
sub_51538,Company_208,contact_208@example.com,2024-06-02,
sub_51539,Company_257,contact_257@example.com,2023-10-29,2024-05-10
sub_51540,Company_11,alt_11@example.com,2024-06-09,2024-11-07
sub_51541,Company_16,alt_16@example.com,2024-08-11,
sub_51542,Company_355,contact_355@example.com,2024-03-29,
sub_51543,Company_394,contact_394@example.com,2023-09-07,
sub_51544,Company_397,contact_397@example.com,2024-04-14,
sub_51545,Company_235,contact_235@example.com,2024-08-23,
sub_51546,Company_14,contact_14@example.com,2024-05-08,
sub_51547,Company_195,contact_195@example.com,2023-08-14,2024-08-14
sub_51548,Company_9,alt_9@example.com,2023-11-20,2024-07-08
sub_51549,Company_264,contact_264@example.com,2024-07-02,2024-07-26
sub_51551,Company_344,contact_344@example.com,2023-12-17,
sub_51552,Company_91,contact_91@example.com,2024-05-02,
sub_51553,Company_293,contact_293@example.com,2023-10-03,2024-01-24
sub_51554,Company_349,contact_349@example.com,2023-07-14,2024-04-14
sub_51555,Company_120,contact_120@example.com,2023-09-05,
sub_51556,Company_117,contact_117@example.com,2023-07-27,
sub_51557,Company_316,contact_316@example.com,2023-12-31,2024-04-08
sub_51558,Company_61,contact_61@example.com,2023-03-22,2024-03-22
sub_51559,Company_252,contact_252@example.com,2023-01-07,2024-02-22
sub_51560,Company_21,contact_21@example.com,2024-05-08,2024-12-04
sub_51561,Company_252,contact_252@example.com,2024-08-11,
sub_51562,Company_140,contact_140@example.com,2024-05-17,2024-09-07
sub_51563,Company_261,contact_261@example.com,2023-10-14,
sub_51564,Company_295,contact_295@example.com,2023-05-12,
sub_51565,Company_216,contact_216@example.com,2024-05-04,
sub_51566,Company_16,contact_16@example.com,2024-05-29,
sub_51567,Company_351,contact_351@example.com,2023-06-28,2024-03-08
sub_51568,Company_357,contact_357@example.com,2024-06-14,
sub_51569,Company_161,contact_161@example.com,2023-01-09,2023-02-04
sub_51570,Company_194,contact_194@example.com,2024-08-17,
sub_51571,Company_313,contact_313@example.com,2023-09-23,
sub_51572,Company_121,contact_121@example.com,2023-10-03,2024-06-20
sub_51573,Company_175,contact_175@example.com,2024-01-10,
sub_51574,Company_107,contact_107@example.com,2024-03-05,
sub_51575,Company_385,contact_385@example.com,2024-01-17,2024-08-10
sub_51576,Company_143,contact_143@example.com,2024-04-06,
sub_51577,Company_294,contact_294@example.com,2023-08-23,
sub_51578,Company_138,contact_138@example.com,2023-08-30,
sub_51579,Company_195,contact_195@example.com,2023-07-20,2023-10-22
sub_51580,Company_378,contact_378@example.com,2023-06-03,2024-02-20
sub_51582,Company_34,alt_34@example.com,2024-06-13,
sub_51583,Company_368,contact_368@example.com,2023-11-20,
sub_51584,Company_249,contact_249@example.com,2023-11-04,
sub_51585,Company_290,contact_290@example.com,2023-02-18,
sub_51586,Company_83,contact_83@example.com,2023-03-03,2023-07-11
sub_51587,Company_243,contact_243@example.com,2023-04-09,2023-12-15
sub_51588,Company_133,contact_133@example.com,2024-01-05,
sub_51589,Company_14,alt_14@example.com,2023-09-21,
sub_51590,Company_62,contact_62@example.com,2023-12-26,
sub_51591,Company_347,contact_347@example.com,2023-07-23,
sub_51592,Company_332,contact_332@example.com,2024-07-05,2024-10-22
sub_51593,Company_145,contact_145@example.com,2023-12-30,2024-07-03
sub_51594,Company_249,contact_249@example.com,2024-04-02,
sub_51595,Company_40,contact_40@example.com,2024-01-26,
sub_51596,Company_323,contact_323@example.com,2023-05-29,
sub_51597,Company_13,alt_13@example.com,2023-12-12,2024-08-03
sub_51598,Company_292,contact_292@example.com,2024-02-19,
sub_51599,Company_36,contact_36@example.com,2023-03-23,
sub_51600,Company_160,contact_160@example.com,2023-11-21,
sub_51601,Company_136,contact_136@example.com,2024-02-09,2024-07-16
sub_51602,Company_399,contact_399@example.com,2024-01-07,
sub_51603,Company_300,contact_300@example.com,2024-06-17,
sub_51604,Company_211,contact_211@example.com,2023-06-21,2023-10-13
sub_51605,Company_64,contact_64@example.com,2023-08-29,
sub_51606,Company_380,contact_380@example.com,2023-03-23,
sub_51607,Company_52,contact_52@example.com,2023-04-08,2023-05-30
sub_51608,Company_242,contact_242@example.com,2024-07-15,
sub_51609,Company_203,contact_203@example.com,2024-06-20,
sub_51610,Company_42,contact_42@example.com,2023-04-17,2023-09-18
sub_51611,Company_43,contact_43@example.com,2024-02-04,
sub_51613,Company_67,contact_67@example.com,2024-06-23,
sub_51614,Company_87,contact_87@example.com,2023-01-30,2023-03-08
sub_51615,Company_166,contact_166@example.com,2024-05-02,
sub_51616,Company_276,contact_276@example.com,2023-10-06,
sub_51617,Company_357,contact_357@example.com,2024-07-06,
sub_51618,Company_233,contact_233@example.com,2024-07-31,
sub_51619,Company_268,contact_268@example.com,2024-06-30,2024-12-25
sub_51620,Company_246,contact_246@example.com,2024-07-06,2024-11-19
sub_51621,Company_226,contact_226@example.com,2023-11-12,
sub_51622,Company_79,contact_79@example.com,2023-11-07,
sub_51623,Company_17,alt_17@example.com,2023-05-20,
sub_51624,Company_273,contact_273@example.com,2023-01-09,2024-01-16
sub_51625,Company_386,contact_386@example.com,2024-05-03,
sub_51626,Company_220,contact_220@example.com,2023-10-27,
sub_51627,Company_3,contact_3@example.com,2024-07-15,
sub_51628,Company_96,contact_96@example.com,2024-02-26,
sub_51629,Company_287,contact_287@example.com,2024-03-23,
sub_51630,Company_366,contact_366@example.com,2024-02-04,
sub_51631,Company_193,contact_193@example.com,2023-08-14,
sub_51632,Company_320,contact_320@example.com,2023-09-03,2024-06-13
sub_51633,Company_313,contact_313@example.com,2023-10-06,2024-03-19
sub_51634,Company_272,contact_272@example.com,2023-10-03,
sub_51635,Company_35,contact_35@example.com,2023-07-06,
sub_51636,Company_326,contact_326@example.com,2024-04-11,
sub_51637,Company_231,contact_231@example.com,2023-10-06,2024-10-18
sub_51638,Company_96,contact_96@example.com,2023-11-25,
sub_51639,Company_273,contact_273@example.com,2023-01-23,2023-05-18
sub_51640,Company_144,contact_144@example.com,2023-10-03,2023-12-26
sub_51641,Company_372,contact_372@example.com,2023-01-09,
sub_51642,Company_7,contact_7@example.com,2024-05-20,
sub_51644,Company_5,alt_5@example.com,2023-02-02,
sub_51645,Company_384,contact_384@example.com,2023-05-30,
sub_51646,Company_200,contact_200@example.com,2023-03-15,
sub_51647,Company_98,contact_98@example.com,2023-09-14,
sub_51648,Company_6,contact_6@example.com,2023-05-05,2024-06-21
sub_51649,Company_197,contact_197@example.com,2024-03-29,2024-08-22
sub_51650,Company_17,contact_17@example.com,2023-07-23,2024-04-03
sub_51651,Company_48,contact_48@example.com,2024-06-17,
sub_51652,Company_106,contact_106@example.com,2024-04-29,2024-12-04
sub_51653,Company_159,contact_159@example.com,2023-11-27,2024-03-07
sub_51654,Company_21,contact_21@example.com,2024-07-16,
sub_51655,Company_62,contact_62@example.com,2023-09-17,2024-06-09
sub_51656,Company_101,contact_101@example.com,2024-01-05,
sub_51657,Company_26,contact_26@example.com,2023-08-12,
sub_51658,Company_222,contact_222@example.com,2023-11-29,
sub_51659,Company_141,contact_141@example.com,2024-08-21,
sub_51660,Company_124,contact_124@example.com,2023-01-10,
sub_51661,Company_353,contact_353@example.com,2024-05-01,
sub_51662,Company_305,contact_305@example.com,2023-06-08,2024-01-04
sub_51663,Company_127,contact_127@example.com,2023-06-11,
sub_51664,Company_316,contact_316@example.com,2023-12-13,
sub_51665,Company_388,contact_388@example.com,2023-03-03,
sub_51666,Company_78,contact_78@example.com,2024-07-03,
sub_51667,Company_54,contact_54@example.com,2023-05-09,
sub_51668,Company_285,contact_285@example.com,2023-12-22,
sub_51669,Company_224,contact_224@example.com,2023-07-17,2023-08-16
sub_51670,Company_183,contact_183@example.com,2023-05-18,2023-10-13
sub_51671,Company_248,contact_248@example.com,2024-03-24,
sub_51672,Company_150,contact_150@example.com,2024-07-09,
sub_51673,Company_250,contact_250@example.com,2023-07-14,
sub_51675,Company_25,alt_25@example.com,2024-07-21,
sub_51676,Company_79,contact_79@example.com,2024-04-05,2024-09-23
sub_51677,Company_277,contact_277@example.com,2024-01-11,
sub_51678,Company_326,contact_326@example.com,2024-06-02,
sub_51679,Company_375,contact_375@example.com,2023-07-09,
sub_51680,Company_38,alt_38@example.com,2024-01-08,
sub_51681,Company_317,contact_317@example.com,2023-09-02,2024-03-04
sub_51682,Company_337,contact_337@example.com,2024-07-05,
sub_51683,Company_198,contact_198@example.com,2023-07-14,2024-04-27
sub_51684,Company_392,contact_392@example.com,2024-07-18,2024-10-24
sub_51685,Company_165,contact_165@example.com,2024-02-24,
sub_51686,Company_164,contact_164@example.com,2023-04-24,
sub_51687,Company_34,contact_34@example.com,2023-02-14,2024-05-06
sub_51688,Company_91,contact_91@example.com,2023-02-02,
sub_51689,Company_98,contact_98@example.com,2023-04-12,
sub_51690,Company_28,alt_28@example.com,2024-02-02,
sub_51691,Company_250,contact_250@example.com,2024-06-22,
sub_51692,Company_359,contact_359@example.com,2024-08-27,
sub_51693,Company_25,contact_25@example.com,2024-01-11,2024-05-23
sub_51694,Company_36,contact_36@example.com,2023-01-14,2024-05-24
sub_51695,Company_335,contact_335@example.com,2024-05-18,
sub_51696,Company_26,alt_26@example.com,2023-03-23,2023-12-07
sub_51697,Company_31,contact_31@example.com,2024-01-05,2024-11-05
sub_51698,Company_212,contact_212@example.com,2024-01-13,
sub_51699,Company_362,contact_362@example.com,2023-03-01,2024-05-15
sub_51700,Company_270,contact_270@example.com,2023-02-11,
sub_51701,Company_155,contact_155@example.com,2023-03-21,2023-07-29
sub_51702,Company_49,contact_49@example.com,2023-04-14,
sub_51703,Company_197,contact_197@example.com,2023-07-14,
sub_51704,Company_127,contact_127@example.com,2024-08-06,
sub_51706,Company_285,contact_285@example.com,2024-03-01,
sub_51707,Company_54,contact_54@example.com,2024-08-13,
sub_51708,Company_345,contact_345@example.com,2024-04-14,
sub_51709,Company_340,contact_340@example.com,2024-03-13,
sub_51710,Company_53,contact_53@example.com,2023-06-20,
sub_51711,Company_205,contact_205@example.com,2024-05-31,2024-12-09
sub_51712,Company_273,contact_273@example.com,2024-03-29,
sub_51713,Company_180,contact_180@example.com,2023-11-19,2024-09-15
sub_51714,Company_166,contact_166@example.com,2024-01-16,2024-09-03
sub_51715,Company_220,contact_220@example.com,2023-11-28,
sub_51716,Company_279,contact_279@example.com,2023-08-08,2024-03-07
sub_51717,Company_381,contact_381@example.com,2023-09-18,2024-04-09
sub_51718,Company_229,contact_229@example.com,2024-02-11,2024-03-02
sub_51719,Company_145,contact_145@example.com,2024-09-02,
sub_51720,Company_154,contact_154@example.com,2023-01-07,2023-06-29
sub_51721,Company_109,contact_109@example.com,2023-11-19,2023-12-20
sub_51722,Company_353,contact_353@example.com,2023-10-10,
sub_51723,Company_283,contact_283@example.com,2024-06-07,
sub_51724,Company_292,contact_292@example.com,2024-08-08,
sub_51725,Company_235,contact_235@example.com,2023-12-31,
sub_51726,Company_187,contact_187@example.com,2024-08-19,
sub_51727,Company_119,contact_119@example.com,2023-09-20,
sub_51728,Company_292,contact_292@example.com,2024-02-14,2024-12-21
sub_51729,Company_375,contact_375@example.com,2023-03-21,
sub_51730,Company_247,contact_247@example.com,2023-06-27,2024-03-22
sub_51731,Company_353,contact_353@example.com,2024-08-13,
sub_51732,Company_48,contact_48@example.com,2024-09-01,
sub_51733,Company_153,contact_153@example.com,2023-02-08,2024-03-08
sub_51734,Company_195,contact_195@example.com,2023-03-22,
sub_51735,Company_394,contact_394@example.com,2023-12-09,2024-06-24
sub_51737,Company_61,contact_61@example.com,2023-08-21,2024-09-26
sub_51738,Company_308,contact_308@example.com,2023-01-12,2023-12-22
sub_51739,Company_195,contact_195@example.com,2023-02-25,
sub_51740,Company_163,contact_163@example.com,2024-07-06,
sub_51741,Company_76,contact_76@example.com,2023-12-01,2024-09-03
sub_51742,Company_78,contact_78@example.com,2023-02-21,2024-02-20
sub_51743,Company_201,contact_201@example.com,2024-04-01,
sub_51744,Company_304,contact_304@example.com,2024-08-12,
sub_51745,Company_46,contact_46@example.com,2023-08-16,
sub_51746,Company_201,contact_201@example.com,2023-06-01,
sub_51747,Company_243,contact_243@example.com,2024-08-08,
sub_51748,Company_25,contact_25@example.com,2024-07-15,
sub_51749,Company_134,contact_134@example.com,2023-03-29,
sub_51750,Company_396,contact_396@example.com,2023-05-14,
sub_51751,Company_286,contact_286@example.com,2023-07-22,
sub_51752,Company_292,contact_292@example.com,2023-07-20,2024-05-22
sub_51753,Company_376,contact_376@example.com,2024-06-20,
sub_51754,Company_136,contact_136@example.com,2024-03-16,2024-09-17
sub_51755,Company_294,contact_294@example.com,2023-04-02,2023-06-18
sub_51756,Company_216,contact_216@example.com,2024-01-10,
sub_51757,Company_176,contact_176@example.com,2024-08-31,
sub_51758,Company_12,contact_12@example.com,2023-11-09,2024-02-23
sub_51759,Company_315,contact_315@example.com,2024-03-28,
sub_51760,Company_74,contact_74@example.com,2024-03-27,2024-05-08
sub_51761,Company_119,contact_119@example.com,2023-07-24,
sub_51762,Company_387,contact_387@example.com,2023-03-29,2023-06-14
sub_51763,Company_124,contact_124@example.com,2023-06-01,2024-09-07
sub_51764,Company_147,contact_147@example.com,2023-01-15,2023-07-29
sub_51765,Company_56,contact_56@example.com,2023-11-09,
sub_51766,Company_169,contact_169@example.com,2023-08-03,
sub_51768,Company_384,contact_384@example.com,2023-09-22,
sub_51769,Company_373,contact_373@example.com,2023-05-25,2024-06-03
sub_51770,Company_9,contact_9@example.com,2024-01-21,2024-12-04
sub_51771,Company_269,contact_269@example.com,2023-02-14,
sub_51772,Company_145,contact_145@example.com,2023-07-25,2024-09-21
sub_51773,Company_138,contact_138@example.com,2023-02-24,2023-11-09
sub_51774,Company_4,contact_4@example.com,2023-03-10,2023-10-14
sub_51775,Company_339,contact_339@example.com,2024-01-04,
sub_51776,Company_55,contact_55@example.com,2023-01-20,2023-07-08
sub_51777,Company_332,contact_332@example.com,2024-01-31,2024-06-17
sub_51778,Company_260,contact_260@example.com,2023-04-12,
sub_51779,Company_305,contact_305@example.com,2024-06-28,
sub_51780,Company_256,contact_256@example.com,2024-04-13,
sub_51781,Company_364,contact_364@example.com,2023-01-23,
sub_51782,Company_271,contact_271@example.com,2023-11-09,
sub_51783,Company_381,contact_381@example.com,2023-06-10,
sub_51784,Company_180,contact_180@example.com,2023-12-30,
sub_51785,Company_256,contact_256@example.com,2023-10-10,
sub_51786,Company_131,contact_131@example.com,2024-02-01,
sub_51787,Company_17,alt_17@example.com,2023-01-31,2023-12-01
sub_51788,Company_115,contact_115@example.com,2023-06-05,2023-12-16
sub_51789,Company_336,contact_336@example.com,2023-05-21,2023-07-24
sub_51790,Company_266,contact_266@example.com,2023-08-21,
sub_51791,Company_78,contact_78@example.com,2024-03-12,2024-09-07
sub_51792,Company_168,contact_168@example.com,2024-04-04,
sub_51793,Company_67,contact_67@example.com,2023-07-31,
sub_51794,Company_277,contact_277@example.com,2023-07-27,
sub_51795,Company_352,contact_352@example.com,2024-06-20,
sub_51796,Company_69,contact_69@example.com,2024-03-16,
sub_51797,Company_394,contact_394@example.com,2023-05-29,2024-05-18
sub_51799,Company_368,contact_368@example.com,2023-05-02,
sub_51800,Company_74,contact_74@example.com,2023-01-31,
sub_51801,Company_211,contact_211@example.com,2024-02-26,
sub_51802,Company_20,alt_20@example.com,2023-10-08,2024-01-13
sub_51803,Company_54,contact_54@example.com,2023-05-15,
sub_51804,Company_313,contact_313@example.com,2023-10-01,
sub_51805,Company_118,contact_118@example.com,2024-09-02,
sub_51806,Company_118,contact_118@example.com,2023-01-27,
sub_51807,Company_399,contact_399@example.com,2024-05-03,
sub_51808,Company_309,contact_309@example.com,2024-04-25,
sub_51809,Company_332,contact_332@example.com,2024-01-18,2024-05-11
sub_51810,Company_251,contact_251@example.com,2024-04-30,
sub_51811,Company_115,contact_115@example.com,2023-02-03,2023-09-20
sub_51812,Company_7,contact_7@example.com,2023-10-04,
sub_51813,Company_343,contact_343@example.com,2023-07-27,
sub_51814,Company_90,contact_90@example.com,2024-03-25,
sub_51815,Company_315,contact_315@example.com,2024-05-16,
sub_51816,Company_166,contact_166@example.com,2024-04-13,
sub_51817,Company_126,contact_126@example.com,2024-03-13,2024-10-26
sub_51818,Company_311,contact_311@example.com,2024-01-25,
sub_51819,Company_160,contact_160@example.com,2024-02-08,
sub_51820,Company_380,contact_380@example.com,2024-08-08,
sub_51821,Company_274,contact_274@example.com,2024-06-21,
sub_51822,Company_360,contact_360@example.com,2023-02-09,
sub_51823,Company_233,contact_233@example.com,2023-02-13,2024-05-27
sub_51824,Company_265,contact_265@example.com,2024-07-04,
sub_51825,Company_376,contact_376@example.com,2023-02-10,
sub_51826,Company_391,contact_391@example.com,2023-02-20,
sub_51827,Company_203,contact_203@example.com,2023-11-08,2024-12-28
sub_51828,Company_236,contact_236@example.com,2023-06-20,
sub_51830,Company_72,contact_72@example.com,2024-04-19,
sub_51831,Company_330,contact_330@example.com,2024-04-07,2024-06-12
sub_51832,Company_57,contact_57@example.com,2023-07-04,
sub_51833,Company_356,contact_356@example.com,2024-07-13,
sub_51834,Company_165,contact_165@example.com,2024-04-06,
sub_51835,Company_302,contact_302@example.com,2023-07-26,
sub_51836,Company_128,contact_128@example.com,2023-11-28,2024-12-06
sub_51837,Company_364,contact_364@example.com,2023-06-17,2024-07-08
sub_51838,Company_46,contact_46@example.com,2023-04-27,
sub_51839,Company_185,contact_185@example.com,2023-03-29,2024-01-11
sub_51840,Company_372,contact_372@example.com,2024-06-07,
sub_51841,Company_81,contact_81@example.com,2024-01-23,
sub_51842,Company_393,contact_393@example.com,2023-06-24,
sub_51843,Company_337,contact_337@example.com,2023-06-03,2023-09-14
sub_51844,Company_91,contact_91@example.com,2023-02-22,
sub_51845,Company_373,contact_373@example.com,2024-04-01,2024-09-15
sub_51846,Company_60,contact_60@example.com,2023-05-15,
sub_51847,Company_391,contact_391@example.com,2023-09-17,
sub_51848,Company_37,alt_37@example.com,2024-05-25,
sub_51849,Company_13,alt_13@example.com,2023-01-06,2023-12-03
sub_51850,Company_121,contact_121@example.com,2023-08-11,2024-06-27
sub_51851,Company_232,contact_232@example.com,2024-02-24,
sub_51852,Company_307,contact_307@example.com,2023-01-07,2023-06-01
sub_51853,Company_142,contact_142@example.com,2024-07-24,
sub_51854,Company_22,alt_22@example.com,2023-08-01,
sub_51855,Company_28,contact_28@example.com,2023-12-24,
sub_51856,Company_16,contact_16@example.com,2024-08-14,
sub_51857,Company_308,contact_308@example.com,2023-11-02,2024-05-09
sub_51858,Company_25,contact_25@example.com,2023-04-22,2023-12-11
sub_51859,Company_82,contact_82@example.com,2023-10-19,2024-09-15
sub_51861,Company_3,alt_3@example.com,2024-07-29,2024-11-16
sub_51862,Company_383,contact_383@example.com,2024-08-15,
sub_51863,Company_18,contact_18@example.com,2023-04-06,
sub_51864,Company_188,contact_188@example.com,2024-01-24,
sub_51865,Company_34,contact_34@example.com,2024-03-13,
sub_51866,Company_281,contact_281@example.com,2023-03-08,
sub_51867,Company_62,contact_62@example.com,2023-10-09,
sub_51868,Company_268,contact_268@example.com,2023-08-03,
sub_51869,Company_29,contact_29@example.com,2023-04-22,2024-02-28
sub_51870,Company_322,contact_322@example.com,2024-06-25,
sub_51871,Company_352,contact_352@example.com,2023-10-22,2024-06-16
sub_51872,Company_162,contact_162@example.com,2023-09-23,
sub_51873,Company_319,contact_319@example.com,2023-12-29,
sub_51874,Company_66,contact_66@example.com,2024-07-30,
sub_51875,Company_266,contact_266@example.com,2024-05-24,
sub_51876,Company_13,alt_13@example.com,2023-07-04,2024-10-18
sub_51877,Company_362,contact_362@example.com,2023-10-25,
sub_51878,Company_12,contact_12@example.com,2024-04-21,
sub_51879,Company_7,alt_7@example.com,2023-05-01,2024-06-01
sub_51880,Company_9,alt_9@example.com,2024-02-29,
sub_51881,Company_179,contact_179@example.com,2024-07-27,
sub_51882,Company_326,contact_326@example.com,2023-08-06,2023-08-31
sub_51883,Company_353,contact_353@example.com,2023-10-16,2024-03-14
sub_51884,Company_157,contact_157@example.com,2023-11-04,
sub_51885,Company_392,contact_392@example.com,2023-01-07,2023-03-26
sub_51886,Company_174,contact_174@example.com,2024-02-10,
sub_51887,Company_291,contact_291@example.com,2023-01-30,
sub_51888,Company_169,contact_169@example.com,2023-12-13,
sub_51889,Company_344,contact_344@example.com,2024-05-05,
sub_51890,Company_242,contact_242@example.com,2023-02-06,
sub_51892,Company_274,contact_274@example.com,2023-12-10,2024-08-22
sub_51893,Company_211,contact_211@example.com,2023-02-27,
sub_51894,Company_289,contact_289@example.com,2023-11-20,
sub_51895,Company_106,contact_106@example.com,2024-08-14,
sub_51896,Company_169,contact_169@example.com,2023-12-29,2024-02-20
sub_51897,Company_143,contact_143@example.com,2023-02-01,2023-08-13
sub_51898,Company_320,contact_320@example.com,2024-07-01,
sub_51899,Company_84,contact_84@example.com,2024-08-07,
sub_51900,Company_199,contact_199@example.com,2023-07-11,
sub_51901,Company_0,alt_0@example.com,2023-11-12,2024-11-27
sub_51902,Company_363,contact_363@example.com,2023-02-02,
sub_51903,Company_254,contact_254@example.com,2023-09-01,
sub_51904,Company_154,contact_154@example.com,2023-08-10,
sub_51905,Company_57,contact_57@example.com,2024-01-19,
sub_51906,Company_19,contact_19@example.com,2023-07-26,
sub_51907,Company_259,contact_259@example.com,2023-01-26,
sub_51908,Company_256,contact_256@example.com,2023-06-07,
sub_51909,Company_247,contact_247@example.com,2024-06-20,2024-12-15
sub_51910,Company_73,contact_73@example.com,2023-04-11,2024-06-24
sub_51911,Company_264,contact_264@example.com,2023-05-16,2023-09-18
sub_51912,Company_235,contact_235@example.com,2024-02-01,
sub_51913,Company_267,contact_267@example.com,2023-04-29,
sub_51914,Company_22,contact_22@example.com,2024-08-31,
sub_51915,Company_44,contact_44@example.com,2023-12-08,2024-08-23
sub_51916,Company_52,contact_52@example.com,2024-06-17,
sub_51917,Company_337,contact_337@example.com,2023-11-16,
sub_51918,Company_159,contact_159@example.com,2023-08-03,
sub_51919,Company_146,contact_146@example.com,2023-10-11,
sub_51920,Company_225,contact_225@example.com,2023-05-01,
sub_51921,Company_140,contact_140@example.com,2023-04-28,2023-05-25
sub_51923,Company_179,contact_179@example.com,2024-07-16,
sub_51924,Company_138,contact_138@example.com,2023-05-25,2024-06-08
sub_51925,Company_293,contact_293@example.com,2023-09-08,
sub_51926,Company_313,contact_313@example.com,2023-12-13,
sub_51927,Company_66,contact_66@example.com,2023-01-30,2023-10-18
sub_51928,Company_25,contact_25@example.com,2023-04-19,
sub_51929,Company_218,contact_218@example.com,2024-02-06,2024-05-27
sub_51930,Company_303,contact_303@example.com,2024-04-01,
sub_51931,Company_182,contact_182@example.com,2023-11-16,2024-05-24
sub_51932,Company_365,contact_365@example.com,2024-06-30,2024-08-29
sub_51933,Company_386,contact_386@example.com,2024-04-21,
sub_51934,Company_67,contact_67@example.com,2023-04-06,2024-06-15
sub_51935,Company_357,contact_357@example.com,2024-04-24,
sub_51936,Company_350,contact_350@example.com,2024-04-21,
sub_51937,Company_118,contact_118@example.com,2023-08-18,2023-11-19
sub_51938,Company_315,contact_315@example.com,2023-09-22,
sub_51939,Company_186,contact_186@example.com,2024-02-06,2024-05-29
sub_51940,Company_340,contact_340@example.com,2023-12-05,
sub_51941,Company_166,contact_166@example.com,2024-04-09,
sub_51942,Company_15,contact_15@example.com,2023-03-08,
sub_51943,Company_245,contact_245@example.com,2024-04-17,
sub_51944,Company_87,contact_87@example.com,2023-10-17,
sub_51945,Company_294,contact_294@example.com,2023-05-11,
sub_51946,Company_18,alt_18@example.com,2023-04-20,
sub_51947,Company_36,contact_36@example.com,2023-11-06,
sub_51948,Company_302,contact_302@example.com,2024-02-28,2024-07-19
sub_51949,Company_280,contact_280@example.com,2023-06-12,
sub_51950,Company_174,contact_174@example.com,2023-08-02,2024-10-11
sub_51951,Company_220,contact_220@example.com,2024-03-21,
sub_51952,Company_3,alt_3@example.com,2023-12-17,2024-10-10
sub_51954,Company_293,contact_293@example.com,2024-05-13,
sub_51955,Company_237,contact_237@example.com,2023-11-30,
sub_51956,Company_227,contact_227@example.com,2023-06-30,2023-12-24
sub_51957,Company_35,contact_35@example.com,2023-04-22,2024-04-26
sub_51958,Company_394,contact_394@example.com,2024-01-24,
sub_51959,Company_338,contact_338@example.com,2023-03-04,
sub_51960,Company_71,contact_71@example.com,2024-08-17,
sub_51961,Company_386,contact_386@example.com,2023-01-01,
sub_51962,Company_76,contact_76@example.com,2024-04-08,
sub_51963,Company_149,contact_149@example.com,2024-02-04,
sub_51964,Company_295,contact_295@example.com,2024-04-02,
sub_51965,Company_162,contact_162@example.com,2023-11-03,2024-09-09
sub_51966,Company_347,contact_347@example.com,2023-11-08,
sub_51967,Company_222,contact_222@example.com,2023-12-19,
sub_51968,Company_313,contact_313@example.com,2024-06-06,
sub_51969,Company_33,alt_33@example.com,2023-05-11,
sub_51970,Company_189,contact_189@example.com,2024-07-16,
sub_51971,Company_286,contact_286@example.com,2024-01-03,2024-03-19
sub_51972,Company_15,contact_15@example.com,2023-08-29,2024-04-26
sub_51973,Company_201,contact_201@example.com,2023-11-22,
sub_51974,Company_195,contact_195@example.com,2024-03-21,
sub_51975,Company_108,contact_108@example.com,2023-06-27,
sub_51976,Company_284,contact_284@example.com,2024-01-29,
sub_51977,Company_184,contact_184@example.com,2024-03-03,
sub_51978,Company_343,contact_343@example.com,2023-05-09,
sub_51979,Company_331,contact_331@example.com,2023-01-17,2023-04-20
sub_51980,Company_249,contact_249@example.com,2024-03-23,
sub_51981,Company_328,contact_328@example.com,2024-03-01,
sub_51982,Company_233,contact_233@example.com,2024-03-11,
sub_51983,Company_92,contact_92@example.com,2024-04-10,
sub_51985,Company_230,contact_230@example.com,2024-01-29,
sub_51986,Company_217,contact_217@example.com,2023-01-08,
sub_51987,Company_374,contact_374@example.com,2023-08-31,
sub_51988,Company_210,contact_210@example.com,2024-07-13,
sub_51989,Company_187,contact_187@example.com,2023-02-04,
sub_51990,Company_360,contact_360@example.com,2024-01-13,
sub_51991,Company_353,contact_353@example.com,2023-03-23,2023-06-23
sub_51992,Company_269,contact_269@example.com,2023-10-14,
sub_51993,Company_267,contact_267@example.com,2023-04-01,
sub_51994,Company_379,contact_379@example.com,2023-03-21,2024-03-25
sub_51995,Company_8,alt_8@example.com,2024-08-16,
sub_51996,Company_313,contact_313@example.com,2023-02-24,
sub_51997,Company_398,contact_398@example.com,2023-01-12,
sub_51998,Company_240,contact_240@example.com,2024-08-10,
sub_51999,Company_169,contact_169@example.com,2024-03-07,2024-09-23
sub_52000,Company_8,alt_8@example.com,2023-10-29,
sub_52001,Company_355,contact_355@example.com,2024-09-03,
sub_52002,Company_155,contact_155@example.com,2024-07-31,
sub_52003,Company_242,contact_242@example.com,2024-08-15,
sub_52004,Company_336,contact_336@example.com,2023-10-26,
sub_52005,Company_377,contact_377@example.com,2023-01-28,
sub_52006,Company_64,contact_64@example.com,2024-06-01,2024-07-30
sub_52007,Company_142,contact_142@example.com,2023-09-16,2023-12-12
sub_52008,Company_140,contact_140@example.com,2023-09-21,2023-10-18
sub_52009,Company_309,contact_309@example.com,2023-06-28,
sub_52010,Company_77,contact_77@example.com,2024-04-02,2024-10-28
sub_52011,Company_133,contact_133@example.com,2023-08-30,
sub_52012,Company_270,contact_270@example.com,2023-02-03,2023-08-17
sub_52013,Company_74,contact_74@example.com,2024-09-01,
sub_52014,Company_20,alt_20@example.com,2023-06-07,
sub_52016,Company_371,contact_371@example.com,2023-06-21,
sub_52017,Company_31,alt_31@example.com,2023-12-20,2024-02-05
sub_52018,Company_386,contact_386@example.com,2023-04-29,
sub_52019,Company_204,contact_204@example.com,2024-05-02,
sub_52020,Company_385,contact_385@example.com,2024-06-29,
sub_52021,Company_361,contact_361@example.com,2024-02-04,
sub_52022,Company_271,contact_271@example.com,2024-03-21,
sub_52023,Company_8,alt_8@example.com,2024-04-04,2024-11-05
sub_52024,Company_271,contact_271@example.com,2023-02-12,2023-04-22
sub_52025,Company_326,contact_326@example.com,2023-12-29,
sub_52026,Company_221,contact_221@example.com,2023-10-07,
sub_52027,Company_10,alt_10@example.com,2023-04-11,2023-09-08
sub_52028,Company_200,contact_200@example.com,2024-04-17,
sub_52029,Company_345,contact_345@example.com,2023-09-05,2024-10-04
sub_52030,Company_394,contact_394@example.com,2023-07-19,
sub_52031,Company_353,contact_353@example.com,2023-07-04,
sub_52032,Company_344,contact_344@example.com,2023-01-09,
sub_52033,Company_210,contact_210@example.com,2023-04-11,
sub_52034,Company_228,contact_228@example.com,2023-12-26,2024-05-06
sub_52035,Company_128,contact_128@example.com,2023-07-17,
sub_52036,Company_47,contact_47@example.com,2023-02-28,
sub_52037,Company_27,alt_27@example.com,2023-08-11,2024-07-02
sub_52038,Company_362,contact_362@example.com,2023-05-03,2023-07-06
sub_52039,Company_66,contact_66@example.com,2024-01-20,
sub_52040,Company_391,contact_391@example.com,2024-08-02,
sub_52041,Company_94,contact_94@example.com,2023-04-24,
sub_52042,Company_150,contact_150@example.com,2024-04-23,
sub_52043,Company_38,contact_38@example.com,2024-04-09,
sub_52044,Company_141,contact_141@example.com,2024-03-13,
sub_52045,Company_341,contact_341@example.com,2023-11-28,
sub_52047,Company_198,contact_198@example.com,2023-12-07,
sub_52048,Company_16,alt_16@example.com,2023-09-29,
sub_52049,Company_251,contact_251@example.com,2023-07-25,
sub_52050,Company_330,contact_330@example.com,2024-05-18,
sub_52051,Company_393,contact_393@example.com,2024-03-17,2024-07-26
sub_52052,Company_54,contact_54@example.com,2024-03-28,
sub_52053,Company_132,contact_132@example.com,2023-04-16,
sub_52054,Company_292,contact_292@example.com,2023-09-14,
sub_52055,Company_254,contact_254@example.com,2023-06-02,2024-05-21
sub_52056,Company_19,contact_19@example.com,2024-02-04,
sub_52057,Company_168,contact_168@example.com,2024-02-05,
sub_52058,Company_362,contact_362@example.com,2024-05-17,
sub_52059,Company_223,contact_223@example.com,2024-02-18,
sub_52060,Company_372,contact_372@example.com,2023-03-13,
sub_52061,Company_196,contact_196@example.com,2024-05-08,
sub_52062,Company_183,contact_183@example.com,2023-12-08,
sub_52063,Company_28,contact_28@example.com,2023-04-03,
sub_52064,Company_174,contact_174@example.com,2023-03-24,
sub_52065,Company_392,contact_392@example.com,2023-10-24,
sub_52066,Company_283,contact_283@example.com,2023-02-10,2023-09-14
sub_52067,Company_153,contact_153@example.com,2024-02-04,
sub_52068,Company_54,contact_54@example.com,2024-01-03,
sub_52069,Company_323,contact_323@example.com,2024-03-24,
sub_52070,Company_97,contact_97@example.com,2023-05-24,
sub_52071,Company_368,contact_368@example.com,2024-08-30,
sub_52072,Company_250,contact_250@example.com,2024-02-03,2024-03-26
sub_52073,Company_329,contact_329@example.com,2023-11-12,
sub_52074,Company_27,alt_27@example.com,2024-04-05,
sub_52075,Company_28,contact_28@example.com,2023-12-12,
sub_52076,Company_369,contact_369@example.com,2023-02-13,
sub_52078,Company_347,contact_347@example.com,2024-07-03,2024-10-07
sub_52079,Company_119,contact_119@example.com,2023-03-15,2023-04-22
sub_52080,Company_250,contact_250@example.com,2023-01-20,2023-10-08
sub_52081,Company_316,contact_316@example.com,2023-02-16,2023-07-10
sub_52082,Company_66,contact_66@example.com,2023-01-15,2023-05-03
sub_52083,Company_157,contact_157@example.com,2023-04-10,2023-12-19
sub_52084,Company_27,alt_27@example.com,2024-08-28,2024-10-19
sub_52085,Company_54,contact_54@example.com,2023-04-27,
sub_52086,Company_315,contact_315@example.com,2023-08-14,2023-10-05
sub_52087,Company_218,contact_218@example.com,2023-12-12,
sub_52088,Company_27,alt_27@example.com,2024-02-16,
sub_52089,Company_350,contact_350@example.com,2024-08-12,
sub_52090,Company_70,contact_70@example.com,2023-11-26,
sub_52091,Company_6,alt_6@example.com,2023-08-07,
sub_52092,Company_88,contact_88@example.com,2023-12-10,
sub_52093,Company_72,contact_72@example.com,2024-03-01,2024-06-15
sub_52094,Company_283,contact_283@example.com,2023-06-18,
sub_52095,Company_297,contact_297@example.com,2023-02-11,
sub_52096,Company_33,alt_33@example.com,2024-01-21,
sub_52097,Company_80,contact_80@example.com,2023-01-17,
sub_52098,Company_3,contact_3@example.com,2023-01-08,2023-04-29
sub_52099,Company_361,contact_361@example.com,2024-08-30,
sub_52100,Company_145,contact_145@example.com,2024-03-02,
sub_52101,Company_13,alt_13@example.com,2024-05-02,
sub_52102,Company_64,contact_64@example.com,2023-07-31,2023-11-01
sub_52103,Company_267,contact_267@example.com,2024-04-06,
sub_52104,Company_89,contact_89@example.com,2023-02-08,
sub_52105,Company_255,contact_255@example.com,2023-04-01,2024-03-07
sub_52106,Company_154,contact_154@example.com,2023-12-23,
sub_52107,Company_120,contact_120@example.com,2023-07-16,2023-10-04
sub_52109,Company_389,contact_389@example.com,2024-07-06,
sub_52110,Company_112,contact_112@example.com,2024-04-20,
sub_52111,Company_320,contact_320@example.com,2023-08-02,
sub_52112,Company_57,contact_57@example.com,2023-06-02,2024-06-06
sub_52113,Company_242,contact_242@example.com,2024-05-24,
sub_52114,Company_22,contact_22@example.com,2023-02-25,
sub_52115,Company_107,contact_107@example.com,2024-03-21,
sub_52116,Company_12,alt_12@example.com,2024-04-09,
sub_52117,Company_26,contact_26@example.com,2024-07-04,
sub_52118,Company_14,contact_14@example.com,2024-05-11,
sub_52119,Company_59,contact_59@example.com,2023-03-14,
sub_52120,Company_227,contact_227@example.com,2024-08-29,
sub_52121,Company_166,contact_166@example.com,2024-03-05,2024-07-04
sub_52122,Company_166,contact_166@example.com,2023-08-24,
sub_52123,Company_116,contact_116@example.com,2023-04-11,2023-08-30
sub_52124,Company_102,contact_102@example.com,2024-01-20,
sub_52125,Company_112,contact_112@example.com,2023-03-17,
sub_52126,Company_27,contact_27@example.com,2024-03-22,
sub_52127,Company_312,contact_312@example.com,2024-04-10,
sub_52128,Company_69,contact_69@example.com,2024-04-13,
sub_52129,Company_99,contact_99@example.com,2024-01-03,
sub_52130,Company_65,contact_65@example.com,2023-02-02,
sub_52131,Company_143,contact_143@example.com,2023-05-20,2023-08-04
sub_52132,Company_234,contact_234@example.com,2024-03-04,2024-06-19
sub_52133,Company_112,contact_112@example.com,2023-10-30,
sub_52134,Company_6,alt_6@example.com,2023-06-24,2024-05-04
sub_52135,Company_37,alt_37@example.com,2023-08-24,
sub_52136,Company_267,contact_267@example.com,2024-05-15,
sub_52137,Company_110,contact_110@example.com,2024-08-28,
sub_52138,Company_28,alt_28@example.com,2024-04-18,
sub_52140,Company_296,contact_296@example.com,2023-08-16,2024-12-04
sub_52141,Company_76,contact_76@example.com,2024-08-10,
sub_52142,Company_2,contact_2@example.com,2024-03-03,
sub_52143,Company_240,contact_240@example.com,2024-05-31,
sub_52144,Company_201,contact_201@example.com,2024-05-05,
sub_52145,Company_8,alt_8@example.com,2023-04-11,
sub_52146,Company_42,contact_42@example.com,2024-07-25,
sub_52147,Company_6,contact_6@example.com,2024-02-21,
sub_52148,Company_151,contact_151@example.com,2023-09-02,2024-08-18
sub_52149,Company_8,contact_8@example.com,2024-05-06,
sub_52150,Company_156,contact_156@example.com,2023-06-15,
sub_52151,Company_292,contact_292@example.com,2024-08-20,2024-09-21
sub_52152,Company_237,contact_237@example.com,2023-05-22,2024-08-31
sub_52153,Company_94,contact_94@example.com,2024-01-15,
sub_52154,Company_324,contact_324@example.com,2023-01-02,2024-04-06
sub_52155,Company_197,contact_197@example.com,2023-12-07,
sub_52156,Company_218,contact_218@example.com,2023-10-04,2024-10-15
sub_52157,Company_277,contact_277@example.com,2024-08-12,
sub_52158,Company_106,contact_106@example.com,2023-03-24,2024-02-24
sub_52159,Company_376,contact_376@example.com,2023-02-26,2023-12-06
sub_52160,Company_345,contact_345@example.com,2024-01-08,
sub_52161,Company_26,contact_26@example.com,2023-04-24,
sub_52162,Company_316,contact_316@example.com,2023-02-11,
sub_52163,Company_331,contact_331@example.com,2024-07-26,
sub_52164,Company_34,contact_34@example.com,2024-07-28,
sub_52165,Company_396,contact_396@example.com,2023-07-29,2023-10-27
sub_52166,Company_122,contact_122@example.com,2024-07-06,2024-09-22
sub_52167,Company_377,contact_377@example.com,2024-08-17,
sub_52168,Company_359,contact_359@example.com,2023-08-03,2024-09-11
sub_52169,Company_115,contact_115@example.com,2023-11-25,2024-06-12
sub_52171,Company_190,contact_190@example.com,2023-12-20,
sub_52172,Company_269,contact_269@example.com,2023-05-06,2024-01-21
sub_52173,Company_347,contact_347@example.com,2024-06-29,
sub_52174,Company_149,contact_149@example.com,2024-04-07,
sub_52175,Company_188,contact_188@example.com,2023-03-09,2023-07-03
sub_52176,Company_234,contact_234@example.com,2023-03-31,
sub_52177,Company_91,contact_91@example.com,2023-10-23,
sub_52178,Company_141,contact_141@example.com,2023-04-25,
sub_52179,Company_77,contact_77@example.com,2023-07-29,2024-05-10
sub_52180,Company_11,contact_11@example.com,2023-10-28,2024-06-17
sub_52181,Company_277,contact_277@example.com,2023-05-16,
sub_52182,Company_227,contact_227@example.com,2023-01-22,
sub_52183,Company_11,contact_11@example.com,2023-08-26,2024-11-15
sub_52184,Company_330,contact_330@example.com,2023-12-10,
sub_52185,Company_335,contact_335@example.com,2023-12-01,
sub_52186,Company_356,contact_356@example.com,2024-06-26,
sub_52187,Company_280,contact_280@example.com,2024-03-31,
sub_52188,Company_67,contact_67@example.com,2023-11-10,2024-02-25
sub_52189,Company_116,contact_116@example.com,2024-05-10,2024-12-06
sub_52190,Company_394,contact_394@example.com,2023-02-18,
sub_52191,Company_233,contact_233@example.com,2023-06-20,2024-05-21
sub_52192,Company_364,contact_364@example.com,2024-07-02,
sub_52193,Company_89,contact_89@example.com,2023-06-07,
sub_52194,Company_21,contact_21@example.com,2023-11-21,
sub_52195,Company_133,contact_133@example.com,2024-01-14,
sub_52196,Company_362,contact_362@example.com,2023-02-05,
sub_52197,Company_176,contact_176@example.com,2023-06-01,
sub_52198,Company_83,contact_83@example.com,2024-06-30,
sub_52199,Company_12,contact_12@example.com,2024-02-19,
sub_52200,Company_255,contact_255@example.com,2023-05-29,2024-02-07
sub_52202,Company_259,contact_259@example.com,2023-12-06,2024-11-21
sub_52203,Company_242,contact_242@example.com,2023-10-24,2024-12-03
sub_52204,Company_293,contact_293@example.com,2023-05-31,
sub_52205,Company_226,contact_226@example.com,2023-12-13,
sub_52206,Company_245,contact_245@example.com,2023-02-11,2023-05-13
sub_52207,Company_59,contact_59@example.com,2023-11-12,
sub_52208,Company_30,alt_30@example.com,2023-08-14,
sub_52209,Company_167,contact_167@example.com,2023-02-26,2024-01-23
sub_52210,Company_298,contact_298@example.com,2024-06-23,2024-11-03
sub_52211,Company_392,contact_392@example.com,2023-10-12,
sub_52212,Company_275,contact_275@example.com,2024-04-01,
sub_52213,Company_343,contact_343@example.com,2023-03-31,
sub_52214,Company_251,contact_251@example.com,2023-11-22,2024-10-15
sub_52215,Company_28,contact_28@example.com,2024-01-05,
sub_52216,Company_37,alt_37@example.com,2024-03-13,
sub_52217,Company_6,contact_6@example.com,2023-10-19,
sub_52218,Company_228,contact_228@example.com,2024-07-28,
sub_52219,Company_227,contact_227@example.com,2024-03-01,
sub_52220,Company_226,contact_226@example.com,2023-10-23,2024-02-03
sub_52221,Company_217,contact_217@example.com,2024-02-29,2024-05-30
sub_52222,Company_306,contact_306@example.com,2023-03-30,
sub_52223,Company_243,contact_243@example.com,2024-06-21,
sub_52224,Company_302,contact_302@example.com,2024-01-20,
sub_52225,Company_327,contact_327@example.com,2023-10-07,
sub_52226,Company_236,contact_236@example.com,2024-08-04,
sub_52227,Company_70,contact_70@example.com,2023-07-24,2023-11-16
sub_52228,Company_148,contact_148@example.com,2024-07-21,
sub_52229,Company_21,contact_21@example.com,2023-11-06,
sub_52230,Company_299,contact_299@example.com,2023-11-08,
sub_52231,Company_237,contact_237@example.com,2023-08-18,2023-09-20
sub_52233,Company_27,alt_27@example.com,2024-04-28,2024-07-20
sub_52234,Company_147,contact_147@example.com,2024-03-03,
sub_52235,Company_352,contact_352@example.com,2023-09-08,
sub_52236,Company_141,contact_141@example.com,2024-05-19,
sub_52237,Company_185,contact_185@example.com,2024-08-18,
sub_52238,Company_289,contact_289@example.com,2024-03-22,
sub_52239,Company_132,contact_132@example.com,2024-05-02,
sub_52240,Company_18,alt_18@example.com,2023-05-03,
sub_52241,Company_294,contact_294@example.com,2023-01-18,
sub_52242,Company_297,contact_297@example.com,2023-03-01,
sub_52243,Company_354,contact_354@example.com,2023-05-19,
sub_52244,Company_139,contact_139@example.com,2024-01-05,2024-08-26
sub_52245,Company_182,contact_182@example.com,2023-02-19,
sub_52246,Company_327,contact_327@example.com,2023-03-20,
sub_52247,Company_321,contact_321@example.com,2023-07-07,
sub_52248,Company_385,contact_385@example.com,2023-06-21,
sub_52249,Company_161,contact_161@example.com,2023-11-05,2024-04-11
sub_52250,Company_352,contact_352@example.com,2024-01-07,
sub_52251,Company_180,contact_180@example.com,2023-05-28,
sub_52252,Company_144,contact_144@example.com,2024-01-17,
sub_52253,Company_248,contact_248@example.com,2024-02-26,2024-09-07
sub_52254,Company_83,contact_83@example.com,2023-04-15,
sub_52255,Company_113,contact_113@example.com,2023-07-12,2024-09-11
sub_52256,Company_314,contact_314@example.com,2024-06-22,
sub_52257,Company_272,contact_272@example.com,2024-07-18,
sub_52258,Company_387,contact_387@example.com,2023-04-27,
sub_52259,Company_39,contact_39@example.com,2023-04-30,
sub_52260,Company_8,contact_8@example.com,2024-05-06,
sub_52261,Company_185,contact_185@example.com,2023-05-23,
sub_52262,Company_305,contact_305@example.com,2024-06-19,
sub_52264,Company_381,contact_381@example.com,2023-05-02,
sub_52265,Company_355,contact_355@example.com,2023-05-26,
sub_52266,Company_64,contact_64@example.com,2023-08-03,2023-10-28
sub_52267,Company_217,contact_217@example.com,2023-04-25,
sub_52268,Company_247,contact_247@example.com,2024-03-17,
sub_52269,Company_16,contact_16@example.com,2024-06-09,
sub_52270,Company_30,contact_30@example.com,2024-04-25,2024-07-14
sub_52271,Company_22,contact_22@example.com,2023-03-09,2023-08-30
sub_52272,Company_386,contact_386@example.com,2023-04-09,
sub_52273,Company_308,contact_308@example.com,2023-07-30,2024-06-14
sub_52274,Company_94,contact_94@example.com,2023-12-26,
sub_52275,Company_33,alt_33@example.com,2023-10-12,
sub_52276,Company_82,contact_82@example.com,2024-05-27,
sub_52277,Company_373,contact_373@example.com,2023-09-05,
sub_52278,Company_50,contact_50@example.com,2024-08-15,
sub_52279,Company_7,contact_7@example.com,2024-06-25,2024-11-03
sub_52280,Company_144,contact_144@example.com,2023-06-25,2024-10-18
sub_52281,Company_2,contact_2@example.com,2023-04-12,
sub_52282,Company_258,contact_258@example.com,2024-05-01,2024-11-24
sub_52283,Company_94,contact_94@example.com,2024-03-26,
sub_52284,Company_54,contact_54@example.com,2023-07-05,
sub_52285,Company_194,contact_194@example.com,2024-03-10,
sub_52286,Company_208,contact_208@example.com,2023-04-26,2024-06-08
sub_52287,Company_63,contact_63@example.com,2024-04-22,
sub_52288,Company_253,contact_253@example.com,2024-01-05,
sub_52289,Company_147,contact_147@example.com,2024-07-24,
sub_52290,Company_20,contact_20@example.com,2023-03-26,
sub_52291,Company_197,contact_197@example.com,2023-10-18,2024-06-27
sub_52292,Company_159,contact_159@example.com,2024-03-30,
sub_52293,Company_148,contact_148@example.com,2024-03-14,2024-07-08
sub_52295,Company_347,contact_347@example.com,2024-01-12,
sub_52296,Company_345,contact_345@example.com,2024-05-18,
sub_52297,Company_53,contact_53@example.com,2024-02-10,
sub_52298,Company_346,contact_346@example.com,2023-03-29,
sub_52299,Company_205,contact_205@example.com,2024-08-27,2024-11-07
sub_52300,Company_86,contact_86@example.com,2023-03-08,2023-09-30
sub_52301,Company_173,contact_173@example.com,2023-07-25,2024-06-13
sub_52302,Company_206,contact_206@example.com,2023-05-06,2023-09-22
sub_52303,Company_371,contact_371@example.com,2024-05-26,2024-11-04
sub_52304,Company_392,contact_392@example.com,2024-08-18,
sub_52305,Company_139,contact_139@example.com,2024-02-14,
sub_52306,Company_308,contact_308@example.com,2024-02-19,
sub_52307,Company_75,contact_75@example.com,2024-04-10,
sub_52308,Company_250,contact_250@example.com,2024-05-24,2024-10-09
sub_52309,Company_68,contact_68@example.com,2023-01-31,2023-04-11
sub_52310,Company_25,alt_25@example.com,2023-03-11,2023-12-11
sub_52311,Company_91,contact_91@example.com,2024-01-27,2024-12-21
sub_52312,Company_78,contact_78@example.com,2023-11-07,2024-10-10
sub_52313,Company_389,contact_389@example.com,2023-03-20,2024-03-12
sub_52314,Company_392,contact_392@example.com,2024-05-19,
sub_52315,Company_238,contact_238@example.com,2023-07-26,2024-01-12
sub_52316,Company_251,contact_251@example.com,2024-05-31,
sub_52317,Company_14,alt_14@example.com,2024-07-07,
sub_52318,Company_9,contact_9@example.com,2023-02-02,2023-09-30
sub_52319,Company_60,contact_60@example.com,2024-01-28,
sub_52320,Company_192,contact_192@example.com,2024-03-29,
sub_52321,Company_90,contact_90@example.com,2024-07-24,
sub_52322,Company_399,contact_399@example.com,2023-11-07,
sub_52323,Company_361,contact_361@example.com,2023-06-18,
sub_52324,Company_159,contact_159@example.com,2024-02-03,2024-10-29
sub_52326,Company_283,contact_283@example.com,2024-07-06,
sub_52327,Company_240,contact_240@example.com,2024-05-02,
sub_52328,Company_37,alt_37@example.com,2023-06-10,
sub_52329,Company_134,contact_134@example.com,2024-05-21,
sub_52330,Company_193,contact_193@example.com,2023-12-28,
sub_52331,Company_145,contact_145@example.com,2023-11-25,
sub_52332,Company_23,contact_23@example.com,2023-05-12,
sub_52333,Company_14,alt_14@example.com,2024-08-20,2024-09-22
sub_52334,Company_320,contact_320@example.com,2023-12-16,
sub_52335,Company_176,contact_176@example.com,2024-01-01,
sub_52336,Company_338,contact_338@example.com,2023-09-08,
sub_52337,Company_159,contact_159@example.com,2024-08-29,2024-10-31
sub_52338,Company_33,contact_33@example.com,2023-11-09,
sub_52339,Company_10,contact_10@example.com,2024-07-05,
sub_52340,Company_19,contact_19@example.com,2024-04-16,
sub_52341,Company_216,contact_216@example.com,2024-08-04,
sub_52342,Company_215,contact_215@example.com,2023-10-01,2023-10-31
sub_52343,Company_301,contact_301@example.com,2023-01-23,
sub_52344,Company_199,contact_199@example.com,2023-11-27,
sub_52345,Company_250,contact_250@example.com,2023-04-13,2024-04-20
sub_52346,Company_172,contact_172@example.com,2024-05-23,
sub_52347,Company_15,alt_15@example.com,2023-12-14,2024-03-28
sub_52348,Company_186,contact_186@example.com,2024-03-22,
sub_52349,Company_33,alt_33@example.com,2023-03-19,2024-06-11
sub_52350,Company_109,contact_109@example.com,2023-10-22,
sub_52351,Company_293,contact_293@example.com,2024-02-16,
sub_52352,Company_115,contact_115@example.com,2023-04-05,2024-04-26
sub_52353,Company_48,contact_48@example.com,2024-08-29,
sub_52354,Company_139,contact_139@example.com,2023-03-10,2024-01-14
sub_52355,Company_243,contact_243@example.com,2024-03-13,
sub_52357,Company_221,contact_221@example.com,2024-07-06,
sub_52358,Company_102,contact_102@example.com,2024-02-29,
sub_52359,Company_263,contact_263@example.com,2024-04-09,
sub_52360,Company_390,contact_390@example.com,2024-07-14,2024-11-03
sub_52361,Company_321,contact_321@example.com,2024-06-12,
sub_52362,Company_95,contact_95@example.com,2024-08-13,
sub_52363,Company_109,contact_109@example.com,2024-04-23,2024-09-27
sub_52364,Company_272,contact_272@example.com,2024-03-20,
sub_52365,Company_289,contact_289@example.com,2023-03-03,
sub_52366,Company_236,contact_236@example.com,2023-06-01,
sub_52367,Company_350,contact_350@example.com,2023-11-04,
sub_52368,Company_222,contact_222@example.com,2024-02-25,2024-08-26
sub_52369,Company_32,contact_32@example.com,2023-07-28,
sub_52370,Company_21,alt_21@example.com,2023-10-21,
sub_52371,Company_351,contact_351@example.com,2023-08-30,
sub_52372,Company_76,contact_76@example.com,2023-07-16,
sub_52373,Company_23,alt_23@example.com,2023-11-14,
sub_52374,Company_223,contact_223@example.com,2024-03-08,
sub_52375,Company_18,contact_18@example.com,2023-07-26,
sub_52376,Company_14,contact_14@example.com,2023-09-22,2024-11-19
sub_52377,Company_337,contact_337@example.com,2024-07-17,2024-11-04
sub_52378,Company_21,contact_21@example.com,2024-05-12,
sub_52379,Company_10,contact_10@example.com,2023-02-26,2024-05-31
sub_52380,Company_160,contact_160@example.com,2023-11-02,
sub_52381,Company_32,contact_32@example.com,2024-02-21,
sub_52382,Company_186,contact_186@example.com,2023-04-03,2023-11-12
sub_52383,Company_370,contact_370@example.com,2023-05-24,
sub_52384,Company_376,contact_376@example.com,2024-05-27,
sub_52385,Company_61,contact_61@example.com,2024-06-18,
sub_52386,Company_24,alt_24@example.com,2024-08-17,
sub_52388,Company_121,contact_121@example.com,2023-05-06,2024-06-24
sub_52389,Company_168,contact_168@example.com,2024-08-21,
sub_52390,Company_199,contact_199@example.com,2023-08-30,
sub_52391,Company_216,contact_216@example.com,2023-08-12,
sub_52392,Company_109,contact_109@example.com,2023-10-09,
sub_52393,Company_301,contact_301@example.com,2023-02-27,
sub_52394,Company_358,contact_358@example.com,2023-04-26,
sub_52395,Company_243,contact_243@example.com,2023-09-10,2024-02-19
sub_52396,Company_74,contact_74@example.com,2024-01-07,2024-09-26
sub_52397,Company_20,alt_20@example.com,2023-11-12,2023-12-12
sub_52398,Company_310,contact_310@example.com,2023-02-05,2024-04-30
sub_52399,Company_9,alt_9@example.com,2023-02-25,2024-03-04
sub_52400,Company_343,contact_343@example.com,2023-09-03,
sub_52401,Company_158,contact_158@example.com,2024-01-07,
sub_52402,Company_15,alt_15@example.com,2023-05-05,2024-02-22
sub_52403,Company_39,alt_39@example.com,2024-03-29,
sub_52404,Company_201,contact_201@example.com,2023-09-19,
sub_52405,Company_21,alt_21@example.com,2023-08-30,
sub_52406,Company_82,contact_82@example.com,2024-03-25,
sub_52407,Company_162,contact_162@example.com,2024-02-21,
sub_52408,Company_17,contact_17@example.com,2023-10-08,
sub_52409,Company_41,contact_41@example.com,2024-05-18,
sub_52410,Company_377,contact_377@example.com,2024-02-27,
sub_52411,Company_30,alt_30@example.com,2023-12-07,
sub_52412,Company_19,alt_19@example.com,2023-04-13,
sub_52413,Company_133,contact_133@example.com,2024-06-02,
sub_52414,Company_308,contact_308@example.com,2024-07-14,
sub_52415,Company_167,contact_167@example.com,2024-04-09,
sub_52416,Company_14,contact_14@example.com,2023-02-23,2024-02-06
sub_52417,Company_322,contact_322@example.com,2024-03-30,
sub_52419,Company_321,contact_321@example.com,2023-11-09,
sub_52420,Company_56,contact_56@example.com,2023-06-11,
sub_52421,Company_393,contact_393@example.com,2023-05-14,
sub_52422,Company_210,contact_210@example.com,2023-11-24,
sub_52423,Company_376,contact_376@example.com,2023-05-17,
sub_52424,Company_303,contact_303@example.com,2023-12-02,
sub_52425,Company_144,contact_144@example.com,2023-07-23,
sub_52426,Company_93,contact_93@example.com,2024-02-07,
sub_52427,Company_193,contact_193@example.com,2024-08-07,
sub_52428,Company_11,contact_11@example.com,2024-07-25,
sub_52429,Company_313,contact_313@example.com,2023-08-23,
sub_52430,Company_236,contact_236@example.com,2023-07-23,2023-12-24
sub_52431,Company_86,contact_86@example.com,2023-02-20,2023-10-03
sub_52432,Company_307,contact_307@example.com,2023-09-24,
sub_52433,Company_188,contact_188@example.com,2023-06-24,
sub_52434,Company_367,contact_367@example.com,2024-06-22,
sub_52435,Company_395,contact_395@example.com,2024-04-09,
sub_52436,Company_344,contact_344@example.com,2024-05-21,
sub_52437,Company_104,contact_104@example.com,2023-07-15,2024-10-18
sub_52438,Company_136,contact_136@example.com,2023-10-22,
sub_52439,Company_66,contact_66@example.com,2024-03-17,
sub_52440,Company_105,contact_105@example.com,2023-08-09,
sub_52441,Company_346,contact_346@example.com,2023-07-13,
sub_52442,Company_5,alt_5@example.com,2023-05-30,
sub_52443,Company_134,contact_134@example.com,2023-08-30,
sub_52444,Company_127,contact_127@example.com,2024-01-14,2024-11-27
sub_52445,Company_234,contact_234@example.com,2023-03-29,
sub_52446,Company_165,contact_165@example.com,2024-02-12,
sub_52447,Company_108,contact_108@example.com,2024-01-28,
sub_52448,Company_216,contact_216@example.com,2024-09-03,
sub_52450,Company_170,contact_170@example.com,2023-08-29,2024-05-16
sub_52451,Company_310,contact_310@example.com,2023-02-16,
sub_52452,Company_317,contact_317@example.com,2024-01-26,2024-07-18
sub_52453,Company_343,contact_343@example.com,2024-01-15,2024-04-11
sub_52454,Company_286,contact_286@example.com,2023-02-12,
sub_52455,Company_86,contact_86@example.com,2024-05-30,
sub_52456,Company_173,contact_173@example.com,2024-04-24,
sub_52457,Company_363,contact_363@example.com,2024-06-27,
sub_52458,Company_72,contact_72@example.com,2023-09-24,
sub_52459,Company_65,contact_65@example.com,2024-05-26,
sub_52460,Company_27,alt_27@example.com,2023-10-15,
sub_52461,Company_220,contact_220@example.com,2023-10-17,
sub_52462,Company_134,contact_134@example.com,2023-09-28,
sub_52463,Company_84,contact_84@example.com,2023-11-20,2024-12-21
sub_52464,Company_391,contact_391@example.com,2023-06-04,2024-04-03
sub_52465,Company_336,contact_336@example.com,2024-03-26,
sub_52466,Company_27,contact_27@example.com,2023-08-24,
sub_52467,Company_133,contact_133@example.com,2023-06-17,
sub_52468,Company_59,contact_59@example.com,2024-05-21,
sub_52469,Company_363,contact_363@example.com,2024-07-28,
sub_52470,Company_234,contact_234@example.com,2024-05-19,2024-08-04
sub_52471,Company_75,contact_75@example.com,2023-05-07,
sub_52472,Company_145,contact_145@example.com,2023-07-04,
sub_52473,Company_260,contact_260@example.com,2023-10-07,2024-08-10
sub_52474,Company_299,contact_299@example.com,2023-08-06,2024-06-19
sub_52475,Company_2,contact_2@example.com,2024-06-22,
sub_52476,Company_292,contact_292@example.com,2023-07-04,2024-02-22
sub_52477,Company_126,contact_126@example.com,2024-05-25,
sub_52478,Company_48,contact_48@example.com,2023-12-03,
sub_52479,Company_348,contact_348@example.com,2023-05-05,
sub_52481,Company_235,contact_235@example.com,2024-05-06,
sub_52482,Company_321,contact_321@example.com,2023-10-03,2024-08-22
sub_52483,Company_168,contact_168@example.com,2023-02-14,2024-02-04
sub_52484,Company_231,contact_231@example.com,2023-11-29,2024-12-27
sub_52485,Company_8,alt_8@example.com,2024-08-05,
sub_52486,Company_24,contact_24@example.com,2023-10-17,2024-04-19
sub_52487,Company_380,contact_380@example.com,2023-03-14,2024-01-08
sub_52488,Company_195,contact_195@example.com,2023-04-05,
sub_52489,Company_122,contact_122@example.com,2024-02-13,
sub_52490,Company_106,contact_106@example.com,2023-06-16,2024-01-20
sub_52491,Company_145,contact_145@example.com,2023-06-07,
sub_52492,Company_10,alt_10@example.com,2024-03-18,
sub_52493,Company_12,alt_12@example.com,2023-11-14,
sub_52494,Company_350,contact_350@example.com,2023-05-15,2023-12-04
sub_52495,Company_26,alt_26@example.com,2024-01-12,
sub_52496,Company_228,contact_228@example.com,2024-02-02,
sub_52497,Company_307,contact_307@example.com,2024-03-09,2024-05-14
sub_52498,Company_15,alt_15@example.com,2024-01-13,
sub_52499,Company_322,contact_322@example.com,2024-03-12,
sub_52500,Company_174,contact_174@example.com,2024-04-19,
sub_52501,Company_114,contact_114@example.com,2023-06-08,
sub_52502,Company_322,contact_322@example.com,2024-06-21,
sub_52503,Company_223,contact_223@example.com,2023-03-23,2024-07-19
sub_52504,Company_153,contact_153@example.com,2023-06-02,2023-08-26
sub_52505,Company_153,contact_153@example.com,2023-09-12,
sub_52506,Company_291,contact_291@example.com,2023-02-18,
sub_52507,Company_23,contact_23@example.com,2024-06-09,
sub_52508,Company_211,contact_211@example.com,2023-04-07,2023-12-20
sub_52509,Company_291,contact_291@example.com,2023-09-17,
sub_52510,Company_41,contact_41@example.com,2024-05-30,
sub_52512,Company_31,alt_31@example.com,2024-02-07,
sub_52513,Company_360,contact_360@example.com,2023-11-01,
sub_52514,Company_232,contact_232@example.com,2024-04-05,
sub_52515,Company_13,alt_13@example.com,2023-09-29,2024-04-10
sub_52516,Company_14,alt_14@example.com,2023-07-11,
sub_52517,Company_382,contact_382@example.com,2023-09-23,2025-01-01
sub_52518,Company_222,contact_222@example.com,2024-07-01,
sub_52519,Company_59,contact_59@example.com,2023-01-14,2023-05-01
sub_52520,Company_235,contact_235@example.com,2024-02-19,
sub_52521,Company_336,contact_336@example.com,2024-05-13,2024-11-04
sub_52522,Company_315,contact_315@example.com,2024-01-05,
sub_52523,Company_344,contact_344@example.com,2024-02-09,
sub_52524,Company_154,contact_154@example.com,2023-03-31,
sub_52525,Company_97,contact_97@example.com,2023-04-25,
sub_52526,Company_96,contact_96@example.com,2023-01-28,
sub_52527,Company_74,contact_74@example.com,2023-09-05,2024-05-05
sub_52528,Company_39,alt_39@example.com,2024-07-05,
sub_52529,Company_394,contact_394@example.com,2024-04-19,
sub_52530,Company_11,contact_11@example.com,2023-04-30,2023-08-13
sub_52531,Company_378,contact_378@example.com,2024-03-31,
sub_52532,Company_230,contact_230@example.com,2024-08-22,
sub_52533,Company_103,contact_103@example.com,2023-10-29,2024-09-04
sub_52534,Company_200,contact_200@example.com,2023-02-22,
sub_52535,Company_322,contact_322@example.com,2024-03-18,2024-11-05
sub_52536,Company_377,contact_377@example.com,2024-08-15,
sub_52537,Company_374,contact_374@example.com,2024-07-21,
sub_52538,Company_18,contact_18@example.com,2024-05-14,
sub_52539,Company_302,contact_302@example.com,2024-05-14,2024-09-29
sub_52540,Company_270,contact_270@example.com,2023-01-20,
sub_52541,Company_283,contact_283@example.com,2023-03-07,2023-08-11
sub_52543,Company_330,contact_330@example.com,2023-12-22,2024-08-27
sub_52544,Company_10,contact_10@example.com,2023-06-15,2023-11-29
sub_52545,Company_240,contact_240@example.com,2023-12-19,
sub_52546,Company_112,contact_112@example.com,2024-08-24,
sub_52547,Company_350,contact_350@example.com,2023-12-14,
sub_52548,Company_308,contact_308@example.com,2024-04-24,2024-07-20
sub_52549,Company_370,contact_370@example.com,2024-02-04,2024-09-24
sub_52550,Company_344,contact_344@example.com,2024-01-04,
sub_52551,Company_241,contact_241@example.com,2023-06-15,
sub_52552,Company_353,contact_353@example.com,2023-03-30,
sub_52553,Company_88,contact_88@example.com,2023-07-24,2023-11-01
sub_52554,Company_51,contact_51@example.com,2024-03-01,
sub_52555,Company_107,contact_107@example.com,2024-07-24,2024-09-06
sub_52556,Company_183,contact_183@example.com,2023-09-25,2024-04-14
sub_52557,Company_89,contact_89@example.com,2024-05-30,2024-07-05
sub_52558,Company_172,contact_172@example.com,2024-03-16,2024-06-02
sub_52559,Company_61,contact_61@example.com,2024-07-29,
sub_52560,Company_174,contact_174@example.com,2023-12-30,
sub_52561,Company_23,contact_23@example.com,2024-07-24,2024-12-27
sub_52562,Company_36,alt_36@example.com,2024-06-11,
sub_52563,Company_342,contact_342@example.com,2023-04-17,
sub_52564,Company_224,contact_224@example.com,2024-04-13,
sub_52565,Company_386,contact_386@example.com,2023-04-24,2023-07-07
sub_52566,Company_312,contact_312@example.com,2023-04-15,
sub_52567,Company_259,contact_259@example.com,2023-04-18,2023-08-01
sub_52568,Company_105,contact_105@example.com,2024-01-06,2024-04-15
sub_52569,Company_362,contact_362@example.com,2024-03-28,
sub_52570,Company_259,contact_259@example.com,2024-05-25,
sub_52571,Company_50,contact_50@example.com,2023-06-07,
sub_52572,Company_19,alt_19@example.com,2023-05-22,2023-08-12
sub_52574,Company_393,contact_393@example.com,2023-01-07,2023-06-01
sub_52575,Company_242,contact_242@example.com,2023-12-16,
sub_52576,Company_43,contact_43@example.com,2023-09-30,2024-04-27
sub_52577,Company_212,contact_212@example.com,2024-01-05,2024-12-12
sub_52578,Company_77,contact_77@example.com,2024-06-26,
sub_52579,Company_3,alt_3@example.com,2023-08-22,2023-11-20
sub_52580,Company_211,contact_211@example.com,2024-02-24,
sub_52581,Company_234,contact_234@example.com,2024-06-12,
sub_52582,Company_349,contact_349@example.com,2024-01-06,
sub_52583,Company_394,contact_394@example.com,2023-01-11,2024-02-02
sub_52584,Company_35,contact_35@example.com,2023-03-28,
sub_52585,Company_395,contact_395@example.com,2023-06-18,
sub_52586,Company_388,contact_388@example.com,2023-02-07,2024-01-31
sub_52587,Company_77,contact_77@example.com,2024-08-11,2024-09-29
sub_52588,Company_365,contact_365@example.com,2024-06-16,
sub_52589,Company_348,contact_348@example.com,2024-07-20,
sub_52590,Company_155,contact_155@example.com,2023-11-18,
sub_52591,Company_176,contact_176@example.com,2023-01-09,
sub_52592,Company_270,contact_270@example.com,2023-05-31,
sub_52593,Company_329,contact_329@example.com,2023-07-30,
sub_52594,Company_3,alt_3@example.com,2024-03-28,
sub_52595,Company_176,contact_176@example.com,2024-02-19,
sub_52596,Company_101,contact_101@example.com,2023-11-05,
sub_52597,Company_171,contact_171@example.com,2024-02-04,
sub_52598,Company_368,contact_368@example.com,2023-05-10,2024-02-20
sub_52599,Company_145,contact_145@example.com,2023-08-07,
sub_52600,Company_159,contact_159@example.com,2024-06-17,2024-12-28
sub_52601,Company_81,contact_81@example.com,2023-01-24,2023-02-27
sub_52602,Company_276,contact_276@example.com,2024-08-29,
sub_52603,Company_123,contact_123@example.com,2023-11-08,
sub_52605,Company_190,contact_190@example.com,2023-09-23,
sub_52606,Company_63,contact_63@example.com,2023-02-18,2024-03-31
sub_52607,Company_63,contact_63@example.com,2024-04-04,
sub_52608,Company_2,contact_2@example.com,2024-04-09,2024-10-19
sub_52609,Company_12,alt_12@example.com,2024-08-18,
sub_52610,Company_365,contact_365@example.com,2024-06-30,
sub_52611,Company_304,contact_304@example.com,2023-08-28,
sub_52612,Company_341,contact_341@example.com,2024-08-09,
sub_52613,Company_71,contact_71@example.com,2024-01-22,2024-11-03
sub_52614,Company_53,contact_53@example.com,2023-12-02,
sub_52615,Company_21,alt_21@example.com,2024-01-05,
sub_52616,Company_364,contact_364@example.com,2024-03-11,
sub_52617,Company_210,contact_210@example.com,2023-03-25,
sub_52618,Company_66,contact_66@example.com,2024-05-02,
sub_52619,Company_189,contact_189@example.com,2024-06-22,
sub_52620,Company_301,contact_301@example.com,2024-07-26,
sub_52621,Company_398,contact_398@example.com,2024-02-09,
sub_52622,Company_135,contact_135@example.com,2024-08-21,
sub_52623,Company_325,contact_325@example.com,2024-03-09,2024-11-09
sub_52624,Company_250,contact_250@example.com,2024-03-02,
sub_52625,Company_83,contact_83@example.com,2023-05-28,
sub_52626,Company_364,contact_364@example.com,2024-04-13,2024-07-08
sub_52627,Company_262,contact_262@example.com,2024-06-25,2024-09-13
sub_52628,Company_233,contact_233@example.com,2024-04-29,2024-06-04
sub_52629,Company_286,contact_286@example.com,2024-01-14,
sub_52630,Company_60,contact_60@example.com,2024-02-23,
sub_52631,Company_292,contact_292@example.com,2023-10-24,
sub_52632,Company_60,contact_60@example.com,2024-01-16,2024-07-10
sub_52633,Company_155,contact_155@example.com,2023-10-29,
sub_52634,Company_73,contact_73@example.com,2023-05-26,
sub_52636,Company_145,contact_145@example.com,2023-08-09,2023-11-30
sub_52637,Company_250,contact_250@example.com,2023-01-03,
sub_52638,Company_34,contact_34@example.com,2023-02-15,
sub_52639,Company_158,contact_158@example.com,2024-08-02,
sub_52640,Company_172,contact_172@example.com,2024-01-22,2024-10-11
sub_52641,Company_26,alt_26@example.com,2023-05-16,
sub_52642,Company_325,contact_325@example.com,2024-04-16,
sub_52643,Company_230,contact_230@example.com,2024-04-04,2024-07-09
sub_52644,Company_166,contact_166@example.com,2023-04-02,2024-06-04
sub_52645,Company_319,contact_319@example.com,2024-02-24,
sub_52646,Company_202,contact_202@example.com,2023-12-14,
sub_52647,Company_343,contact_343@example.com,2024-03-29,
sub_52648,Company_142,contact_142@example.com,2023-04-01,
sub_52649,Company_12,contact_12@example.com,2024-08-08,
sub_52650,Company_7,alt_7@example.com,2023-11-13,2024-09-15
sub_52651,Company_329,contact_329@example.com,2024-07-26,
sub_52652,Company_316,contact_316@example.com,2024-07-08,
sub_52653,Company_387,contact_387@example.com,2023-02-24,
sub_52654,Company_384,contact_384@example.com,2024-05-02,
sub_52655,Company_9,contact_9@example.com,2023-05-04,2024-04-25
sub_52656,Company_92,contact_92@example.com,2023-01-20,2023-06-29
sub_52657,Company_125,contact_125@example.com,2024-08-16,
sub_52658,Company_43,contact_43@example.com,2024-06-30,
sub_52659,Company_164,contact_164@example.com,2024-02-16,
sub_52660,Company_23,contact_23@example.com,2024-05-18,
sub_52661,Company_11,contact_11@example.com,2023-12-15,
sub_52662,Company_12,contact_12@example.com,2024-06-24,
sub_52663,Company_46,contact_46@example.com,2023-04-28,
sub_52664,Company_146,contact_146@example.com,2023-05-28,
sub_52665,Company_45,contact_45@example.com,2023-06-07,2023-12-01
sub_52667,Company_166,contact_166@example.com,2023-07-05,2023-08-07
sub_52668,Company_152,contact_152@example.com,2024-02-04,
sub_52669,Company_211,contact_211@example.com,2023-11-28,
sub_52670,Company_23,alt_23@example.com,2023-05-04,
sub_52671,Company_385,contact_385@example.com,2024-09-03,
sub_52672,Company_121,contact_121@example.com,2024-05-19,
sub_52673,Company_385,contact_385@example.com,2024-05-31,
sub_52674,Company_58,contact_58@example.com,2023-10-03,
sub_52675,Company_283,contact_283@example.com,2024-02-21,
sub_52676,Company_208,contact_208@example.com,2023-08-28,2024-12-27
sub_52677,Company_137,contact_137@example.com,2024-07-21,
sub_52678,Company_345,contact_345@example.com,2023-04-14,2023-09-07
sub_52679,Company_333,contact_333@example.com,2023-05-09,
sub_52680,Company_228,contact_228@example.com,2023-03-27,2024-06-22
sub_52681,Company_104,contact_104@example.com,2023-05-26,
sub_52682,Company_86,contact_86@example.com,2023-09-09,2024-06-30
sub_52683,Company_284,contact_284@example.com,2024-04-07,
sub_52684,Company_237,contact_237@example.com,2023-10-24,2024-10-12
sub_52685,Company_0,contact_0@example.com,2023-03-03,2024-07-12
sub_52686,Company_139,contact_139@example.com,2023-09-14,2024-12-06
sub_52687,Company_179,contact_179@example.com,2023-08-06,2024-06-20
sub_52688,Company_144,contact_144@example.com,2023-02-16,2023-05-29
sub_52689,Company_288,contact_288@example.com,2023-03-13,
sub_52690,Company_357,contact_357@example.com,2023-05-06,
sub_52691,Company_284,contact_284@example.com,2023-10-14,
sub_52692,Company_221,contact_221@example.com,2023-08-04,
sub_52693,Company_10,alt_10@example.com,2023-11-22,
sub_52694,Company_349,contact_349@example.com,2023-12-17,
sub_52695,Company_385,contact_385@example.com,2024-04-08,
sub_52696,Company_164,contact_164@example.com,2023-12-16,
sub_52698,Company_68,contact_68@example.com,2023-01-03,
sub_52699,Company_4,contact_4@example.com,2023-06-27,
sub_52700,Company_356,contact_356@example.com,2024-05-15,
sub_52701,Company_201,contact_201@example.com,2024-07-05,2024-09-04
sub_52702,Company_332,contact_332@example.com,2023-03-21,
sub_52703,Company_26,alt_26@example.com,2024-03-31,
sub_52704,Company_63,contact_63@example.com,2023-12-28,
sub_52705,Company_192,contact_192@example.com,2024-01-02,
sub_52706,Company_393,contact_393@example.com,2023-01-09,
sub_52707,Company_98,contact_98@example.com,2024-03-31,
sub_52708,Company_10,contact_10@example.com,2023-10-15,2024-10-17
sub_52709,Company_183,contact_183@example.com,2023-07-16,2023-09-20
sub_52710,Company_320,contact_320@example.com,2023-11-07,
sub_52711,Company_367,contact_367@example.com,2023-08-15,2024-01-01
sub_52712,Company_185,contact_185@example.com,2023-02-07,
sub_52713,Company_360,contact_360@example.com,2023-08-03,
sub_52714,Company_20,alt_20@example.com,2024-02-10,2024-04-26
sub_52715,Company_291,contact_291@example.com,2024-05-27,
sub_52716,Company_87,contact_87@example.com,2024-07-19,2024-11-15
sub_52717,Company_289,contact_289@example.com,2024-08-01,
sub_52718,Company_65,contact_65@example.com,2023-03-08,
sub_52719,Company_291,contact_291@example.com,2023-08-22,
sub_52720,Company_0,alt_0@example.com,2023-10-08,2024-02-03
sub_52721,Company_11,contact_11@example.com,2024-06-29,
sub_52722,Company_129,contact_129@example.com,2024-07-27,
sub_52723,Company_232,contact_232@example.com,2023-01-03,
sub_52724,Company_344,contact_344@example.com,2023-02-23,2024-05-25
sub_52725,Company_221,contact_221@example.com,2024-02-21,
sub_52726,Company_265,contact_265@example.com,2024-04-22,
sub_52727,Company_185,contact_185@example.com,2024-06-13,
sub_52729,Company_215,contact_215@example.com,2024-06-29,
sub_52730,Company_161,contact_161@example.com,2023-01-06,
sub_52731,Company_41,contact_41@example.com,2024-08-08,
sub_52732,Company_12,contact_12@example.com,2023-08-20,
sub_52733,Company_38,contact_38@example.com,2023-09-13,
sub_52734,Company_159,contact_159@example.com,2023-03-06,2024-02-09
sub_52735,Company_14,contact_14@example.com,2024-05-06,
sub_52736,Company_13,alt_13@example.com,2023-01-25,2023-12-14
sub_52737,Company_171,contact_171@example.com,2023-09-14,
sub_52738,Company_122,contact_122@example.com,2023-12-15,
sub_52739,Company_27,contact_27@example.com,2023-12-08,2024-09-19
sub_52740,Company_37,contact_37@example.com,2024-03-25,
sub_52741,Company_48,contact_48@example.com,2024-04-02,
sub_52742,Company_63,contact_63@example.com,2023-03-29,2023-05-19
sub_52743,Company_193,contact_193@example.com,2023-11-17,
sub_52744,Company_34,alt_34@example.com,2023-03-08,
sub_52745,Company_10,alt_10@example.com,2024-03-28,
sub_52746,Company_320,contact_320@example.com,2024-03-18,
sub_52747,Company_28,contact_28@example.com,2024-07-26,
sub_52748,Company_195,contact_195@example.com,2024-02-16,2024-04-25
sub_52749,Company_210,contact_210@example.com,2023-08-27,
sub_52750,Company_337,contact_337@example.com,2023-01-11,
sub_52751,Company_7,alt_7@example.com,2024-03-14,
sub_52752,Company_317,contact_317@example.com,2023-04-14,2023-10-24
sub_52753,Company_345,contact_345@example.com,2023-01-27,
sub_52754,Company_300,contact_300@example.com,2023-07-17,
sub_52755,Company_304,contact_304@example.com,2023-03-11,2024-01-28
sub_52756,Company_99,contact_99@example.com,2024-08-09,2024-11-01
sub_52757,Company_131,contact_131@example.com,2023-12-30,
sub_52758,Company_317,contact_317@example.com,2024-03-31,
sub_52760,Company_299,contact_299@example.com,2024-03-22,2024-12-29
sub_52761,Company_386,contact_386@example.com,2024-01-02,
sub_52762,Company_277,contact_277@example.com,2023-05-30,
sub_52763,Company_308,contact_308@example.com,2023-12-18,
sub_52764,Company_4,contact_4@example.com,2024-06-14,
sub_52765,Company_336,contact_336@example.com,2023-05-29,
sub_52766,Company_19,alt_19@example.com,2024-07-26,
sub_52767,Company_27,contact_27@example.com,2024-03-08,
sub_52768,Company_102,contact_102@example.com,2023-07-26,
sub_52769,Company_96,contact_96@example.com,2024-05-02,
sub_52770,Company_354,contact_354@example.com,2024-04-23,
sub_52771,Company_354,contact_354@example.com,2023-12-06,
sub_52772,Company_296,contact_296@example.com,2024-08-02,
sub_52773,Company_315,contact_315@example.com,2023-11-03,
sub_52774,Company_53,contact_53@example.com,2024-04-10,
sub_52775,Company_4,alt_4@example.com,2023-02-13,
sub_52776,Company_1,contact_1@example.com,2023-08-17,
sub_52777,Company_319,contact_319@example.com,2023-08-07,
sub_52778,Company_393,contact_393@example.com,2023-12-06,
sub_52779,Company_378,contact_378@example.com,2024-01-20,
sub_52780,Company_22,alt_22@example.com,2023-01-07,
sub_52781,Company_183,contact_183@example.com,2023-01-31,
sub_52782,Company_148,contact_148@example.com,2024-03-26,2024-07-23
sub_52783,Company_391,contact_391@example.com,2024-01-04,2024-02-15
sub_52784,Company_101,contact_101@example.com,2023-07-22,
sub_52785,Company_134,contact_134@example.com,2023-06-28,2024-01-07
sub_52786,Company_125,contact_125@example.com,2023-07-02,
sub_52787,Company_31,alt_31@example.com,2023-09-26,
sub_52788,Company_51,contact_51@example.com,2023-01-22,2024-04-11
sub_52789,Company_194,contact_194@example.com,2023-04-24,2023-11-03
sub_52791,Company_190,contact_190@example.com,2023-06-25,2024-04-09
sub_52792,Company_319,contact_319@example.com,2024-03-20,
sub_52793,Company_364,contact_364@example.com,2023-03-08,
sub_52794,Company_66,contact_66@example.com,2023-07-14,
sub_52795,Company_355,contact_355@example.com,2024-01-19,
sub_52796,Company_325,contact_325@example.com,2023-09-08,
sub_52797,Company_23,contact_23@example.com,2024-08-24,2024-12-18
sub_52798,Company_150,contact_150@example.com,2023-06-02,
sub_52799,Company_322,contact_322@example.com,2023-10-14,
sub_52800,Company_64,contact_64@example.com,2024-06-04,
sub_52801,Company_250,contact_250@example.com,2023-08-03,
sub_52802,Company_240,contact_240@example.com,2023-03-08,
sub_52803,Company_384,contact_384@example.com,2024-06-05,
sub_52804,Company_255,contact_255@example.com,2024-06-15,
sub_52805,Company_91,contact_91@example.com,2023-11-26,
sub_52806,Company_355,contact_355@example.com,2024-05-09,
sub_52807,Company_253,contact_253@example.com,2024-04-30,
sub_52808,Company_326,contact_326@example.com,2024-08-20,
sub_52809,Company_18,contact_18@example.com,2023-08-01,2023-12-11
sub_52810,Company_231,contact_231@example.com,2023-08-29,
sub_52811,Company_217,contact_217@example.com,2024-01-22,
sub_52812,Company_31,alt_31@example.com,2024-01-19,
sub_52813,Company_68,contact_68@example.com,2023-03-28,
sub_52814,Company_180,contact_180@example.com,2023-08-24,
sub_52815,Company_262,contact_262@example.com,2023-12-11,
sub_52816,Company_221,contact_221@example.com,2024-02-23,2024-09-18
sub_52817,Company_162,contact_162@example.com,2023-10-07,
sub_52818,Company_226,contact_226@example.com,2023-08-28,2024-01-30
sub_52819,Company_183,contact_183@example.com,2023-03-26,2023-09-12
sub_52820,Company_262,contact_262@example.com,2024-07-13,
sub_52822,Company_116,contact_116@example.com,2023-04-11,
sub_52823,Company_19,contact_19@example.com,2024-07-13,
sub_52824,Company_345,contact_345@example.com,2023-12-04,
sub_52825,Company_17,alt_17@example.com,2023-10-09,2024-02-03
sub_52826,Company_70,contact_70@example.com,2024-07-10,
sub_52827,Company_133,contact_133@example.com,2023-01-09,
sub_52828,Company_21,alt_21@example.com,2023-12-21,
sub_52829,Company_206,contact_206@example.com,2024-02-20,
sub_52830,Company_296,contact_296@example.com,2023-01-13,2023-10-01
sub_52831,Company_389,contact_389@example.com,2023-06-02,
sub_52832,Company_116,contact_116@example.com,2023-08-03,
sub_52833,Company_300,contact_300@example.com,2024-07-19,
sub_52834,Company_239,contact_239@example.com,2024-04-17,2024-10-28
sub_52835,Company_160,contact_160@example.com,2023-07-12,2024-03-07
sub_52836,Company_357,contact_357@example.com,2024-03-03,
sub_52837,Company_36,alt_36@example.com,2024-07-25,
sub_52838,Company_295,contact_295@example.com,2023-05-12,2023-11-04
sub_52839,Company_4,contact_4@example.com,2024-05-26,
sub_52840,Company_337,contact_337@example.com,2023-12-30,
sub_52841,Company_217,contact_217@example.com,2024-02-18,
sub_52842,Company_398,contact_398@example.com,2024-07-04,
sub_52843,Company_11,contact_11@example.com,2024-08-04,
sub_52844,Company_16,contact_16@example.com,2023-05-23,2023-08-29
sub_52845,Company_169,contact_169@example.com,2024-08-04,
sub_52846,Company_9,alt_9@example.com,2024-08-10,
sub_52847,Company_200,contact_200@example.com,2024-01-26,2024-05-29
sub_52848,Company_32,contact_32@example.com,2024-07-01,
sub_52849,Company_96,contact_96@example.com,2024-05-01,
sub_52850,Company_231,contact_231@example.com,2023-11-08,
sub_52851,Company_345,contact_345@example.com,2024-07-20,
sub_52853,Company_35,contact_35@example.com,2024-01-31,
sub_52854,Company_149,contact_149@example.com,2024-06-20,
sub_52855,Company_188,contact_188@example.com,2024-06-14,
sub_52856,Company_210,contact_210@example.com,2024-02-05,2024-05-15
sub_52857,Company_66,contact_66@example.com,2024-07-03,
sub_52858,Company_244,contact_244@example.com,2023-03-12,2023-10-17
sub_52859,Company_105,contact_105@example.com,2023-05-14,
sub_52860,Company_221,contact_221@example.com,2024-05-01,2024-08-10
sub_52861,Company_158,contact_158@example.com,2024-08-24,
sub_52862,Company_350,contact_350@example.com,2024-04-14,
sub_52863,Company_73,contact_73@example.com,2024-04-01,2024-05-23
sub_52864,Company_309,contact_309@example.com,2023-09-10,
sub_52865,Company_291,contact_291@example.com,2024-05-17,
sub_52866,Company_236,contact_236@example.com,2024-08-12,2024-09-21
sub_52867,Company_147,contact_147@example.com,2024-04-12,2024-10-26
sub_52868,Company_364,contact_364@example.com,2023-11-01,2024-06-08
sub_52869,Company_14,alt_14@example.com,2023-06-29,
sub_52870,Company_316,contact_316@example.com,2024-03-18,
sub_52871,Company_337,contact_337@example.com,2023-07-07,
sub_52872,Company_201,contact_201@example.com,2023-02-14,2023-07-06
sub_52873,Company_80,contact_80@example.com,2023-10-08,
sub_52874,Company_321,contact_321@example.com,2024-07-04,2024-12-20
sub_52875,Company_34,contact_34@example.com,2023-08-11,
sub_52876,Company_390,contact_390@example.com,2024-07-20,2024-10-10
sub_52877,Company_39,contact_39@example.com,2023-04-18,2024-01-21
sub_52878,Company_166,contact_166@example.com,2024-02-24,
sub_52879,Company_106,contact_106@example.com,2024-06-02,
sub_52880,Company_37,contact_37@example.com,2024-04-17,
sub_52881,Company_204,contact_204@example.com,2023-07-19,
sub_52882,Company_128,contact_128@example.com,2023-04-28,2024-05-15
sub_52884,Company_236,contact_236@example.com,2023-03-11,
sub_52885,Company_124,contact_124@example.com,2024-03-24,
sub_52886,Company_142,contact_142@example.com,2023-06-15,2023-09-30
sub_52887,Company_310,contact_310@example.com,2023-04-13,
sub_52888,Company_273,contact_273@example.com,2024-02-05,
sub_52889,Company_390,contact_390@example.com,2023-01-12,
sub_52890,Company_225,contact_225@example.com,2024-01-02,
sub_52891,Company_17,contact_17@example.com,2024-06-29,
sub_52892,Company_24,contact_24@example.com,2024-06-19,
sub_52893,Company_339,contact_339@example.com,2023-04-16,2023-11-21
sub_52894,Company_227,contact_227@example.com,2023-02-23,
sub_52895,Company_395,contact_395@example.com,2024-01-22,
sub_52896,Company_103,contact_103@example.com,2023-09-13,2024-04-11
sub_52897,Company_102,contact_102@example.com,2023-04-04,
sub_52898,Company_7,contact_7@example.com,2023-12-12,
sub_52899,Company_98,contact_98@example.com,2023-03-06,2023-07-16
sub_52900,Company_49,contact_49@example.com,2023-06-21,
sub_52901,Company_212,contact_212@example.com,2024-06-08,2024-08-22
sub_52902,Company_165,contact_165@example.com,2024-07-29,
sub_52903,Company_97,contact_97@example.com,2023-08-01,
sub_52904,Company_219,contact_219@example.com,2023-05-04,
sub_52905,Company_182,contact_182@example.com,2023-11-28,
sub_52906,Company_334,contact_334@example.com,2023-11-20,
sub_52907,Company_234,contact_234@example.com,2023-08-14,2023-10-06
sub_52908,Company_142,contact_142@example.com,2024-01-13,
sub_52909,Company_111,contact_111@example.com,2024-02-25,2024-08-17
sub_52910,Company_255,contact_255@example.com,2023-04-15,
sub_52911,Company_35,alt_35@example.com,2024-08-05,
sub_52912,Company_48,contact_48@example.com,2023-11-29,2024-11-06
sub_52913,Company_347,contact_347@example.com,2023-05-17,
sub_52915,Company_341,contact_341@example.com,2024-05-08,
sub_52916,Company_311,contact_311@example.com,2024-08-22,
sub_52917,Company_195,contact_195@example.com,2024-06-07,
sub_52918,Company_379,contact_379@example.com,2023-08-27,
sub_52919,Company_6,contact_6@example.com,2023-08-27,2023-09-26
sub_52920,Company_63,contact_63@example.com,2023-11-13,2024-04-02
sub_52921,Company_387,contact_387@example.com,2023-09-07,
sub_52922,Company_70,contact_70@example.com,2024-01-19,
sub_52923,Company_77,contact_77@example.com,2024-01-20,2024-05-23
sub_52924,Company_121,contact_121@example.com,2024-03-30,
sub_52925,Company_168,contact_168@example.com,2023-05-18,
sub_52926,Company_2,alt_2@example.com,2023-02-10,2023-11-23
sub_52927,Company_212,contact_212@example.com,2023-10-23,
sub_52928,Company_33,alt_33@example.com,2023-12-06,
sub_52929,Company_276,contact_276@example.com,2023-02-25,2024-06-23
sub_52930,Company_127,contact_127@example.com,2023-08-16,2024-07-12
sub_52931,Company_266,contact_266@example.com,2023-11-26,
sub_52932,Company_3,contact_3@example.com,2023-03-08,
sub_52933,Company_98,contact_98@example.com,2023-02-23,2024-02-02
sub_52934,Company_104,contact_104@example.com,2023-05-09,
sub_52935,Company_281,contact_281@example.com,2023-07-29,
sub_52936,Company_218,contact_218@example.com,2024-04-23,
sub_52937,Company_101,contact_101@example.com,2023-09-08,
sub_52938,Company_127,contact_127@example.com,2023-11-07,
sub_52939,Company_325,contact_325@example.com,2023-07-26,2024-01-01
sub_52940,Company_246,contact_246@example.com,2023-03-23,
sub_52941,Company_85,contact_85@example.com,2024-04-27,
sub_52942,Company_312,contact_312@example.com,2024-03-19,
sub_52943,Company_79,contact_79@example.com,2024-05-08,2024-06-07
sub_52944,Company_218,contact_218@example.com,2023-03-27,2024-05-08
sub_52946,Company_78,contact_78@example.com,2024-07-20,
sub_52947,Company_89,contact_89@example.com,2023-09-21,
sub_52948,Company_232,contact_232@example.com,2023-10-18,
sub_52949,Company_246,contact_246@example.com,2023-03-15,
sub_52950,Company_240,contact_240@example.com,2023-07-20,2023-10-27
sub_52951,Company_2,contact_2@example.com,2023-01-14,
sub_52952,Company_371,contact_371@example.com,2024-01-19,
sub_52953,Company_212,contact_212@example.com,2024-02-09,
sub_52954,Company_191,contact_191@example.com,2024-01-29,
sub_52955,Company_301,contact_301@example.com,2023-03-14,2023-10-29
sub_52956,Company_63,contact_63@example.com,2024-01-30,
sub_52957,Company_289,contact_289@example.com,2023-06-16,2023-10-13
sub_52958,Company_130,contact_130@example.com,2023-12-23,2024-09-28
sub_52959,Company_325,contact_325@example.com,2024-01-13,
sub_52960,Company_29,contact_29@example.com,2024-01-30,
sub_52961,Company_217,contact_217@example.com,2023-09-10,
sub_52962,Company_16,alt_16@example.com,2024-01-06,2024-12-14
sub_52963,Company_14,contact_14@example.com,2023-06-01,2023-11-01
sub_52964,Company_348,contact_348@example.com,2023-05-31,
sub_52965,Company_296,contact_296@example.com,2023-06-15,
sub_52966,Company_47,contact_47@example.com,2024-01-29,2024-09-08
sub_52967,Company_41,contact_41@example.com,2024-06-14,
sub_52968,Company_96,contact_96@example.com,2024-03-09,2024-06-21
sub_52969,Company_129,contact_129@example.com,2023-11-06,2024-08-08
sub_52970,Company_337,contact_337@example.com,2024-01-27,
sub_52971,Company_210,contact_210@example.com,2023-04-02,2023-06-16
sub_52972,Company_397,contact_397@example.com,2023-12-19,
sub_52973,Company_73,contact_73@example.com,2023-10-03,
sub_52974,Company_383,contact_383@example.com,2024-02-12,
sub_52975,Company_157,contact_157@example.com,2023-01-07,2023-04-23
sub_52977,Company_213,contact_213@example.com,2024-06-21,
sub_52978,Company_335,contact_335@example.com,2023-10-23,
sub_52979,Company_90,contact_90@example.com,2024-01-19,2024-05-13
sub_52980,Company_101,contact_101@example.com,2024-05-13,
sub_52981,Company_56,contact_56@example.com,2024-04-06,
sub_52982,Company_16,alt_16@example.com,2023-08-06,
sub_52983,Company_383,contact_383@example.com,2023-07-07,2024-09-13
sub_52984,Company_132,contact_132@example.com,2024-02-23,2024-10-25
sub_52985,Company_319,contact_319@example.com,2023-04-22,2024-07-29
sub_52986,Company_40,contact_40@example.com,2023-10-28,
sub_52987,Company_141,contact_141@example.com,2023-03-07,
sub_52988,Company_120,contact_120@example.com,2024-05-04,
sub_52989,Company_344,contact_344@example.com,2023-04-14,
sub_52990,Company_384,contact_384@example.com,2023-01-08,
sub_52991,Company_21,contact_21@example.com,2023-04-10,
sub_52992,Company_3,contact_3@example.com,2024-01-20,
sub_52993,Company_389,contact_389@example.com,2023-09-30,
sub_52994,Company_248,contact_248@example.com,2024-04-29,
sub_52995,Company_172,contact_172@example.com,2024-03-15,
sub_52996,Company_175,contact_175@example.com,2023-11-19,
sub_52997,Company_122,contact_122@example.com,2024-01-05,
sub_52998,Company_312,contact_312@example.com,2023-02-28,2023-09-18
sub_52999,Company_12,alt_12@example.com,2023-04-13,
sub_53000,Company_357,contact_357@example.com,2024-02-16,
sub_53001,Company_27,alt_27@example.com,2023-05-23,2023-06-25
sub_53002,Company_271,contact_271@example.com,2023-10-14,2024-10-26
sub_53003,Company_127,contact_127@example.com,2024-01-13,2024-09-20
sub_53004,Company_337,contact_337@example.com,2024-05-01,
sub_53005,Company_211,contact_211@example.com,2023-07-12,2023-08-02
sub_53006,Company_16,alt_16@example.com,2023-11-26,2023-12-24
sub_53008,Company_310,contact_310@example.com,2024-05-11,2024-12-21
sub_53009,Company_6,alt_6@example.com,2023-03-25,
sub_53010,Company_243,contact_243@example.com,2023-04-13,
sub_53011,Company_310,contact_310@example.com,2023-07-19,
sub_53012,Company_266,contact_266@example.com,2024-08-08,
sub_53013,Company_38,alt_38@example.com,2024-05-31,
sub_53014,Company_7,alt_7@example.com,2023-03-31,2023-09-21
sub_53015,Company_280,contact_280@example.com,2024-04-23,2024-08-07
sub_53016,Company_59,contact_59@example.com,2024-05-08,
sub_53017,Company_276,contact_276@example.com,2023-09-04,
sub_53018,Company_385,contact_385@example.com,2023-04-02,
sub_53019,Company_366,contact_366@example.com,2023-01-30,2023-05-12
sub_53020,Company_167,contact_167@example.com,2024-01-28,
sub_53021,Company_143,contact_143@example.com,2023-08-14,
sub_53022,Company_243,contact_243@example.com,2023-05-07,
sub_53023,Company_273,contact_273@example.com,2024-05-18,2024-07-23
sub_53024,Company_170,contact_170@example.com,2023-08-18,
sub_53025,Company_307,contact_307@example.com,2023-03-08,
sub_53026,Company_367,contact_367@example.com,2024-01-26,
sub_53027,Company_328,contact_328@example.com,2024-07-29,
sub_53028,Company_223,contact_223@example.com,2023-08-27,
sub_53029,Company_148,contact_148@example.com,2023-03-31,
sub_53030,Company_379,contact_379@example.com,2024-08-29,
sub_53031,Company_96,contact_96@example.com,2023-04-29,
sub_53032,Company_36,alt_36@example.com,2023-11-17,
sub_53033,Company_0,contact_0@example.com,2023-11-15,
sub_53034,Company_97,contact_97@example.com,2024-02-02,
sub_53035,Company_186,contact_186@example.com,2023-05-10,2024-02-20
sub_53036,Company_302,contact_302@example.com,2023-08-16,
sub_53037,Company_275,contact_275@example.com,2024-04-16,
sub_53039,Company_75,contact_75@example.com,2023-10-18,2024-01-20
sub_53040,Company_34,alt_34@example.com,2023-02-05,
sub_53041,Company_257,contact_257@example.com,2023-05-07,2023-10-14
sub_53042,Company_361,contact_361@example.com,2024-08-10,
sub_53043,Company_323,contact_323@example.com,2023-08-09,
sub_53044,Company_192,contact_192@example.com,2023-03-02,
sub_53045,Company_23,alt_23@example.com,2023-08-04,2024-10-31
sub_53046,Company_14,alt_14@example.com,2023-08-19,2024-08-31
sub_53047,Company_397,contact_397@example.com,2023-07-03,
sub_53048,Company_200,contact_200@example.com,2023-11-03,
sub_53049,Company_337,contact_337@example.com,2023-06-13,
sub_53050,Company_172,contact_172@example.com,2024-03-08,
sub_53051,Company_242,contact_242@example.com,2023-12-23,
sub_53052,Company_200,contact_200@example.com,2024-02-05,
sub_53053,Company_144,contact_144@example.com,2023-10-17,2024-10-27
sub_53054,Company_358,contact_358@example.com,2024-07-15,
sub_53055,Company_49,contact_49@example.com,2023-05-15,2023-11-16
sub_53056,Company_297,contact_297@example.com,2023-02-25,2024-05-25
sub_53057,Company_155,contact_155@example.com,2024-04-13,
sub_53058,Company_83,contact_83@example.com,2024-08-14,
sub_53059,Company_247,contact_247@example.com,2023-10-26,
sub_53060,Company_74,contact_74@example.com,2023-08-03,2023-12-12
sub_53061,Company_100,contact_100@example.com,2023-01-10,2023-08-03
sub_53062,Company_294,contact_294@example.com,2023-04-15,2024-04-16
sub_53063,Company_39,alt_39@example.com,2023-06-01,2023-12-30
sub_53064,Company_218,contact_218@example.com,2023-06-22,
sub_53065,Company_182,contact_182@example.com,2024-04-30,2024-08-19
sub_53066,Company_60,contact_60@example.com,2024-06-11,
sub_53067,Company_173,contact_173@example.com,2024-08-30,
sub_53068,Company_76,contact_76@example.com,2024-02-18,
sub_53070,Company_305,contact_305@example.com,2023-06-26,2024-06-14
sub_53071,Company_397,contact_397@example.com,2023-04-02,
sub_53072,Company_18,alt_18@example.com,2024-01-27,2024-07-05
sub_53073,Company_227,contact_227@example.com,2024-01-12,
sub_53074,Company_42,contact_42@example.com,2023-05-05,2024-01-30
sub_53075,Company_260,contact_260@example.com,2023-08-19,
sub_53076,Company_293,contact_293@example.com,2024-05-06,2024-10-13
sub_53077,Company_48,contact_48@example.com,2024-08-30,
sub_53078,Company_330,contact_330@example.com,2024-03-20,
sub_53079,Company_50,contact_50@example.com,2023-11-30,2024-01-21
sub_53080,Company_7,alt_7@example.com,2024-07-04,
sub_53081,Company_358,contact_358@example.com,2023-01-21,
sub_53082,Company_274,contact_274@example.com,2024-06-26,
sub_53083,Company_32,contact_32@example.com,2024-06-15,
sub_53084,Company_299,contact_299@example.com,2024-07-05,
sub_53085,Company_19,alt_19@example.com,2023-05-08,2024-06-16
sub_53086,Company_337,contact_337@example.com,2023-05-01,2023-08-21
sub_53087,Company_355,contact_355@example.com,2023-07-04,
sub_53088,Company_9,alt_9@example.com,2023-11-18,
sub_53089,Company_294,contact_294@example.com,2023-07-31,
sub_53090,Company_287,contact_287@example.com,2023-09-20,2024-12-18
sub_53091,Company_43,contact_43@example.com,2023-05-08,
sub_53092,Company_278,contact_278@example.com,2023-06-25,2024-02-16
sub_53093,Company_336,contact_336@example.com,2023-01-01,
sub_53094,Company_265,contact_265@example.com,2023-10-28,
sub_53095,Company_71,contact_71@example.com,2024-08-13,
sub_53096,Company_355,contact_355@example.com,2023-11-17,2024-08-30
sub_53097,Company_180,contact_180@example.com,2024-07-05,
sub_53098,Company_107,contact_107@example.com,2023-04-12,2024-04-05
sub_53099,Company_121,contact_121@example.com,2023-02-07,
sub_53101,Company_110,contact_110@example.com,2024-08-28,
sub_53102,Company_142,contact_142@example.com,2023-05-12,2024-06-08
sub_53103,Company_38,contact_38@example.com,2024-07-17,
sub_53104,Company_332,contact_332@example.com,2023-06-17,
sub_53105,Company_130,contact_130@example.com,2024-03-11,
sub_53106,Company_73,contact_73@example.com,2024-07-02,
sub_53107,Company_375,contact_375@example.com,2023-10-03,2024-09-11
sub_53108,Company_98,contact_98@example.com,2024-01-17,2024-11-20
sub_53109,Company_20,alt_20@example.com,2024-06-07,
sub_53110,Company_83,contact_83@example.com,2024-03-05,
sub_53111,Company_78,contact_78@example.com,2023-11-20,
sub_53112,Company_222,contact_222@example.com,2024-01-24,2024-02-26
sub_53113,Company_126,contact_126@example.com,2023-03-21,
sub_53114,Company_56,contact_56@example.com,2024-07-15,
sub_53115,Company_33,contact_33@example.com,2023-12-04,
sub_53116,Company_170,contact_170@example.com,2023-10-07,2024-01-09
sub_53117,Company_115,contact_115@example.com,2023-10-08,
sub_53118,Company_113,contact_113@example.com,2024-01-23,2024-04-05
sub_53119,Company_63,contact_63@example.com,2023-06-29,2024-04-13
sub_53120,Company_156,contact_156@example.com,2024-08-25,
sub_53121,Company_13,alt_13@example.com,2024-05-16,
sub_53122,Company_358,contact_358@example.com,2024-08-08,
sub_53123,Company_144,contact_144@example.com,2024-07-18,2024-12-23
sub_53124,Company_24,contact_24@example.com,2023-06-24,2023-12-23
sub_53125,Company_199,contact_199@example.com,2023-07-05,2024-01-17
sub_53126,Company_347,contact_347@example.com,2024-06-28,
sub_53127,Company_304,contact_304@example.com,2024-02-17,
sub_53128,Company_132,contact_132@example.com,2023-01-10,
sub_53129,Company_79,contact_79@example.com,2023-05-10,
sub_53130,Company_376,contact_376@example.com,2023-10-01,2023-11-17
sub_53132,Company_398,contact_398@example.com,2023-09-13,2024-09-14
sub_53133,Company_361,contact_361@example.com,2024-04-13,
sub_53134,Company_181,contact_181@example.com,2024-04-24,
sub_53135,Company_146,contact_146@example.com,2023-10-10,
sub_53136,Company_367,contact_367@example.com,2023-08-23,2024-02-15
sub_53137,Company_44,contact_44@example.com,2023-11-09,2024-06-24
sub_53138,Company_32,alt_32@example.com,2023-04-03,
sub_53139,Company_373,contact_373@example.com,2023-09-03,
sub_53140,Company_29,contact_29@example.com,2023-03-28,
sub_53141,Company_252,contact_252@example.com,2023-01-11,2023-09-05
sub_53142,Company_374,contact_374@example.com,2023-05-20,
sub_53143,Company_350,contact_350@example.com,2024-06-29,
sub_53144,Company_63,contact_63@example.com,2024-02-20,2024-03-18
sub_53145,Company_25,alt_25@example.com,2023-01-08,
sub_53146,Company_273,contact_273@example.com,2023-12-20,2024-05-13
sub_53147,Company_338,contact_338@example.com,2024-06-24,
sub_53148,Company_311,contact_311@example.com,2023-02-13,
sub_53149,Company_86,contact_86@example.com,2024-06-20,
sub_53150,Company_115,contact_115@example.com,2023-06-29,
sub_53151,Company_68,contact_68@example.com,2024-06-10,2024-12-27
sub_53152,Company_216,contact_216@example.com,2024-05-22,
sub_53153,Company_57,contact_57@example.com,2023-12-13,
sub_53154,Company_347,contact_347@example.com,2023-09-13,
sub_53155,Company_392,contact_392@example.com,2023-05-01,
sub_53156,Company_150,contact_150@example.com,2023-09-29,
sub_53157,Company_323,contact_323@example.com,2024-08-05,
sub_53158,Company_111,contact_111@example.com,2023-11-09,
sub_53159,Company_329,contact_329@example.com,2024-06-11,
sub_53160,Company_18,contact_18@example.com,2024-04-19,
sub_53161,Company_316,contact_316@example.com,2024-05-14,
sub_53163,Company_54,contact_54@example.com,2023-01-06,2023-07-24
sub_53164,Company_95,contact_95@example.com,2024-02-16,
sub_53165,Company_220,contact_220@example.com,2024-05-18,
sub_53166,Company_263,contact_263@example.com,2023-06-07,
sub_53167,Company_249,contact_249@example.com,2023-01-08,2023-04-17
sub_53168,Company_128,contact_128@example.com,2023-08-20,
sub_53169,Company_153,contact_153@example.com,2024-01-09,2024-09-04
sub_53170,Company_274,contact_274@example.com,2023-10-03,2023-12-17
sub_53171,Company_336,contact_336@example.com,2024-03-25,
sub_53172,Company_382,contact_382@example.com,2024-03-20,
sub_53173,Company_363,contact_363@example.com,2023-07-23,
sub_53174,Company_20,contact_20@example.com,2023-05-17,
sub_53175,Company_169,contact_169@example.com,2023-02-02,2023-05-15
sub_53176,Company_245,contact_245@example.com,2023-09-30,
sub_53177,Company_281,contact_281@example.com,2024-05-22,
sub_53178,Company_349,contact_349@example.com,2023-05-11,2023-11-13
sub_53179,Company_399,contact_399@example.com,2024-02-14,2024-11-16
sub_53180,Company_379,contact_379@example.com,2024-02-03,
sub_53181,Company_55,contact_55@example.com,2023-01-22,
sub_53182,Company_256,contact_256@example.com,2023-01-14,2024-03-01
sub_53183,Company_26,contact_26@example.com,2023-12-17,2024-08-12
sub_53184,Company_377,contact_377@example.com,2023-01-09,
sub_53185,Company_144,contact_144@example.com,2024-05-12,2024-07-13
sub_53186,Company_126,contact_126@example.com,2023-06-06,
sub_53187,Company_127,contact_127@example.com,2023-10-15,
sub_53188,Company_134,contact_134@example.com,2023-09-11,2024-09-06
sub_53189,Company_101,contact_101@example.com,2024-04-30,
sub_53190,Company_0,alt_0@example.com,2023-04-16,2024-04-28
sub_53191,Company_312,contact_312@example.com,2023-07-05,2023-10-29
sub_53192,Company_302,contact_302@example.com,2023-06-02,
sub_53194,Company_74,contact_74@example.com,2024-03-12,2024-04-10
sub_53195,Company_46,contact_46@example.com,2023-02-22,
sub_53196,Company_156,contact_156@example.com,2023-08-25,
sub_53197,Company_245,contact_245@example.com,2023-03-04,
sub_53198,Company_26,contact_26@example.com,2023-11-08,
sub_53199,Company_143,contact_143@example.com,2023-12-26,
sub_53200,Company_214,contact_214@example.com,2023-09-10,2024-03-11
sub_53201,Company_93,contact_93@example.com,2023-02-11,
sub_53202,Company_381,contact_381@example.com,2023-11-26,
sub_53203,Company_143,contact_143@example.com,2023-04-14,
sub_53204,Company_251,contact_251@example.com,2024-01-08,
sub_53205,Company_49,contact_49@example.com,2023-01-14,
sub_53206,Company_66,contact_66@example.com,2023-12-06,2024-06-27
sub_53207,Company_185,contact_185@example.com,2024-08-26,
sub_53208,Company_309,contact_309@example.com,2024-01-16,2024-06-05
sub_53209,Company_107,contact_107@example.com,2024-08-21,
sub_53210,Company_44,contact_44@example.com,2023-04-19,2023-07-14
sub_53211,Company_308,contact_308@example.com,2023-05-04,
sub_53212,Company_335,contact_335@example.com,2023-07-15,2023-11-10
sub_53213,Company_50,contact_50@example.com,2023-03-18,2024-01-11
sub_53214,Company_154,contact_154@example.com,2024-04-30,
sub_53215,Company_103,contact_103@example.com,2024-06-30,
sub_53216,Company_78,contact_78@example.com,2023-02-14,
sub_53217,Company_281,contact_281@example.com,2023-09-16,
sub_53218,Company_388,contact_388@example.com,2024-07-27,
sub_53219,Company_187,contact_187@example.com,2024-04-04,
sub_53220,Company_367,contact_367@example.com,2023-05-01,
sub_53221,Company_247,contact_247@example.com,2024-03-05,2024-12-18
sub_53222,Company_257,contact_257@example.com,2023-01-23,
sub_53223,Company_356,contact_356@example.com,2023-05-13,
sub_53225,Company_97,contact_97@example.com,2024-02-12,2024-11-11
sub_53226,Company_262,contact_262@example.com,2023-03-18,
sub_53227,Company_260,contact_260@example.com,2024-01-29,2024-12-01
sub_53228,Company_205,contact_205@example.com,2023-10-06,
sub_53229,Company_81,contact_81@example.com,2024-08-08,
sub_53230,Company_4,contact_4@example.com,2024-06-09,
sub_53231,Company_257,contact_257@example.com,2024-06-21,
sub_53232,Company_112,contact_112@example.com,2023-10-31,
sub_53233,Company_60,contact_60@example.com,2023-06-25,
sub_53234,Company_121,contact_121@example.com,2023-10-26,2023-12-05
sub_53235,Company_142,contact_142@example.com,2023-05-17,2023-10-22
sub_53236,Company_26,contact_26@example.com,2023-09-12,
sub_53237,Company_59,contact_59@example.com,2023-01-02,
sub_53238,Company_309,contact_309@example.com,2024-01-13,
sub_53239,Company_361,contact_361@example.com,2024-07-16,2024-12-18
sub_53240,Company_209,contact_209@example.com,2023-10-29,2024-05-02
sub_53241,Company_320,contact_320@example.com,2023-01-11,
sub_53242,Company_374,contact_374@example.com,2023-10-14,
sub_53243,Company_8,contact_8@example.com,2024-07-04,
sub_53244,Company_398,contact_398@example.com,2024-08-20,2024-11-02
sub_53245,Company_352,contact_352@example.com,2024-01-27,
sub_53246,Company_131,contact_131@example.com,2024-07-18,2024-11-20
sub_53247,Company_112,contact_112@example.com,2023-11-29,
sub_53248,Company_322,contact_322@example.com,2024-02-09,
sub_53249,Company_373,contact_373@example.com,2024-03-20,
sub_53250,Company_245,contact_245@example.com,2023-04-06,
sub_53251,Company_94,contact_94@example.com,2023-06-30,
sub_53252,Company_373,contact_373@example.com,2023-07-04,
sub_53253,Company_158,contact_158@example.com,2023-06-16,
sub_53254,Company_201,contact_201@example.com,2023-07-12,
sub_53256,Company_206,contact_206@example.com,2023-04-13,
sub_53257,Company_372,contact_372@example.com,2023-01-13,
sub_53258,Company_196,contact_196@example.com,2023-01-22,2023-04-08
sub_53259,Company_390,contact_390@example.com,2023-02-14,
sub_53260,Company_42,contact_42@example.com,2023-10-02,2024-01-03
sub_53261,Company_307,contact_307@example.com,2023-01-14,2024-03-14
sub_53262,Company_5,alt_5@example.com,2023-04-19,2024-02-10
sub_53263,Company_173,contact_173@example.com,2023-03-29,
sub_53264,Company_388,contact_388@example.com,2024-07-30,
sub_53265,Company_227,contact_227@example.com,2023-06-17,
sub_53266,Company_79,contact_79@example.com,2023-09-07,
sub_53267,Company_136,contact_136@example.com,2024-07-10,
sub_53268,Company_22,contact_22@example.com,2023-04-16,
sub_53269,Company_261,contact_261@example.com,2024-03-01,
sub_53270,Company_114,contact_114@example.com,2023-01-25,
sub_53271,Company_75,contact_75@example.com,2023-12-28,
sub_53272,Company_350,contact_350@example.com,2024-01-29,
sub_53273,Company_366,contact_366@example.com,2023-04-26,
sub_53274,Company_56,contact_56@example.com,2023-08-18,2023-10-29
sub_53275,Company_144,contact_144@example.com,2024-01-01,2024-02-29
sub_53276,Company_60,contact_60@example.com,2024-01-05,
sub_53277,Company_43,contact_43@example.com,2023-02-14,
sub_53278,Company_219,contact_219@example.com,2024-06-27,
sub_53279,Company_307,contact_307@example.com,2023-07-05,
sub_53280,Company_341,contact_341@example.com,2023-11-05,2024-10-09
sub_53281,Company_178,contact_178@example.com,2023-04-17,2023-09-22
sub_53282,Company_338,contact_338@example.com,2024-01-13,
sub_53283,Company_135,contact_135@example.com,2023-03-20,
sub_53284,Company_76,contact_76@example.com,2023-05-31,
sub_53285,Company_228,contact_228@example.com,2024-05-04,
sub_53287,Company_372,contact_372@example.com,2023-10-13,
sub_53288,Company_65,contact_65@example.com,2023-07-06,
sub_53289,Company_163,contact_163@example.com,2024-05-21,
sub_53290,Company_246,contact_246@example.com,2024-02-28,
sub_53291,Company_6,alt_6@example.com,2023-12-08,2024-03-07
sub_53292,Company_334,contact_334@example.com,2023-09-09,
sub_53293,Company_254,contact_254@example.com,2024-07-05,
sub_53294,Company_252,contact_252@example.com,2024-06-29,
sub_53295,Company_20,alt_20@example.com,2023-08-24,
sub_53296,Company_366,contact_366@example.com,2024-03-07,
sub_53297,Company_355,contact_355@example.com,2023-08-13,
sub_53298,Company_185,contact_185@example.com,2023-01-03,2023-05-07
sub_53299,Company_8,contact_8@example.com,2024-01-07,
sub_53300,Company_68,contact_68@example.com,2023-04-23,2023-06-12
sub_53301,Company_184,contact_184@example.com,2023-05-23,
sub_53302,Company_27,alt_27@example.com,2024-07-18,
sub_53303,Company_215,contact_215@example.com,2023-09-06,2024-01-11
sub_53304,Company_28,contact_28@example.com,2023-05-22,2023-08-10
sub_53305,Company_360,contact_360@example.com,2023-05-27,2023-12-26
sub_53306,Company_356,contact_356@example.com,2024-03-10,
sub_53307,Company_54,contact_54@example.com,2024-08-18,
sub_53308,Company_304,contact_304@example.com,2023-06-11,
sub_53309,Company_72,contact_72@example.com,2023-03-22,
sub_53310,Company_291,contact_291@example.com,2024-03-02,2024-06-06
sub_53311,Company_240,contact_240@example.com,2023-05-24,
sub_53312,Company_153,contact_153@example.com,2024-04-26,2024-12-12
sub_53313,Company_227,contact_227@example.com,2023-01-14,
sub_53314,Company_30,contact_30@example.com,2023-02-02,2023-12-28
sub_53315,Company_257,contact_257@example.com,2023-06-14,
sub_53316,Company_216,contact_216@example.com,2024-04-10,
sub_53318,Company_292,contact_292@example.com,2024-05-28,2024-11-20
sub_53319,Company_216,contact_216@example.com,2023-06-10,2023-11-16
sub_53320,Company_267,contact_267@example.com,2024-01-22,2024-04-15
sub_53321,Company_205,contact_205@example.com,2023-02-27,
sub_53322,Company_21,alt_21@example.com,2024-07-26,
sub_53323,Company_30,alt_30@example.com,2023-03-21,2024-06-01
sub_53324,Company_244,contact_244@example.com,2023-11-17,2024-11-05
sub_53325,Company_23,alt_23@example.com,2024-01-25,
sub_53326,Company_190,contact_190@example.com,2024-03-10,
sub_53327,Company_53,contact_53@example.com,2023-03-21,2023-10-12
sub_53328,Company_33,alt_33@example.com,2023-12-10,
sub_53329,Company_83,contact_83@example.com,2024-07-08,
sub_53330,Company_305,contact_305@example.com,2023-01-12,2024-02-23
sub_53331,Company_96,contact_96@example.com,2024-07-18,2024-11-18
sub_53332,Company_16,contact_16@example.com,2023-09-04,
sub_53333,Company_291,contact_291@example.com,2024-08-01,
sub_53334,Company_4,alt_4@example.com,2024-05-10,
sub_53335,Company_47,contact_47@example.com,2023-11-13,2023-12-07
sub_53336,Company_384,contact_384@example.com,2023-10-17,
sub_53337,Company_161,contact_161@example.com,2024-02-05,
sub_53338,Company_182,contact_182@example.com,2023-05-13,2024-05-26
sub_53339,Company_169,contact_169@example.com,2024-02-22,
sub_53340,Company_379,contact_379@example.com,2024-05-30,
sub_53341,Company_396,contact_396@example.com,2023-06-03,
sub_53342,Company_195,contact_195@example.com,2024-05-03,
sub_53343,Company_36,alt_36@example.com,2023-02-08,
sub_53344,Company_349,contact_349@example.com,2024-04-19,2024-06-18
sub_53345,Company_47,contact_47@example.com,2023-08-26,
sub_53346,Company_348,contact_348@example.com,2023-05-25,2024-07-11
sub_53347,Company_256,contact_256@example.com,2024-06-12,
sub_53349,Company_393,contact_393@example.com,2023-12-16,2024-08-21
sub_53350,Company_173,contact_173@example.com,2023-10-25,2024-05-16
sub_53351,Company_220,contact_220@example.com,2023-02-10,2024-05-31
sub_53352,Company_349,contact_349@example.com,2024-02-01,
sub_53353,Company_312,contact_312@example.com,2023-03-18,
sub_53354,Company_254,contact_254@example.com,2023-04-10,
sub_53355,Company_392,contact_392@example.com,2023-11-13,2024-09-08
sub_53356,Company_8,alt_8@example.com,2023-03-31,
sub_53357,Company_160,contact_160@example.com,2023-06-23,
sub_53358,Company_34,contact_34@example.com,2023-10-14,
sub_53359,Company_45,contact_45@example.com,2023-03-14,2023-07-03
sub_53360,Company_235,contact_235@example.com,2023-09-22,2024-06-10
sub_53361,Company_390,contact_390@example.com,2024-03-28,
sub_53362,Company_71,contact_71@example.com,2023-05-07,
sub_53363,Company_186,contact_186@example.com,2023-10-21,
sub_53364,Company_317,contact_317@example.com,2023-05-13,
sub_53365,Company_32,alt_32@example.com,2023-11-18,
sub_53366,Company_211,contact_211@example.com,2024-06-02,
sub_53367,Company_134,contact_134@example.com,2023-02-13,2024-01-16
sub_53368,Company_29,contact_29@example.com,2023-09-08,2024-09-20
sub_53369,Company_4,contact_4@example.com,2023-06-08,
sub_53370,Company_192,contact_192@example.com,2023-06-12,
sub_53371,Company_37,contact_37@example.com,2023-08-17,2024-03-22
sub_53372,Company_342,contact_342@example.com,2023-04-06,
sub_53373,Company_328,contact_328@example.com,2024-07-01,
sub_53374,Company_18,alt_18@example.com,2024-04-21,
sub_53375,Company_374,contact_374@example.com,2023-04-21,2024-08-22
sub_53376,Company_203,contact_203@example.com,2024-03-19,
sub_53377,Company_33,contact_33@example.com,2023-11-21,2024-06-03
sub_53378,Company_248,contact_248@example.com,2023-08-06,2024-08-19
sub_53380,Company_79,contact_79@example.com,2024-04-26,2024-07-29
sub_53381,Company_163,contact_163@example.com,2024-08-04,2024-09-09
sub_53382,Company_396,contact_396@example.com,2024-01-25,2024-03-16
sub_53383,Company_185,contact_185@example.com,2024-03-16,
sub_53384,Company_108,contact_108@example.com,2023-01-24,2024-03-07
sub_53385,Company_138,contact_138@example.com,2023-09-16,
sub_53386,Company_72,contact_72@example.com,2023-03-12,
sub_53387,Company_152,contact_152@example.com,2024-04-07,
sub_53388,Company_214,contact_214@example.com,2024-06-21,2024-10-28
sub_53389,Company_132,contact_132@example.com,2023-07-08,
sub_53390,Company_219,contact_219@example.com,2023-12-17,
sub_53391,Company_152,contact_152@example.com,2023-06-18,
sub_53392,Company_214,contact_214@example.com,2024-05-08,
sub_53393,Company_274,contact_274@example.com,2023-06-14,
sub_53394,Company_354,contact_354@example.com,2024-08-07,
sub_53395,Company_21,alt_21@example.com,2023-01-11,2023-11-14
sub_53396,Company_305,contact_305@example.com,2023-07-23,2023-09-20
sub_53397,Company_296,contact_296@example.com,2023-05-29,2023-11-30
sub_53398,Company_21,alt_21@example.com,2023-11-21,
sub_53399,Company_234,contact_234@example.com,2023-06-01,2024-03-02
sub_53400,Company_58,contact_58@example.com,2024-02-21,
sub_53401,Company_1,contact_1@example.com,2024-04-06,
sub_53402,Company_38,alt_38@example.com,2023-05-09,
sub_53403,Company_296,contact_296@example.com,2023-04-10,
sub_53404,Company_96,contact_96@example.com,2024-03-06,
sub_53405,Company_279,contact_279@example.com,2023-06-20,
sub_53406,Company_178,contact_178@example.com,2023-08-03,2023-11-28
sub_53407,Company_295,contact_295@example.com,2023-01-15,2023-08-12
sub_53408,Company_8,contact_8@example.com,2023-11-06,
sub_53409,Company_157,contact_157@example.com,2024-05-29,
sub_53411,Company_233,contact_233@example.com,2024-02-28,
sub_53412,Company_24,alt_24@example.com,2024-07-09,
sub_53413,Company_267,contact_267@example.com,2023-12-10,2024-02-26
sub_53414,Company_234,contact_234@example.com,2024-03-14,
sub_53415,Company_304,contact_304@example.com,2023-06-16,
sub_53416,Company_145,contact_145@example.com,2024-03-23,
sub_53417,Company_145,contact_145@example.com,2023-04-12,2023-06-15
sub_53418,Company_53,contact_53@example.com,2023-04-02,
sub_53419,Company_210,contact_210@example.com,2023-04-17,2024-01-16
sub_53420,Company_319,contact_319@example.com,2024-07-11,2024-09-20
sub_53421,Company_257,contact_257@example.com,2024-08-18,
sub_53422,Company_16,contact_16@example.com,2023-10-24,
sub_53423,Company_215,contact_215@example.com,2023-08-05,2023-12-17
sub_53424,Company_282,contact_282@example.com,2024-01-26,
sub_53425,Company_240,contact_240@example.com,2023-05-08,2023-11-23
sub_53426,Company_237,contact_237@example.com,2024-02-27,
sub_53427,Company_20,alt_20@example.com,2024-02-10,2024-03-04
sub_53428,Company_0,alt_0@example.com,2023-08-18,
sub_53429,Company_337,contact_337@example.com,2023-09-28,2024-03-23
sub_53430,Company_7,alt_7@example.com,2024-02-29,
sub_53431,Company_123,contact_123@example.com,2023-01-05,2024-04-29
sub_53432,Company_16,contact_16@example.com,2023-01-16,
sub_53433,Company_191,contact_191@example.com,2024-06-15,
sub_53434,Company_379,contact_379@example.com,2023-11-22,
sub_53435,Company_292,contact_292@example.com,2024-03-16,
sub_53436,Company_200,contact_200@example.com,2023-07-17,2024-06-16
sub_53437,Company_24,alt_24@example.com,2023-02-22,2024-04-27
sub_53438,Company_219,contact_219@example.com,2023-05-12,2024-09-23
sub_53439,Company_372,contact_372@example.com,2023-06-27,2024-02-08
sub_53440,Company_264,contact_264@example.com,2023-06-12,
sub_53442,Company_295,contact_295@example.com,2024-02-06,
sub_53443,Company_390,contact_390@example.com,2023-09-24,
sub_53444,Company_165,contact_165@example.com,2023-07-28,
sub_53445,Company_223,contact_223@example.com,2023-01-12,2023-12-19
sub_53446,Company_78,contact_78@example.com,2023-01-29,2023-12-31
sub_53447,Company_40,contact_40@example.com,2024-08-08,
sub_53448,Company_12,contact_12@example.com,2023-05-14,2024-01-21
sub_53449,Company_398,contact_398@example.com,2024-01-02,
sub_53450,Company_113,contact_113@example.com,2023-11-01,
sub_53451,Company_125,contact_125@example.com,2024-01-23,
sub_53452,Company_133,contact_133@example.com,2023-02-22,
sub_53453,Company_73,contact_73@example.com,2023-01-24,2024-01-05
sub_53454,Company_52,contact_52@example.com,2023-04-24,2024-01-04
sub_53455,Company_62,contact_62@example.com,2023-04-20,
sub_53456,Company_92,contact_92@example.com,2023-04-06,
sub_53457,Company_185,contact_185@example.com,2023-08-01,
sub_53458,Company_7,alt_7@example.com,2023-01-23,
sub_53459,Company_320,contact_320@example.com,2023-03-20,2023-07-25
sub_53460,Company_192,contact_192@example.com,2023-11-18,2024-10-27
sub_53461,Company_13,alt_13@example.com,2023-06-14,
sub_53462,Company_91,contact_91@example.com,2024-08-03,
sub_53463,Company_310,contact_310@example.com,2023-02-02,2023-04-23
sub_53464,Company_177,contact_177@example.com,2024-05-10,
sub_53465,Company_307,contact_307@example.com,2024-07-13,
sub_53466,Company_379,contact_379@example.com,2023-09-18,
sub_53467,Company_62,contact_62@example.com,2023-07-17,
sub_53468,Company_11,contact_11@example.com,2024-06-14,
sub_53469,Company_389,contact_389@example.com,2023-06-06,2023-10-14
sub_53470,Company_58,contact_58@example.com,2023-08-11,
sub_53471,Company_112,contact_112@example.com,2023-03-27,2024-04-22
sub_53473,Company_47,contact_47@example.com,2023-12-23,
sub_53474,Company_282,contact_282@example.com,2023-10-29,2024-07-14
sub_53475,Company_253,contact_253@example.com,2024-03-22,2024-12-29
sub_53476,Company_98,contact_98@example.com,2023-09-14,
sub_53477,Company_33,alt_33@example.com,2023-10-15,
sub_53478,Company_6,alt_6@example.com,2024-08-24,
sub_53479,Company_84,contact_84@example.com,2023-07-30,
sub_53480,Company_228,contact_228@example.com,2024-03-09,
sub_53481,Company_382,contact_382@example.com,2023-10-06,
sub_53482,Company_55,contact_55@example.com,2024-01-28,
sub_53483,Company_180,contact_180@example.com,2024-01-18,
sub_53484,Company_323,contact_323@example.com,2023-03-07,
sub_53485,Company_17,contact_17@example.com,2024-06-07,
sub_53486,Company_150,contact_150@example.com,2024-06-27,
sub_53487,Company_203,contact_203@example.com,2023-01-31,
sub_53488,Company_165,contact_165@example.com,2024-03-15,
sub_53489,Company_95,contact_95@example.com,2024-01-02,
sub_53490,Company_336,contact_336@example.com,2024-01-16,
sub_53491,Company_160,contact_160@example.com,2023-05-06,
sub_53492,Company_5,contact_5@example.com,2023-12-03,
sub_53493,Company_7,alt_7@example.com,2023-11-26,
sub_53494,Company_119,contact_119@example.com,2024-07-29,
sub_53495,Company_308,contact_308@example.com,2023-08-06,
sub_53496,Company_287,contact_287@example.com,2023-10-12,2024-11-01
sub_53497,Company_13,alt_13@example.com,2023-03-18,2024-01-25
sub_53498,Company_215,contact_215@example.com,2024-03-21,2024-09-19
sub_53499,Company_101,contact_101@example.com,2023-07-21,2023-09-04
sub_53500,Company_255,contact_255@example.com,2023-02-17,
sub_53501,Company_63,contact_63@example.com,2024-04-08,2024-07-24
sub_53502,Company_302,contact_302@example.com,2024-01-28,
sub_53504,Company_294,contact_294@example.com,2023-01-05,
sub_53505,Company_67,contact_67@example.com,2024-02-17,2024-03-26
sub_53506,Company_270,contact_270@example.com,2023-02-10,2023-08-21
sub_53507,Company_35,contact_35@example.com,2024-04-26,2024-07-03
sub_53508,Company_212,contact_212@example.com,2023-11-05,
sub_53509,Company_177,contact_177@example.com,2024-02-14,
sub_53510,Company_160,contact_160@example.com,2024-05-20,
sub_53511,Company_24,contact_24@example.com,2024-02-07,2024-07-28
sub_53512,Company_232,contact_232@example.com,2024-05-20,
sub_53513,Company_328,contact_328@example.com,2023-05-05,
sub_53514,Company_316,contact_316@example.com,2023-04-16,
sub_53515,Company_22,alt_22@example.com,2023-01-11,
sub_53516,Company_165,contact_165@example.com,2024-03-22,
sub_53517,Company_97,contact_97@example.com,2024-01-13,
sub_53518,Company_275,contact_275@example.com,2023-01-06,2024-05-18
sub_53519,Company_26,contact_26@example.com,2023-09-23,
sub_53520,Company_1,alt_1@example.com,2023-02-14,
sub_53521,Company_155,contact_155@example.com,2023-03-18,
sub_53522,Company_313,contact_313@example.com,2024-01-24,2024-06-30
sub_53523,Company_70,contact_70@example.com,2024-08-20,
sub_53524,Company_61,contact_61@example.com,2023-05-10,2023-11-09
sub_53525,Company_385,contact_385@example.com,2024-08-21,
sub_53526,Company_35,alt_35@example.com,2024-02-28,
sub_53527,Company_228,contact_228@example.com,2023-05-06,
sub_53528,Company_295,contact_295@example.com,2024-05-04,
sub_53529,Company_250,contact_250@example.com,2023-10-15,2024-04-16
sub_53530,Company_247,contact_247@example.com,2023-08-20,
sub_53531,Company_151,contact_151@example.com,2023-03-26,
sub_53532,Company_124,contact_124@example.com,2023-07-30,
sub_53533,Company_253,contact_253@example.com,2023-03-03,
sub_53535,Company_197,contact_197@example.com,2023-07-12,
sub_53536,Company_106,contact_106@example.com,2024-08-27,
sub_53537,Company_270,contact_270@example.com,2024-06-10,
sub_53538,Company_160,contact_160@example.com,2023-11-16,
sub_53539,Company_78,contact_78@example.com,2024-05-31,2024-08-13
sub_53540,Company_112,contact_112@example.com,2024-01-08,2024-08-12
sub_53541,Company_317,contact_317@example.com,2024-06-09,2024-10-10
sub_53542,Company_96,contact_96@example.com,2023-03-12,
sub_53543,Company_351,contact_351@example.com,2023-11-11,
sub_53544,Company_295,contact_295@example.com,2023-04-15,
sub_53545,Company_54,contact_54@example.com,2023-04-23,
sub_53546,Company_235,contact_235@example.com,2023-07-11,
sub_53547,Company_338,contact_338@example.com,2024-06-27,
sub_53548,Company_180,contact_180@example.com,2023-09-29,2023-12-18
sub_53549,Company_43,contact_43@example.com,2023-12-29,
sub_53550,Company_203,contact_203@example.com,2024-05-29,
sub_53551,Company_260,contact_260@example.com,2023-12-08,
sub_53552,Company_189,contact_189@example.com,2023-04-11,2023-05-26
sub_53553,Company_374,contact_374@example.com,2024-03-08,
sub_53554,Company_206,contact_206@example.com,2023-06-30,
sub_53555,Company_311,contact_311@example.com,2024-05-20,
sub_53556,Company_221,contact_221@example.com,2023-04-22,
sub_53557,Company_127,contact_127@example.com,2023-04-24,
sub_53558,Company_18,contact_18@example.com,2024-08-12,
sub_53559,Company_122,contact_122@example.com,2023-03-09,
sub_53560,Company_115,contact_115@example.com,2024-02-19,
sub_53561,Company_112,contact_112@example.com,2023-10-02,
sub_53562,Company_2,alt_2@example.com,2023-07-28,2024-02-10
sub_53563,Company_361,contact_361@example.com,2024-09-02,
sub_53564,Company_375,contact_375@example.com,2023-01-04,
sub_53566,Company_156,contact_156@example.com,2023-09-02,
sub_53567,Company_35,contact_35@example.com,2023-06-20,
sub_53568,Company_233,contact_233@example.com,2023-05-26,2023-06-21
sub_53569,Company_219,contact_219@example.com,2023-12-09,
sub_53570,Company_135,contact_135@example.com,2023-03-20,2023-07-05
sub_53571,Company_36,alt_36@example.com,2023-01-10,
sub_53572,Company_242,contact_242@example.com,2024-08-20,
sub_53573,Company_126,contact_126@example.com,2024-04-28,
sub_53574,Company_8,contact_8@example.com,2024-08-03,
sub_53575,Company_148,contact_148@example.com,2023-08-22,
sub_53576,Company_386,contact_386@example.com,2023-05-31,
sub_53577,Company_155,contact_155@example.com,2023-12-10,
sub_53578,Company_179,contact_179@example.com,2024-07-12,2024-12-10
sub_53579,Company_129,contact_129@example.com,2024-01-09,
sub_53580,Company_180,contact_180@example.com,2023-11-05,
sub_53581,Company_265,contact_265@example.com,2024-09-02,
sub_53582,Company_57,contact_57@example.com,2023-10-04,
sub_53583,Company_327,contact_327@example.com,2023-01-22,2023-04-27
sub_53584,Company_38,alt_38@example.com,2023-08-14,2024-08-05
sub_53585,Company_182,contact_182@example.com,2024-05-24,
sub_53586,Company_379,contact_379@example.com,2024-03-17,
sub_53587,Company_45,contact_45@example.com,2023-07-18,2024-11-20
sub_53588,Company_327,contact_327@example.com,2023-04-21,2023-09-28
sub_53589,Company_347,contact_347@example.com,2024-07-11,
sub_53590,Company_230,contact_230@example.com,2024-06-23,
sub_53591,Company_347,contact_347@example.com,2023-12-24,
sub_53592,Company_169,contact_169@example.com,2024-02-05,
sub_53593,Company_141,contact_141@example.com,2023-11-13,
sub_53594,Company_266,contact_266@example.com,2023-12-18,
sub_53595,Company_313,contact_313@example.com,2023-05-06,2024-01-02
sub_53597,Company_4,contact_4@example.com,2024-05-25,
sub_53598,Company_350,contact_350@example.com,2023-05-31,2024-02-13
sub_53599,Company_267,contact_267@example.com,2023-10-24,
sub_53600,Company_83,contact_83@example.com,2023-11-07,
sub_53601,Company_9,alt_9@example.com,2023-10-29,
sub_53602,Company_111,contact_111@example.com,2023-10-17,
sub_53603,Company_27,contact_27@example.com,2024-05-15,
sub_53604,Company_180,contact_180@example.com,2023-01-01,
sub_53605,Company_179,contact_179@example.com,2023-10-18,2024-12-13
sub_53606,Company_340,contact_340@example.com,2024-07-28,2024-11-04
sub_53607,Company_365,contact_365@example.com,2023-10-05,2024-01-06
sub_53608,Company_100,contact_100@example.com,2024-03-18,
sub_53609,Company_41,contact_41@example.com,2023-10-25,
sub_53610,Company_181,contact_181@example.com,2023-09-12,2024-11-20
sub_53611,Company_197,contact_197@example.com,2024-03-08,2024-10-18
sub_53612,Company_50,contact_50@example.com,2023-09-25,
sub_53613,Company_154,contact_154@example.com,2024-09-03,
sub_53614,Company_88,contact_88@example.com,2024-07-31,
sub_53615,Company_347,contact_347@example.com,2023-11-27,
sub_53616,Company_296,contact_296@example.com,2023-05-23,2024-05-26
sub_53617,Company_128,contact_128@example.com,2023-05-19,
sub_53618,Company_154,contact_154@example.com,2023-11-09,
sub_53619,Company_321,contact_321@example.com,2024-04-17,
sub_53620,Company_93,contact_93@example.com,2024-01-20,
sub_53621,Company_26,alt_26@example.com,2024-03-23,
sub_53622,Company_226,contact_226@example.com,2023-11-17,2024-08-20
sub_53623,Company_364,contact_364@example.com,2024-01-02,
sub_53624,Company_238,contact_238@example.com,2024-03-06,
sub_53625,Company_286,contact_286@example.com,2023-01-28,
sub_53626,Company_386,contact_386@example.com,2023-05-24,2024-04-22
sub_53628,Company_65,contact_65@example.com,2024-07-10,
sub_53629,Company_289,contact_289@example.com,2023-10-28,2023-12-14
sub_53630,Company_201,contact_201@example.com,2023-05-09,2023-12-21
sub_53631,Company_236,contact_236@example.com,2024-06-14,
sub_53632,Company_29,alt_29@example.com,2023-02-25,
sub_53633,Company_24,alt_24@example.com,2023-04-20,
sub_53634,Company_20,alt_20@example.com,2023-10-25,
sub_53635,Company_169,contact_169@example.com,2023-03-04,2023-05-25
sub_53636,Company_345,contact_345@example.com,2024-06-07,
sub_53637,Company_367,contact_367@example.com,2023-02-24,
sub_53638,Company_73,contact_73@example.com,2024-07-29,
sub_53639,Company_253,contact_253@example.com,2023-05-20,2023-10-01
sub_53640,Company_327,contact_327@example.com,2023-06-08,2023-11-29
sub_53641,Company_368,contact_368@example.com,2023-01-07,
sub_53642,Company_352,contact_352@example.com,2023-07-25,
sub_53643,Company_78,contact_78@example.com,2023-05-04,
sub_53644,Company_104,contact_104@example.com,2023-04-17,
sub_53645,Company_258,contact_258@example.com,2024-03-30,
sub_53646,Company_62,contact_62@example.com,2023-11-04,
sub_53647,Company_94,contact_94@example.com,2023-08-29,2024-11-21
sub_53648,Company_133,contact_133@example.com,2024-03-25,
sub_53649,Company_336,contact_336@example.com,2023-05-07,
sub_53650,Company_11,contact_11@example.com,2023-07-09,2023-10-09
sub_53651,Company_336,contact_336@example.com,2023-09-04,
sub_53652,Company_358,contact_358@example.com,2024-07-13,
sub_53653,Company_148,contact_148@example.com,2023-10-24,
sub_53654,Company_301,contact_301@example.com,2024-05-19,2024-12-13
sub_53655,Company_200,contact_200@example.com,2024-01-31,
sub_53656,Company_9,alt_9@example.com,2023-04-20,
sub_53657,Company_217,contact_217@example.com,2023-06-01,
sub_53659,Company_5,contact_5@example.com,2024-08-17,
sub_53660,Company_17,contact_17@example.com,2024-03-31,2024-05-11
sub_53661,Company_181,contact_181@example.com,2023-05-23,2024-02-06
sub_53662,Company_234,contact_234@example.com,2023-10-11,2023-11-04
sub_53663,Company_183,contact_183@example.com,2024-05-27,
sub_53664,Company_257,contact_257@example.com,2023-08-04,2024-02-18
sub_53665,Company_268,contact_268@example.com,2024-02-04,
sub_53666,Company_335,contact_335@example.com,2023-06-05,2023-12-22
sub_53667,Company_288,contact_288@example.com,2023-12-14,2024-08-25
sub_53668,Company_2,alt_2@example.com,2023-05-24,2023-11-02
sub_53669,Company_337,contact_337@example.com,2023-11-07,
sub_53670,Company_201,contact_201@example.com,2023-03-11,2024-07-12
sub_53671,Company_247,contact_247@example.com,2024-01-21,2024-10-08
sub_53672,Company_92,contact_92@example.com,2024-08-12,
sub_53673,Company_259,contact_259@example.com,2024-06-22,
sub_53674,Company_165,contact_165@example.com,2024-08-25,
sub_53675,Company_178,contact_178@example.com,2024-08-21,
sub_53676,Company_24,alt_24@example.com,2024-02-18,
sub_53677,Company_36,alt_36@example.com,2023-06-12,
sub_53678,Company_54,contact_54@example.com,2024-05-26,
sub_53679,Company_347,contact_347@example.com,2024-05-02,2024-11-03
sub_53680,Company_395,contact_395@example.com,2023-08-31,2023-11-12
sub_53681,Company_89,contact_89@example.com,2024-01-29,
sub_53682,Company_215,contact_215@example.com,2023-03-07,2023-04-27
sub_53683,Company_58,contact_58@example.com,2023-02-08,2024-05-06
sub_53684,Company_226,contact_226@example.com,2024-01-19,2024-12-14
sub_53685,Company_15,contact_15@example.com,2023-06-28,
sub_53686,Company_230,contact_230@example.com,2024-01-22,2024-04-19
sub_53687,Company_293,contact_293@example.com,2024-07-23,
sub_53688,Company_251,contact_251@example.com,2024-03-24,
sub_53690,Company_222,contact_222@example.com,2024-06-25,
sub_53691,Company_4,alt_4@example.com,2023-07-16,
sub_53692,Company_322,contact_322@example.com,2023-04-09,
sub_53693,Company_71,contact_71@example.com,2023-01-06,2023-07-29
sub_53694,Company_290,contact_290@example.com,2024-07-13,
sub_53695,Company_36,contact_36@example.com,2023-12-15,2024-04-07
sub_53696,Company_372,contact_372@example.com,2024-06-24,
sub_53697,Company_97,contact_97@example.com,2023-08-01,2024-06-08
sub_53698,Company_256,contact_256@example.com,2023-12-27,2024-07-16
sub_53699,Company_286,contact_286@example.com,2023-05-22,
sub_53700,Company_218,contact_218@example.com,2024-01-21,
sub_53701,Company_36,contact_36@example.com,2024-08-05,
sub_53702,Company_264,contact_264@example.com,2023-11-02,
sub_53703,Company_118,contact_118@example.com,2023-02-22,
sub_53704,Company_11,contact_11@example.com,2023-08-18,2024-10-31
sub_53705,Company_24,alt_24@example.com,2023-09-15,2024-04-21
sub_53706,Company_34,contact_34@example.com,2023-06-11,
sub_53707,Company_294,contact_294@example.com,2023-09-05,
sub_53708,Company_312,contact_312@example.com,2024-05-27,
sub_53709,Company_29,contact_29@example.com,2024-07-13,
sub_53710,Company_56,contact_56@example.com,2024-08-19,
sub_53711,Company_134,contact_134@example.com,2023-01-31,
sub_53712,Company_133,contact_133@example.com,2023-07-25,2024-02-01
sub_53713,Company_30,contact_30@example.com,2023-05-23,
sub_53714,Company_375,contact_375@example.com,2023-12-04,
sub_53715,Company_387,contact_387@example.com,2023-03-05,
sub_53716,Company_12,alt_12@example.com,2024-07-31,
sub_53717,Company_312,contact_312@example.com,2023-02-06,2023-08-22
sub_53718,Company_213,contact_213@example.com,2023-03-24,
sub_53719,Company_66,contact_66@example.com,2023-10-05,
sub_53721,Company_115,contact_115@example.com,2023-12-25,
sub_53722,Company_0,alt_0@example.com,2023-08-22,2023-09-21
sub_53723,Company_13,contact_13@example.com,2023-07-20,2024-05-08
sub_53724,Company_194,contact_194@example.com,2023-01-19,
sub_53725,Company_198,contact_198@example.com,2024-01-22,
sub_53726,Company_64,contact_64@example.com,2024-03-16,
sub_53727,Company_218,contact_218@example.com,2024-07-16,
sub_53728,Company_60,contact_60@example.com,2024-01-12,
sub_53729,Company_223,contact_223@example.com,2023-03-01,
sub_53730,Company_301,contact_301@example.com,2023-01-11,
sub_53731,Company_385,contact_385@example.com,2024-07-03,
sub_53732,Company_23,contact_23@example.com,2023-01-16,2024-04-27
sub_53733,Company_16,alt_16@example.com,2023-02-28,
sub_53734,Company_224,contact_224@example.com,2023-07-04,
sub_53735,Company_179,contact_179@example.com,2023-09-08,
sub_53736,Company_203,contact_203@example.com,2024-05-05,
sub_53737,Company_62,contact_62@example.com,2023-03-20,
sub_53738,Company_278,contact_278@example.com,2023-07-30,2024-04-28
sub_53739,Company_16,alt_16@example.com,2024-01-01,
sub_53740,Company_39,alt_39@example.com,2023-08-14,2024-04-17
sub_53741,Company_187,contact_187@example.com,2024-07-18,
sub_53742,Company_334,contact_334@example.com,2023-09-08,2024-06-23
sub_53743,Company_163,contact_163@example.com,2024-07-08,
sub_53744,Company_53,contact_53@example.com,2023-02-25,2023-09-10
sub_53745,Company_361,contact_361@example.com,2024-05-12,
sub_53746,Company_70,contact_70@example.com,2024-06-17,
sub_53747,Company_283,contact_283@example.com,2023-08-04,
sub_53748,Company_17,alt_17@example.com,2023-05-26,2023-07-03
sub_53749,Company_357,contact_357@example.com,2024-03-26,
sub_53750,Company_391,contact_391@example.com,2024-04-09,
sub_53752,Company_196,contact_196@example.com,2023-11-04,
sub_53753,Company_43,contact_43@example.com,2023-03-03,2023-08-12
sub_53754,Company_196,contact_196@example.com,2024-05-22,2024-06-20
sub_53755,Company_196,contact_196@example.com,2024-03-30,
sub_53756,Company_194,contact_194@example.com,2023-07-08,
sub_53757,Company_26,contact_26@example.com,2023-11-09,
sub_53758,Company_178,contact_178@example.com,2023-01-27,2024-05-26
sub_53759,Company_172,contact_172@example.com,2023-09-26,2024-12-03
sub_53760,Company_110,contact_110@example.com,2023-01-29,2023-08-11
sub_53761,Company_318,contact_318@example.com,2024-03-20,
sub_53762,Company_218,contact_218@example.com,2023-02-28,
sub_53763,Company_198,contact_198@example.com,2023-10-22,
sub_53764,Company_273,contact_273@example.com,2024-04-19,
sub_53765,Company_290,contact_290@example.com,2024-06-15,
sub_53766,Company_195,contact_195@example.com,2024-04-23,
sub_53767,Company_121,contact_121@example.com,2023-05-16,
sub_53768,Company_9,alt_9@example.com,2023-10-08,2023-12-10
sub_53769,Company_394,contact_394@example.com,2024-07-09,
sub_53770,Company_202,contact_202@example.com,2023-02-09,
sub_53771,Company_137,contact_137@example.com,2023-09-14,2024-11-07
sub_53772,Company_395,contact_395@example.com,2023-01-13,
sub_53773,Company_338,contact_338@example.com,2023-11-25,
sub_53774,Company_135,contact_135@example.com,2023-07-03,
sub_53775,Company_225,contact_225@example.com,2023-01-10,
sub_53776,Company_183,contact_183@example.com,2024-05-06,
sub_53777,Company_32,alt_32@example.com,2024-07-23,
sub_53778,Company_296,contact_296@example.com,2023-03-23,2023-08-31
sub_53779,Company_282,contact_282@example.com,2023-11-18,
sub_53780,Company_132,contact_132@example.com,2023-10-10,2024-03-10
sub_53781,Company_65,contact_65@example.com,2023-08-21,
sub_53783,Company_19,contact_19@example.com,2023-07-08,
sub_53784,Company_225,contact_225@example.com,2024-08-16,
sub_53785,Company_21,contact_21@example.com,2024-07-20,
sub_53786,Company_116,contact_116@example.com,2023-03-04,2024-03-23
sub_53787,Company_131,contact_131@example.com,2023-01-17,2024-01-19
sub_53788,Company_34,alt_34@example.com,2023-12-28,2024-10-19
sub_53789,Company_307,contact_307@example.com,2023-08-29,
sub_53790,Company_259,contact_259@example.com,2024-03-30,
sub_53791,Company_121,contact_121@example.com,2023-07-28,
sub_53792,Company_24,alt_24@example.com,2024-03-01,2024-04-26
sub_53793,Company_144,contact_144@example.com,2023-05-27,
sub_53794,Company_3,alt_3@example.com,2024-01-04,2024-07-13
sub_53795,Company_333,contact_333@example.com,2024-01-19,2024-10-05
sub_53796,Company_150,contact_150@example.com,2023-02-01,
sub_53797,Company_148,contact_148@example.com,2023-06-03,
sub_53798,Company_54,contact_54@example.com,2023-08-05,
sub_53799,Company_366,contact_366@example.com,2024-06-04,
sub_53800,Company_297,contact_297@example.com,2023-12-19,
sub_53801,Company_298,contact_298@example.com,2023-02-03,2024-01-25
sub_53802,Company_195,contact_195@example.com,2023-03-22,2023-05-20
sub_53803,Company_114,contact_114@example.com,2024-08-01,
sub_53804,Company_294,contact_294@example.com,2024-07-15,
sub_53805,Company_214,contact_214@example.com,2024-07-05,
sub_53806,Company_62,contact_62@example.com,2024-06-24,
sub_53807,Company_26,contact_26@example.com,2024-04-28,
sub_53808,Company_268,contact_268@example.com,2024-06-16,
sub_53809,Company_162,contact_162@example.com,2023-10-03,2024-01-30
sub_53810,Company_150,contact_150@example.com,2023-09-07,
sub_53811,Company_393,contact_393@example.com,2024-01-06,
sub_53812,Company_383,contact_383@example.com,2023-04-29,
sub_53814,Company_286,contact_286@example.com,2024-06-01,2024-07-30
sub_53815,Company_334,contact_334@example.com,2024-05-10,
sub_53816,Company_117,contact_117@example.com,2024-04-04,
sub_53817,Company_214,contact_214@example.com,2023-08-24,2024-06-30
sub_53818,Company_64,contact_64@example.com,2024-07-04,2024-11-26
sub_53819,Company_208,contact_208@example.com,2024-08-21,
sub_53820,Company_70,contact_70@example.com,2023-09-24,
sub_53821,Company_160,contact_160@example.com,2023-05-01,
sub_53822,Company_258,contact_258@example.com,2023-06-01,
sub_53823,Company_395,contact_395@example.com,2023-07-22,
sub_53824,Company_232,contact_232@example.com,2023-01-16,
sub_53825,Company_134,contact_134@example.com,2024-07-21,
sub_53826,Company_240,contact_240@example.com,2023-04-14,2023-07-07
sub_53827,Company_26,alt_26@example.com,2024-03-17,2024-04-18
sub_53828,Company_37,contact_37@example.com,2023-05-16,2024-02-23
sub_53829,Company_198,contact_198@example.com,2024-03-08,
sub_53830,Company_356,contact_356@example.com,2024-07-24,2024-12-14
sub_53831,Company_60,contact_60@example.com,2023-12-11,
sub_53832,Company_22,alt_22@example.com,2023-12-11,2024-10-28
sub_53833,Company_55,contact_55@example.com,2023-02-16,2023-04-14
sub_53834,Company_181,contact_181@example.com,2024-04-04,
sub_53835,Company_209,contact_209@example.com,2024-04-05,
sub_53836,Company_27,alt_27@example.com,2024-03-22,2024-09-06
sub_53837,Company_358,contact_358@example.com,2023-05-18,
sub_53838,Company_392,contact_392@example.com,2024-08-26,
sub_53839,Company_19,alt_19@example.com,2024-06-05,
sub_53840,Company_3,contact_3@example.com,2024-08-30,
sub_53841,Company_189,contact_189@example.com,2024-04-09,
sub_53842,Company_90,contact_90@example.com,2024-06-04,
sub_53843,Company_301,contact_301@example.com,2023-10-14,
sub_53845,Company_265,contact_265@example.com,2024-06-21,
sub_53846,Company_260,contact_260@example.com,2024-03-12,
sub_53847,Company_163,contact_163@example.com,2023-07-02,
sub_53848,Company_376,contact_376@example.com,2023-08-04,
sub_53849,Company_294,contact_294@example.com,2023-11-18,
sub_53850,Company_84,contact_84@example.com,2023-05-02,
sub_53851,Company_224,contact_224@example.com,2023-08-18,
sub_53852,Company_132,contact_132@example.com,2023-04-19,
sub_53853,Company_142,contact_142@example.com,2023-05-25,
sub_53854,Company_29,alt_29@example.com,2024-06-04,
sub_53855,Company_86,contact_86@example.com,2023-01-29,2023-12-21
sub_53856,Company_276,contact_276@example.com,2024-07-04,
sub_53857,Company_99,contact_99@example.com,2023-01-07,2023-10-04
sub_53858,Company_13,contact_13@example.com,2024-01-14,
sub_53859,Company_292,contact_292@example.com,2024-03-12,
sub_53860,Company_227,contact_227@example.com,2024-06-17,2024-09-09
sub_53861,Company_151,contact_151@example.com,2023-04-23,2024-05-13
sub_53862,Company_32,alt_32@example.com,2023-05-03,2024-01-05
sub_53863,Company_252,contact_252@example.com,2023-09-27,2023-11-30
sub_53864,Company_142,contact_142@example.com,2023-04-30,2023-11-17
sub_53865,Company_381,contact_381@example.com,2023-08-16,
sub_53866,Company_80,contact_80@example.com,2024-06-03,
sub_53867,Company_322,contact_322@example.com,2024-06-09,
sub_53868,Company_397,contact_397@example.com,2023-03-17,2024-04-01
sub_53869,Company_19,contact_19@example.com,2024-03-19,2024-05-29
sub_53870,Company_6,alt_6@example.com,2024-06-17,
sub_53871,Company_285,contact_285@example.com,2023-02-06,2024-01-16
sub_53872,Company_125,contact_125@example.com,2023-05-21,
sub_53873,Company_112,contact_112@example.com,2023-07-20,
sub_53874,Company_248,contact_248@example.com,2023-07-11,
sub_53876,Company_264,contact_264@example.com,2023-08-08,
sub_53877,Company_251,contact_251@example.com,2024-07-25,
sub_53878,Company_106,contact_106@example.com,2023-07-02,
sub_53879,Company_134,contact_134@example.com,2024-01-25,
sub_53880,Company_298,contact_298@example.com,2023-08-29,
sub_53881,Company_271,contact_271@example.com,2023-07-04,
sub_53882,Company_118,contact_118@example.com,2023-10-27,
sub_53883,Company_7,alt_7@example.com,2024-02-06,
sub_53884,Company_246,contact_246@example.com,2023-10-30,
sub_53885,Company_386,contact_386@example.com,2023-10-22,2024-06-12
sub_53886,Company_166,contact_166@example.com,2023-09-11,
sub_53887,Company_90,contact_90@example.com,2024-04-20,2024-10-20
sub_53888,Company_177,contact_177@example.com,2024-02-12,
sub_53889,Company_65,contact_65@example.com,2024-05-10,
sub_53890,Company_12,alt_12@example.com,2024-05-15,
sub_53891,Company_210,contact_210@example.com,2023-08-29,
sub_53892,Company_259,contact_259@example.com,2023-08-09,2024-11-26
sub_53893,Company_209,contact_209@example.com,2023-03-04,2024-01-05
sub_53894,Company_133,contact_133@example.com,2023-11-22,
sub_53895,Company_226,contact_226@example.com,2024-03-11,
sub_53896,Company_27,contact_27@example.com,2023-10-02,2024-06-26
sub_53897,Company_173,contact_173@example.com,2023-02-16,
sub_53898,Company_113,contact_113@example.com,2024-08-09,
sub_53899,Company_85,contact_85@example.com,2024-07-02,2024-11-04
sub_53900,Company_56,contact_56@example.com,2023-12-04,2024-02-28
sub_53901,Company_10,contact_10@example.com,2023-01-22,
sub_53902,Company_399,contact_399@example.com,2023-12-08,
sub_53903,Company_180,contact_180@example.com,2024-07-20,2024-09-10
sub_53904,Company_265,contact_265@example.com,2023-08-04,
sub_53905,Company_80,contact_80@example.com,2024-07-02,
sub_53907,Company_191,contact_191@example.com,2023-12-06,
sub_53908,Company_375,contact_375@example.com,2023-09-12,
sub_53909,Company_10,contact_10@example.com,2024-06-23,
sub_53910,Company_5,alt_5@example.com,2024-05-11,
sub_53911,Company_154,contact_154@example.com,2023-01-25,2023-06-11
sub_53912,Company_352,contact_352@example.com,2023-09-11,
sub_53913,Company_63,contact_63@example.com,2024-01-22,
sub_53914,Company_205,contact_205@example.com,2023-05-15,2024-07-26
sub_53915,Company_138,contact_138@example.com,2023-03-28,
sub_53916,Company_369,contact_369@example.com,2024-03-01,
sub_53917,Company_25,alt_25@example.com,2024-07-08,
sub_53918,Company_77,contact_77@example.com,2023-04-08,
sub_53919,Company_200,contact_200@example.com,2023-07-18,2024-10-05
sub_53920,Company_159,contact_159@example.com,2023-11-28,
sub_53921,Company_11,contact_11@example.com,2023-11-06,
sub_53922,Company_51,contact_51@example.com,2023-09-28,
sub_53923,Company_192,contact_192@example.com,2023-10-26,
sub_53924,Company_208,contact_208@example.com,2024-07-28,
sub_53925,Company_247,contact_247@example.com,2023-10-19,
sub_53926,Company_359,contact_359@example.com,2024-06-30,
sub_53927,Company_125,contact_125@example.com,2024-01-27,2024-02-24
sub_53928,Company_372,contact_372@example.com,2024-02-08,2024-09-05
sub_53929,Company_365,contact_365@example.com,2023-04-21,
sub_53930,Company_12,contact_12@example.com,2024-02-11,
sub_53931,Company_118,contact_118@example.com,2024-04-02,
sub_53932,Company_55,contact_55@example.com,2023-11-15,
sub_53933,Company_322,contact_322@example.com,2023-03-27,
sub_53934,Company_106,contact_106@example.com,2024-05-16,
sub_53935,Company_127,contact_127@example.com,2023-03-27,
sub_53936,Company_29,alt_29@example.com,2024-04-29,
sub_53938,Company_119,contact_119@example.com,2023-03-02,
sub_53939,Company_210,contact_210@example.com,2023-11-15,
sub_53940,Company_77,contact_77@example.com,2023-02-07,2023-08-10
sub_53941,Company_306,contact_306@example.com,2024-02-21,
sub_53942,Company_2,contact_2@example.com,2023-10-02,
sub_53943,Company_287,contact_287@example.com,2024-05-15,
sub_53944,Company_255,contact_255@example.com,2023-11-17,
sub_53945,Company_236,contact_236@example.com,2024-05-09,
sub_53946,Company_284,contact_284@example.com,2023-03-25,
sub_53947,Company_358,contact_358@example.com,2023-03-21,
sub_53948,Company_6,contact_6@example.com,2023-06-15,2024-03-27
sub_53949,Company_85,contact_85@example.com,2023-07-22,2024-03-22
sub_53950,Company_58,contact_58@example.com,2023-02-09,
sub_53951,Company_87,contact_87@example.com,2024-06-21,
sub_53952,Company_71,contact_71@example.com,2024-07-14,
sub_53953,Company_204,contact_204@example.com,2023-01-10,
sub_53954,Company_150,contact_150@example.com,2023-10-05,
sub_53955,Company_190,contact_190@example.com,2024-07-31,
sub_53956,Company_84,contact_84@example.com,2023-05-25,
sub_53957,Company_104,contact_104@example.com,2024-01-16,2024-10-27
sub_53958,Company_241,contact_241@example.com,2024-04-18,2024-08-23
sub_53959,Company_382,contact_382@example.com,2023-05-19,
sub_53960,Company_24,alt_24@example.com,2024-04-30,
sub_53961,Company_91,contact_91@example.com,2023-06-03,
sub_53962,Company_2,contact_2@example.com,2023-11-16,
sub_53963,Company_355,contact_355@example.com,2023-04-07,
sub_53964,Company_48,contact_48@example.com,2023-03-04,
sub_53965,Company_80,contact_80@example.com,2023-03-10,2023-09-25
sub_53966,Company_115,contact_115@example.com,2023-12-20,
sub_53967,Company_98,contact_98@example.com,2023-10-09,2024-03-22
sub_53969,Company_156,contact_156@example.com,2024-01-12,2024-12-16
sub_53970,Company_130,contact_130@example.com,2024-07-28,
sub_53971,Company_328,contact_328@example.com,2023-07-27,
sub_53972,Company_52,contact_52@example.com,2023-08-10,
sub_53973,Company_288,contact_288@example.com,2023-04-15,2023-07-08
sub_53974,Company_300,contact_300@example.com,2024-01-28,
sub_53975,Company_36,alt_36@example.com,2024-08-29,
sub_53976,Company_141,contact_141@example.com,2024-04-29,
sub_53977,Company_1,alt_1@example.com,2023-08-26,
sub_53978,Company_11,alt_11@example.com,2023-05-31,
sub_53979,Company_0,contact_0@example.com,2023-11-28,2024-01-26
sub_53980,Company_26,contact_26@example.com,2023-05-21,2024-02-26
sub_53981,Company_217,contact_217@example.com,2024-04-28,
sub_53982,Company_389,contact_389@example.com,2023-05-01,
sub_53983,Company_193,contact_193@example.com,2024-01-30,
sub_53984,Company_242,contact_242@example.com,2023-12-30,2024-06-26
sub_53985,Company_162,contact_162@example.com,2024-06-27,2024-08-26
sub_53986,Company_31,alt_31@example.com,2023-08-08,2023-11-21
sub_53987,Company_26,alt_26@example.com,2023-10-12,
sub_53988,Company_223,contact_223@example.com,2024-07-27,
sub_53989,Company_250,contact_250@example.com,2023-09-14,
sub_53990,Company_222,contact_222@example.com,2023-12-23,
sub_53991,Company_187,contact_187@example.com,2024-04-22,
sub_53992,Company_343,contact_343@example.com,2023-12-21,
sub_53993,Company_217,contact_217@example.com,2023-08-07,
sub_53994,Company_97,contact_97@example.com,2024-01-27,
sub_53995,Company_382,contact_382@example.com,2023-01-11,
sub_53996,Company_269,contact_269@example.com,2023-07-19,
sub_53997,Company_168,contact_168@example.com,2023-04-07,
sub_53998,Company_129,contact_129@example.com,2024-05-29,
